CÓDIGO MRV;Código Krona;Código Tigre;Código Amanco;Descrição Curta;Descrição Longa;UMP;Embalagem Padrão;PR;SC;RS;MT;MS;GO;DF
1050433;;;;"FLANGE PVC RIG PRED;LI;S/FUROS;110MM";"FLANGE PVC RIGIDO PREDIAL;CONSTRUCAO APERTO:LISO;FURACAO:S/FUROS;APLICACAO:AGUA FRIA;DIAMETRO/ROSCA:110MM;CONEXAO:SOLDAVEL;FABRICANTE/REFERENCIA:TIGRE/2 4371034";UN;;#N/D;#N/D;#N/D;#N/D;#N/D;#N/D;#N/D
1050756;505;35288376;11844;"TE RED PVC RIG PRED;90GR;25MMX3/4BSP";"TE REDUCAO PVC RIGIDO PREDIAL;ANGULO:90GR;APLICACAO:AGUA FRIA;CONEXAO:SOLDAVEL/ROSCAVEL;DIAMETRO/ROSCA:25MMX3/4BSP;BUCHA LATAO:BUCHA LATAO;FABRICANTE/REFERENCIA:AMANCO/10423;AMANCO/11844;TIGRE/35288376";UN;;4,344;4,344;4,344;4,344;4,344;4,168;4,168
1100848;288;20151889;11759;"NIPLE PVC RIG PRED;AG FR;3/4BSP";"NIPLE PVC RIGIDO PREDIAL;APLICACAO:AGUA FRIA;DIAMETRO/ROSCA:3/4BSP;DADOS  EXTRAS:COR:BRANCO;NORMA:NBR 5648;ROSCAVEL";UN;;0,845;0,845;0,845;0,845;0,845;0,845;0,845
1101027;671;37050504;90112;"ANEL P/TUBO;BORRACHA;50MM";"ANEL P/TUBO;MATERIAL:BORRACHA;DIAMETRO TUBO:50MM;DADOS EXTRAS:USO:PVC ESGOTO;SERIE NORMAL;NORMA:NBR 7362/5688/5647";UN;;0,587;0,587;0,587;0,587;0,587;0,584;0,584
1101028;672;37050750;90113;"ANEL P/TUBO;BORRACHA;75MM";"ANEL P/TUBO;MATERIAL:BORRACHA;DIAMETRO TUBO:75MM;DADOS EXTRAS:USO:PVC ESGOTO;SERIE NORMAL;NORMA:NBR 7362/5688/5647";UN;;0,806;0,806;0,806;0,806;0,806;0,792;0,792
1101032;673;37051004;90114;"ANEL P/TUBO;BORRACHA;100MM";"ANEL P/TUBO;MATERIAL:BORRACHA;DIAMETRO TUBO:100MM;DADOS EXTRAS:USO:PVC ESGOTO;SERIE NORMAL;NORMA:NBR 7362/5688";UN;;0,93;0,93;0,93;0,93;0,93;0,917;0,917
1101033;674;37051101;90115;ANEL BORRACHA ESG 150MM (NORMAL);ANEL DE BORRACHA PARA PVC ESGOTO 150MM (SERIE NORMAL) NBR 7362/5688;UN;;4,135;4,135;4,135;4,135;4,135;3,802;3,802
1101045;928;27150195;10116;"CORPO CX SIF;PVC;BR;S/;100X100X50MM";"CORPO CAIXA SIFONADA;MATERIAL:PVC;COR:BRANCO;REFORCO:S/;DIMENSOES:100X100X50MM;NUMER O ENTRADAS LATERAIS:C/3 ENT LATERAIS 50MM;DADOS EXTRAS:USO:ESGOTO;3 ENTRADAS;NORMA:NBR 7362/5688";UN;;10,171;10,171;10,171;10,171;10,171;6,915;6,915
1101046;930;27150217;11359;"CORPO CX SIF;PVC;BR;S/;100X150X50MM";"CORPO CAIXA SIFONADA;MATERIAL:PVC;COR:BRANCO;REFORCO:S/;DIMENSOES:100X150X50MM;NUMER O ENTRADAS LATERAIS:C/3 ENT LATERAIS 50MM;DADOS EXTRAS:USO:ESGOTO;NORMA:NBR 7362/5688";UN;;22,985;22,985;22,985;22,985;22,985;19,376;19,376
1101047;929;27150012;10118;"CORPO CX SIF;PVC;BR;S/;150X150X50MM";"CORPO CAIXA SIFONADA;MATERIAL:PVC;COR:BRANCO;REFORCO:S/;DIMENSOES:150X150X50MM;NUMER O ENTRADAS LATERAIS:C/3 ENT LATERAIS 50MM;DADOS EXTRAS:USO:ESGOTO;NORMA:NBR 7362/5688";UN;;25,02;25,02;25,02;25,02;25,02;16,202;16,202
1101052;918;27038450;20771;"CAIXA SIF MONT;PVC;BR;S/;150X170X75MM (150X185X75)";"CAIXA SIFONADA MONTADA;MATERIAL:PVC;COR:BRANCA;REFORCO:S/;DIMENSOES:150X170X75MM;GRELHA :C/GRELHA BRANCA QUADRADA;PORTA GRELHA:C/PORTA GRELHA BRANCA QUADRADA;NUMERO ENTRADAS LATERAIS:C/5 ENT LATERAIS 75MM;DADOS EXTRAS:GIRAFACIL;C/GRELHA;NORMAS:NBR 7362/5688";UN;;29,003;29,003;29,003;29,003;29,003;29,003;29,003
1101053;;28001002;11915;"CORPO;PVC;100X100X40MM;ESGOTO;CAIXA SECA";"CORPO;MATERIAL:PVC;DIMENSOES:100X100X40MM;SUBAPLICACAO:ESGOTO;APLICACAO: DA CAIXA SECA;DADOS EXTRAS:NORMAS:NBR 7362 /NBR 5688";UN;;#N/D;#N/D;#N/D;#N/D;#N/D;#N/D;#N/D
1101055;931;27289207;20499;"RALO PVC SIF;QUADR;BR;S/REFORC";"RALO PVC SIFONADO;FORMATO:QUADRADO;COR:BRANCO;REFORCO:S/ REFORCO;DIMENSOES:100X53X40MM;DADOS EXTRAS:NORMAS:NBR 7362/5688;C/GRELHA;USO:ESGOTO";UN;;8,264;8,264;8,264;8,264;8,264;7,536;7,536
1101056;;27279279;20516;"RALO PVC SIF;CIRC;BR;S/REFORC;QUADR";"RALO PVC SIFONADO;FORMATO:CIRCULAR;COR:BRANCO;REFORCO:S/ REFORCO;FORMATO  GRELHA:QUADRADA;DIMENSOES:100X84,50X40MM;SAIDA ARTICULADA:C/SAIDA ARTICULADA;DADOS EXTRAS:USO:ESGOTO;NORMAS:NBR 7362/5688";UN;;#N/D;#N/D;#N/D;#N/D;#N/D;#N/D;#N/D
1101059;324;54501900;99316;"FITA VED PTFE;18MM;25M";"FITA VEDACAO PTFE;LARGURA:18MM;COMPRIMENTO:25M;DADOS EXTRAS:NORMA:NBR 13124;VEDA ROSCA";UN;;3,127;3,127;3,127;3,127;3,127;3,069;3,069
1101060;325;54501951;99317;"FITA VED PTFE;18MM;50M";"FITA VEDACAO PTFE;LARGURA:18MM;COMPRIMENTO:50M;DADOS EXTRAS:NORMA:NBR 13124;VEDA ROSCA";UN;;5,398;5,398;5,398;5,398;5,398;5,306;5,306
1101073;938;27505040;11627;"GRELHA PVC RIG PRED;FIX;QUADR;150MM;BR";"GRELHA PVC RIGIDO PREDIAL;TIPO:FIXA;FORMATO:QUADRADA;DIMENSOES:150MM;COR:BRANCA;DADOS EXTRAS:P/ESGOTO;NORMA:NBR5688;FABRICANTE/REFERENCIA:AMANCO/11627";UN;;4,104;4,104;4,104;4,104;4,104;3,937;3,937
1101076;944;27611222;11773;"PORTA-GRELHA;PVC;BR;QUADR;100MM";"PORTA-GRELHA;MATERIAL:PVC;COR:BRANCO;FORMATO:QUADRADO;DIMENSOES:100MM;GR ELHA:P/GRELHA QUADRADA;DADOS EXTRAS:P/ESGOTO;NORMA:NBR 7362/5688;FABRICANTE/REFERENCIA:AMANCO/11773;TIGRE/27611222";UN;;2,744;2,744;2,744;2,744;2,744;2,744;2,744
1101078;950;27621007;11765;"PORTA-GRELHA;PVC;BR;CIRC;100MM";"PORTA-GRELHA;MATERIAL:PVC;COR:BRANCO;FORMATO:CIRCULAR;DIMENSOES:100MM;GR ELHA:P/GRELHA REDONDA;DADOS EXTRAS:USO:P/ESGOTO;NORMA: NBR 7362/5688.;FABRICANTE/REFERENCIA:AMANCO/11765;TIGRE/27621007";UN;;3,343;3,343;3,343;3,343;3,343;3,304;3,304
1101080;947;27591183;11769;"PORTA-GRELHA;PVC;BR;QUADR;150MM";"PORTA-GRELHA;MATERIAL:PVC;COR:BRANCO;FORMATO:QUADRADO;DIMENSOES:150MM;GR ELHA:P/GRELHA QUADRADA;DADOS EXTRAS:P/ESGOTO;NORMA:NBR 7362/5688;FABRICANTE/REFERENCIA:AMANCO/11769;TIGRE/27591183";UN;;5,419;5,419;5,419;5,419;5,419;5,205;5,205
1101101;;27258824;20502;"RALO PVC SIF;CONIC;BR;100X53X40MM";"RALO PVC SIFONADO;FORMATO:CONICO;COR:BRANCO;DIMENSOES:100X53X40MM;DADOS EXTRAS:NORMA:NBR 7362/5688;C/GRELHA;USO:ESGOTO;S/REFORCO";UN;;#N/D;#N/D;#N/D;#N/D;#N/D;#N/D;#N/D
1101102;908;27150250;;"CORPO CX SIF;PVC;BR;S/;100X140X50MM;GIR (100X150X50)";"CORPO CAIXA SIFONADA;MATERIAL:PVC;COR:BRANCO;REFORCO:S/;DIMENSOES:100X140X50MM;NUMER O ENTRADAS LATERAIS:C/5 ENT LATERAIS 40MM;GIRATORIO:GIRATORIO;DADOS EXTRAS:CORPO CAIXA SIFONADA MODELO GIRAFACIL;USO:ESGOTO;NORMA:NBR 7362/5688;FABRICANTE/REFERENCIA:TIGRE/27150250";UN;;26,006;26,006;26,006;26,006;26,006;26,006;26,006
1101211;331;22000250;11508;"ADAPTADOR PVC RIG PRED;AG FR;25MMX3/4BSP";"ADAPTADOR PVC RIGIDO PREDIAL;APLICACAO:AGUA FRIA;TIPO CONEXAO:CURTO SOLDAVEL/ROSCA;DIAMETRO/ROSCA:25MMX3/4BSP;DADOS EXTRAS:NORMA:NBR 5648;COR:MARROM;C/BOLSA;P/REGISTRO;NORMA:NBR 5648";UN;;0,449;0,449;0,449;0,449;0,449;0,475;0,475
1101212;333;22000403;11510;"ADAPTADOR PVC RIG PRED;40MMX1 1/4BSP";"ADAPTADOR PVC RIGIDO PREDIAL;APLICACAO:AGUA FRIA;TIPO CONEXAO:CURTO SOLDAVEL/ROSCA;DIAMETRO/ROSCA:40MMX1 1/4BSP;DADOS EXTRAS:NORMA:NBR 5648;COR:MARROM;CLASSE PRESSAO:7,5KGF/CM2;C/BOLSA;P/REGISTRO;NORMA:NBR 5648";UN;;3,032;3,032;3,032;3,032;3,032;3,032;3,032
1101213;;22007939;98885;"ADAPTADOR PVC RIG PRED;40MMX1 1/2BSP";"ADAPTADOR PVC RIGIDO PREDIAL;APLICACAO:AGUA FRIA;TIPO CONEXAO:CURTO SOLDAVEL/ROSCA;DIAMETRO/ROSCA:40MMX1 1/2BSP;DADOS EXTRAS:NORMA:NBR 5648;COR:MARROM;C/BOLSA;P/REGISTRO;NORMA:NBR 5648";UN;;#N/D;#N/D;#N/D;#N/D;#N/D;#N/D;#N/D
1101217;338;22000756;11513;"ADAPTADOR PVC RIG PRED;75MMX2 1/2BSP";"ADAPTADOR PVC RIGIDO PREDIAL;APLICACAO:AGUA FRIA;TIPO CONEXAO:CURTO SOLDAVEL/ROSCA;DIAMETRO/ROSCA:75MMX2 1/2BSP;DADOS EXTRAS:NORMA:ABNT NBR 5648;COR:MARROM;C/BOLSA;P/REGISTRO;NORMA:NBR 5648";UN;;16,079;16,079;16,079;16,079;16,079;14,79;14,79
1101219;340;22001035;10029;"ADAPTADOR PVC RIG PRED;AG FR;110MMX4BSP";"ADAPTADOR PVC RIGIDO PREDIAL;APLICACAO:AGUA FRIA;TIPO CONEXAO:CURTO SOLDAVEL/ROSCA;DIAMETRO/ROSCA:110MMX4BSP;DADOS EXTRAS:NORMA:ABNT NBR 5648;COR:MARROM;CONEXAO:MACHO;CLASSE:20;C/BOLSA;P/REGISTRO;NORMA:NBR 5648";UN;;39,484;39,484;39,484;39,484;39,484;39,484;39,484
1101223;346;;;"ADAPTADOR PVC RIG PRED;CX AGUA;60MMX2BSP";"ADAPTADOR PVC RIGIDO PREDIAL;APLICACAO:CAIXA AGUA;TIPO CONEXAO:CURTO SOLDAVEL/ROSCA;DIAMETRO/ROSCA:60MMX2BSP;FLANGE:FLANGE;DADOS EXTRAS:NORMA:NBR 5648";UN;;22,872;22,872;22,872;22,872;22,872;22,18;22,18
1101224;347;22028081;92723;"ADAPTADOR PVC RIG PRED;75MMX2 1/2BSP";"ADAPTADOR PVC RIGIDO PREDIAL;APLICACAO:CAIXA AGUA;TIPO CONEXAO:CURTO SOLDAVEL/ROSCA;DIAMETRO/ROSCA:75MMX2 1/2BSP;FLANGE:FLANGE;DADOS EXTRAS:NORMA:NBR 5648";UN;;26,973;26,973;26,973;26,973;26,973;25,833;25,833
1101234;348;22028138;92724;"ADAPTADOR PVC RIG PRED;CX AGUA;85MMX3BSP";"ADAPTADOR PVC RIGIDO PREDIAL;APLICACAO:CAIXA AGUA;TIPO CONEXAO:CURTO SOLDAVEL/ROSCA;DIAMETRO/ROSCA:85MMX3BSP;FLANGE:FLANGE;DADOS EXTRAS:NORMA:NBR 5648";UN;;136,641;136,641;136,641;136,641;136,641;136,641;136,641
1101235;349;22028189;92725;"ADAPTADOR PVC RIG PRED;110MMX4BSP;FLANG";"ADAPTADOR PVC RIGIDO PREDIAL;APLICACAO:CAIXA AGUA;TIPO CONEXAO:CURTO SOLDAVEL/ROSCA;DIAMETRO/ROSCA:110MMX4BSP;FLANGE:FLANGE;DADOS EXTRAS:NORMA:NBR 5648";UN;;179,091;179,091;179,091;179,091;179,091;179,091;179,091
1101244;360;22066668;11531;"BUCHA RED PVC RIG PRED;AG FR;25X20MM;CT";"BUCHA REDUCAO PVC RIGIDO PREDIAL;APLICACAO:AGUA FRIA;TIPO CONEXAO:SOLDAVEL;DIAMETRO/ROSCA:25X20MM;CONSTRUCAO:CURTA;DADOS EXTRAS:COR: MARROM;NORMA:NBR 5648";UN;;0,307;0,307;0,307;0,307;0,307;0,294;0,294
1101246;362;22066838;11534;"BUCHA RED PVC RIG PRED;AG FR;40X32MM;CT";"BUCHA REDUCAO PVC RIGIDO PREDIAL;APLICACAO:AGUA FRIA;TIPO CONEXAO:SOLDAVEL;DIAMETRO/ROSCA:40X32MM;CONSTRUCAO:CURTA;DADOS EXTRAS:NORMA:NBR 5648";UN;;1,193;1,193;1,193;1,193;1,193;1,145;1,145
1101250;366;22067338;11538;"BUCHA RED PVC RIG PRED;AG FR;85X75MM;CT";"BUCHA REDUCAO PVC RIGIDO PREDIAL;APLICACAO:AGUA FRIA;TIPO CONEXAO:SOLDAVEL;DIAMETRO/ROSCA:85X75MM;CONSTRUCAO:CURTA;DADOS EXTRAS:NORMA:NBR 5648";UN;;10,09;10,09;10,09;10,09;10,09;9,688;9,688
1101252;367;22076752;11532;"BUCHA RED PVC RIG PRED;AG FR;32X20MM;LG";"BUCHA REDUCAO PVC RIGIDO PREDIAL;APLICACAO:AGUA FRIA;TIPO CONEXAO:SOLDAVEL;DIAMETRO/ROSCA:32X20MM;CONSTRUCAO:LONGA;DADOS EXTRAS:NORMA:NBR 5648";UN;;1,793;1,793;1,793;1,793;1,793;1,547;1,547
1101254;369;22076825;11542;"BUCHA RED PVC RIG PRED;AG FR;40X25MM;LG";"BUCHA REDUCAO PVC RIGIDO PREDIAL;APLICACAO:AGUA FRIA;TIPO CONEXAO:SOLDAVEL;DIAMETRO/ROSCA:40X25MM;CONSTRUCAO:LONGA;DADOS EXTRAS:COR: MARROM;NORMA:NBR 5648";UN;;2,285;2,285;2,285;2,285;2,285;2,221;2,221
1101256;371;22076930;11544;"BUCHA RED PVC RIG PRED;AG FR;50X25MM;LG";"BUCHA REDUCAO PVC RIGIDO PREDIAL;APLICACAO:AGUA FRIA;TIPO CONEXAO:SOLDAVEL;DIAMETRO/ROSCA:50X25MM;CONSTRUCAO:LONGA;DADOS EXTRAS:NORMA:NBR 5648";UN;;1,752;1,752;1,752;1,752;1,752;1,681;1,681
1101257;372;22076914;11545;"BUCHA RED PVC RIG PRED;AG FR;50X32MM;LG";"BUCHA REDUCAO PVC RIGIDO PREDIAL;APLICACAO:AGUA FRIA;TIPO CONEXAO:SOLDAVEL;DIAMETRO/ROSCA:50X32MM;CONSTRUCAO:LONGA;DADOS EXTRAS:COR: MARROM;NORMA:NBR 5648";UN;;3,428;3,428;3,428;3,428;3,428;3,293;3,293
1101260;375;;;"BUCHA RED PVC RIG PRED;AG FR;60X40MM;LG";"BUCHA REDUCAO PVC RIGIDO PREDIAL;APLICACAO:AGUA FRIA;TIPO CONEXAO:SOLDAVEL;DIAMETRO/ROSCA:60X40MM;CONSTRUCAO:LONGA;DADOS EXTRAS:NORMA:NBR 5648;FABRICANTE/REFERENCIA:AMANCO/11548";UN;;8,269;8,269;8,269;8,269;8,269;7,943;7,943
1101262;377;22077260;11550;"BUCHA RED PVC RIG PRED;AG FR;75X50MM;LG";"BUCHA REDUCAO PVC RIGIDO PREDIAL;APLICACAO:AGUA FRIA;TIPO CONEXAO:SOLDAVEL;DIAMETRO/ROSCA:75X50MM;CONSTRUCAO:LONGA;DADOS EXTRAS:COR: MARROM;NORMA:NBR 5648";UN;;14,185;14,185;14,185;14,185;14,185;12,768;12,768
1101263;378;22077325;11551;"BUCHA RED PVC RIG PRED;AG FR;85X60MM;LG";"BUCHA REDUCAO PVC RIGIDO PREDIAL;APLICACAO:AGUA FRIA;TIPO CONEXAO:SOLDAVEL;DIAMETRO/ROSCA:85X60MM;CONSTRUCAO:LONGA;DADOS EXTRAS:COR:MARROM;NORMA:NBR 5648";UN;;17,53;17,53;17,53;17,53;17,53;17,53;17,53
1101264;382;22080202;11569;"CAP PVC RIG PRED;AG FR;SOLD;20MM";"CAP PVC RIGIDO PREDIAL;APLICACAO:AGUA FRIA;CONEXAO:SOLDAVEL;DIAMETRO/ROSCA:20MM;DADOS EXTRAS:NORMA:NBR 5648";UN;;0,534;0,534;0,534;0,534;0,534;0,5;0,5
1101266;384;22080326;11571;"CAP PVC RIG PRED;AG FR;SOLD;32MM";"CAP PVC RIGIDO PREDIAL;APLICACAO:AGUA FRIA;CONEXAO:SOLDAVEL;DIAMETRO/ROSCA:32MM;DADOS EXTRAS:COR:MARROM;EMBALAGEM:30 UNIDADES;NORMA:NBR 5648";UN;;1,337;1,337;1,337;1,337;1,337;1,337;1,337
1101268;386;22080504;11573;"CAP PVC RIG PRED;AG FR;SOLD;50MM";"CAP PVC RIGIDO PREDIAL;APLICACAO:AGUA FRIA;CONEXAO:SOLDAVEL;DIAMETRO/ROSCA:50MM;DADOS EXTRAS:NORMA:NBR 5648";UN;;3,783;3,783;3,783;3,783;3,783;3,633;3,633
1101269;387;22080601;11574;"CAP PVC RIG PRED;AG FR;SOLD;60MM";"CAP PVC RIGIDO PREDIAL;APLICACAO:AGUA FRIA;CONEXAO:SOLDAVEL;DIAMETRO/ROSCA:60MM;DADOS EXTRAS:COR:MARROM;EMBALAGEM:10 UNIDADES;NORMA:NBR 5648";UN;;7,642;7,642;7,642;7,642;7,642;6,595;6,595
1101270;388;22080750;11575;"CAP PVC RIG PRED;AG FR;SOLD;75MM";"CAP PVC RIGIDO PREDIAL;APLICACAO:AGUA FRIA;CONEXAO:SOLDAVEL;DIAMETRO/ROSCA:75MM;DADOS EXTRAS:NORMA:NBR 5648";UN;;12,88;12,88;12,88;12,88;12,88;12,373;12,373
1101271;389;22080857;11576;"1101274 RIG PRED;AG FR;SOLD;85MM";"CAP PVC RIGIDO PREDIAL;APLICACAO:AGUA FRIA;CONEXAO:SOLDAVEL;DIAMETRO/ROSCA:85MM;DADOS EXTRAS:NORMA:NBR 5648";UN;;45,882;45,882;45,882;45,882;45,882;26,792;26,792
1101274;393;22110209;11957;"CURVA PVC RIG PRED;45GR;AG FR;SOLD;20MM";"CURVA PVC RIGIDO PREDIAL;ANGULO:45GR;APLICACAO:AGUA FRIA;CONEXAO:SOLDAVEL;DIAMETRO/ROSCA:20MM;DADOS EXTRAS:NORMA:NBR 5648";UN;;2,65;2,65;2,65;2,65;2,65;2,287;2,287
1101276;395;22110322;11959;"CURVA PVC RIG PRED;45GR;AG FR;SOLD;32MM";"CURVA PVC RIGIDO PREDIAL;ANGULO:45GR;APLICACAO:AGUA FRIA;CONEXAO:SOLDAVEL;DIAMETRO/ROSCA:32MM;DADOS EXTRAS:NORMA:NBR 5648";UN;;4,985;4,985;4,985;4,985;4,985;4,303;4,303
1101278;397;22110500;11961;"CURVA PVC RIG PRED;45GR;AG FR;SOLD;50MM";"CURVA PVC RIGIDO PREDIAL;ANGULO:45GR;APLICACAO:AGUA FRIA;CONEXAO:SOLDAVEL;DIAMETRO/ROSCA:50MM;DADOS EXTRAS:NORMA:NBR 5648";UN;;10,085;10,085;10,085;10,085;10,085;9,038;9,038
1101279;398;22110608;11962;"CURVA PVC RIG PRED;45GR;AG FR;SOLD;60MM";"CURVA PVC RIGIDO PREDIAL;ANGULO:45GR;APLICACAO:AGUA FRIA;CONEXAO:SOLDAVEL;DIAMETRO/ROSCA:60MM;DADOS EXTRAS:NORMA:NBR 5648";UN;;17,682;17,682;17,682;17,682;17,682;17,682;17,682
1101280;399;22110756;90116;"CURVA PVC RIG PRED;45GR;AG FR;SOLD;75MM";"CURVA PVC RIGIDO PREDIAL;ANGULO:45GR;APLICACAO:AGUA FRIA;CONEXAO:SOLDAVEL;DIAMETRO/ROSCA:75MM;DADOS EXTRAS:NORMA:NBR 5648";UN;;27,7;27,7;27,7;27,7;27,7;27,7;27,7
1101281;406;22120204;11608;"CURVA PVC RIG PRED;90GR;AG FR;SOLD;20MM";"CURVA PVC RIGIDO PREDIAL;ANGULO:90GR;APLICACAO:AGUA FRIA;CONEXAO:SOLDAVEL;DIAMETRO/ROSCA:20MM;DADOS EXTRAS:NORMA:NBR 5648";UN;;1,544;1,544;1,544;1,544;1,544;1,483;1,483
1101282;407;22120255;11609;"CURVA PVC RIG PRED;90GR;AG FR;SOLD;25MM";"CURVA PVC RIGIDO PREDIAL;ANGULO:90GR;APLICACAO:AGUA FRIA;CONEXAO:SOLDAVEL;DIAMETRO/ROSCA:25MM;DADOS EXTRAS:NORMA:NBR 5648";UN;;1,904;1,904;1,904;1,904;1,904;1,83;1,83
1101283;408;22120328;11610;"CURVA PVC RIG PRED;90GR;AG FR;SOLD;32MM";"CURVA PVC RIGIDO PREDIAL;ANGULO:90GR;APLICACAO:AGUA FRIA;CONEXAO:SOLDAVEL;DIAMETRO/ROSCA:32MM;DADOS EXTRAS:NORMA:NBR 5648";UN;;4,411;4,411;4,411;4,411;4,411;4,236;4,236
1101284;409;22120409;11611;"CURVA PVC RIG PRED;90GR;AG FR;SOLD;40MM";"CURVA PVC RIGIDO PREDIAL;ANGULO:90GR;APLICACAO:AGUA FRIA;CONEXAO:SOLDAVEL;DIAMETRO/ROSCA:40MM;DADOS EXTRAS:NORMA:NBR 5648";UN;;7,563;7,563;7,563;7,563;7,563;7,263;7,263
1101285;410;22120506;11612;"CURVA PVC RIG PRED;90GR;AG FR;SOLD;50MM";"CURVA PVC RIGIDO PREDIAL;ANGULO:90GR;APLICACAO:AGUA FRIA;CONEXAO:SOLDAVEL;DIAMETRO/ROSCA:50MM;DADOS EXTRAS:NORMA:NBR 5648";UN;;9,537;9,537;9,537;9,537;9,537;9,15;9,15
1101286;411;22120603;11613;"CURVA PVC RIG PRED;90GR;AG FR;SOLD;60MM";"CURVA PVC RIGIDO PREDIAL;ANGULO:90GR;APLICACAO:AGUA FRIA;CONEXAO:SOLDAVEL;DIAMETRO/ROSCA:60MM;DADOS EXTRAS:NORMA:NBR 5648";UN;;17,216;17,216;17,216;17,216;17,216;16,543;16,543
1101287;413;22120859;90007;"CURVA PVC RIG PRED;90GR;AG FR;SOLD;85MM";"CURVA PVC RIGIDO PREDIAL;ANGULO:90GR;APLICACAO:AGUA FRIA;CONEXAO:SOLDAVEL;DIAMETRO/ROSCA:85MM;DADOS EXTRAS:NORMA:NBR 5648";UN;;60,006;60,006;60,006;60,006;60,006;49,18;49,18
1101290;483;35407782;11682;"JOELHO PVC RIG PRED;90GR;20MMX1/2BSP";"JOELHO PVC RIGIDO PREDIAL;ANGULO:90GR;APLICACAO:AGUA FRIA;CONEXAO:ROSCAVEL;DIAMETRO/ROSCA:20MMX1/2BSP;DADOS EXTRAS:NORMA:NBR 5648";UN;;0,934;0,934;0,934;0,934;0,934;0,875;0,875
1101291;484;35407847;11684;"JOELHO PVC RIG PRED;90GR;25MMX3/4BSP";"JOELHO PVC RIGIDO PREDIAL;ANGULO:90GR;APLICACAO:AGUA FRIA;CONEXAO:SOLDAVEL/ROSCAVEL;DIAMETRO/ROSCA:25MMX3/4BSP;DADOS EXTRAS:COR MARROM;FABRICANTE/REFERENCIA:TIGRE/35407847";UN;;1,568;1,568;1,568;1,568;1,568;1,503;1,503
1101292;1351;22851209;20265;"JOELHO CPVC RIG PRED;90GR;22MMX1/2BSP";"JOELHO CPVC RIGIDO PREDIAL;ANGULO:90GR;APLICACAO:AGUA FRIA/AGUA QUENTE;CONEXAO:SOLDAVEL/ROSCAVEL;DIAMETRO/ROSCA:22MMX1/2BSP;DADOS EXTRAS:TRANSICAO;NORMA:NBR 15884";UN;;8,214;8,214;8,214;8,214;8,214;7,666;7,666
1101293;415;22140205;11641;"JOELHO PVC RIG PRED;45GR;AG FR;SOLD;20MM";"JOELHO PVC RIGIDO PREDIAL;ANGULO:45GR;APLICACAO:AGUA FRIA;CONEXAO:SOLDAVEL;DIAMETRO/ROSCA:20MM;DADOS EXTRAS:NORMA:NBR 5648";UN;;0,715;0,715;0,715;0,715;0,715;0,687;0,687
1101294;416;22140256;11642;"JOELHO PVC RIG PRED;45GR;AG FR;SOLD;25MM";"JOELHO PVC RIGIDO PREDIAL;ANGULO:45GR;APLICACAO:AGUA FRIA;CONEXAO:SOLDAVEL;DIAMETRO/ROSCA:25MM;DADOS EXTRAS:CONFORME NORMA: NBR 5648;COR: MARROM;NORMA:NBR 5648";UN;;0,98;0,98;0,98;0,98;0,98;0,942;0,942
1101295;417;22140329;11643;"JOELHO PVC RIG PRED;45GR;AG FR;SOLD;32MM";"JOELHO PVC RIGIDO PREDIAL;ANGULO:45GR;APLICACAO:AGUA FRIA;CONEXAO:SOLDAVEL;DIAMETRO/ROSCA:32MM;DADOS EXTRAS:CLASSE PRESSAO:7,50KGF/CM2;CONFORME NORMA:NBR 5648;COR:MARROM.;NORMA:NBR 5648";UN;;2,867;2,867;2,867;2,867;2,867;2,746;2,746
1101296;418;22140400;11644;"JOELHO PVC RIG PRED;45GR;AG FR;SOLD;40MM";"JOELHO PVC RIGIDO PREDIAL;ANGULO:45GR;APLICACAO:AGUA FRIA;CONEXAO:SOLDAVEL;DIAMETRO/ROSCA:40MM;DADOS EXTRAS:CONFORME NORMA: NBR 5648;COR: MARROM;NORMA:NBR 5648";UN;;4,103;4,103;4,103;4,103;4,103;4,103;4,103
1101297;419;22140507;11645;"JOELHO PVC RIG PRED;45GR;AG FR;SOLD;50MM";"JOELHO PVC RIGIDO PREDIAL;ANGULO:45GR;APLICACAO:AGUA FRIA;CONEXAO:SOLDAVEL;DIAMETRO/ROSCA:50MM;DADOS EXTRAS:CONFORME NORMA: NBR 5648;COR: MARROM;NORMA:NBR 5648";UN;;4,622;4,622;4,622;4,622;4,622;4,438;4,438
1101298;420;22140604;11646;"JOELHO PVC RIG PRED;45GR;AG FR;SOLD;60MM";"JOELHO PVC RIGIDO PREDIAL;ANGULO:45GR;APLICACAO:AGUA FRIA;CONEXAO:SOLDAVEL;DIAMETRO/ROSCA:60MM;DADOS EXTRAS:NORMA:NBR 5648";UN;;10,983;10,983;10,983;10,983;10,983;10,983;10,983
1101299;421;22140752;11647;"JOELHO PVC RIG PRED;45GR;AG FR;SOLD;75MM";"JOELHO PVC RIGIDO PREDIAL;ANGULO:45GR;APLICACAO:AGUA FRIA;CONEXAO:SOLDAVEL;DIAMETRO/ROSCA:75MM;DADOS EXTRAS:CONFORME NORMA: NBR 5648;COR: MARROM;NORMA:NBR 5648";UN;;52,37;52,37;52,37;52,37;52,37;50,303;50,303
1101300;422;22140850;11648;"JOELHO PVC RIG PRED;45GR;AG FR;SOLD;85MM";"JOELHO PVC RIGIDO PREDIAL;ANGULO:45GR;APLICACAO:AGUA FRIA;CONEXAO:SOLDAVEL;DIAMETRO/ROSCA:85MM;DADOS EXTRAS:CONFORME NORMA:NBR 5648;COR:MARROM;NORMA:NBR 5648";UN;;68,476;68,476;68,476;68,476;68,476;68,476;68,476
1101301;423;22141031;10011;"JOELHO PVC RIG PRED;45GR;AG FR;110MM";"JOELHO PVC RIGIDO PREDIAL;ANGULO:45GR;APLICACAO:AGUA FRIA;CONEXAO:SOLDAVEL;DIAMETRO/ROSCA:110MM;DADOS EXTRAS:CONFORME NORMA: NBR 5648;COR: MARROM;NORMA:NBR 5648";UN;;130,759;130,759;130,759;130,759;130,759;130,759;130,759
1101302;424;22150200;11670;"JOELHO PVC RIG PRED;90GR;AG FR;SOLD;20MM";"JOELHO PVC RIGIDO PREDIAL;ANGULO:90GR;APLICACAO:AGUA FRIA;CONEXAO:SOLDAVEL;DIAMETRO/ROSCA:20MM;DADOS EXTRAS:EQUIVALENCIA MERCADO: 1/2POL;COR: MARROM;CONFORME NORMA: NBR 5648;CLASSE PRESSAO: 7,50KGF/CM2;NORMA:NBR 5648";UN;;0,322;0,322;0,322;0,322;0,322;0,309;0,309
1101303;425;22150251;11671;"JOELHO PVC RIG PRED;90GR;AG FR;SOLD;25MM";"JOELHO PVC RIGIDO PREDIAL;ANGULO:90GR;APLICACAO:AGUA FRIA;CONEXAO:SOLDAVEL;DIAMETRO/ROSCA:25MM;DADOS EXTRAS:COR:MARROM;RAIO:CURTO;DIMENSAO CONFORME NORMA:ABNT NBR 5648;CLASSE PRESSAO:7,50KGF/CM2;NORMA:NBR 5648";UN;;0,449;0,449;0,449;0,449;0,449;0,408;0,408
1101304;426;22150324;11672;"JOELHO PVC RIG PRED;90GR;AG FR;SOLD;32MM";"JOELHO PVC RIGIDO PREDIAL;ANGULO:90GR;APLICACAO:AGUA FRIA;CONEXAO:SOLDAVEL;DIAMETRO/ROSCA:32MM;DADOS EXTRAS:COR: MARROM;CONFORME NORMA:NBR 5626;CLASSE:7,5KGF/CM2;NORMA:NBR 5648";UN;;1,356;1,356;1,356;1,356;1,356;1,356;1,356
1101305;427;22150405;11673;"JOELHO PVC RIG PRED;90GR;AG FR;SOLD;40MM";"JOELHO PVC RIGIDO PREDIAL;ANGULO:90GR;APLICACAO:AGUA FRIA;CONEXAO:SOLDAVEL;DIAMETRO/ROSCA:40MM;DADOS EXTRAS:COR:MARROM;CONFORME NORMA:NBR 5648;CLASSE PRESSAO:7,50KGF/CM2;NORMA:NBR 5648";UN;;2,95;2,95;2,95;2,95;2,95;2,825;2,825
1101306;428;22150502;11674;"JOELHO PVC RIG PRED;90GR;AG FR;SOLD;50MM";"JOELHO PVC RIGIDO PREDIAL;ANGULO:90GR;APLICACAO:AGUA FRIA;CONEXAO:SOLDAVEL;DIAMETRO/ROSCA:50MM;DADOS EXTRAS:COR:MARROM;RAIO:CURTO;DIMENSAO CONFORME NORMA:ABNT NBR 5648;CLASSE PRESSAO:7,50KGF/CM2;NORMA:NBR 5648";UN;;2,456;2,456;2,456;2,456;2,456;2,456;2,456
1101307;429;22150600;11675;"JOELHO PVC RIG PRED;90GR;AG FR;SOLD;60MM";"JOELHO PVC RIGIDO PREDIAL;ANGULO:90GR;APLICACAO:AGUA FRIA;CONEXAO:SOLDAVEL;DIAMETRO/ROSCA:60MM;DADOS EXTRAS:NORMA:NBR 5648";UN;;12,481;12,481;12,481;12,481;12,481;12,481;12,481
1101308;430;22150758;11676;"JOELHO PVC RIG PRED;90GR;AG FR;SOLD;75MM";"JOELHO PVC RIGIDO PREDIAL;ANGULO:90GR;APLICACAO:AGUA FRIA;CONEXAO:SOLDAVEL;DIAMETRO/ROSCA:75MM;DADOS EXTRAS:COR:MARROM;EXTREMIDADE ENCAIXE PADRAO;DIMENSIONAL P/TUBO;NORMA:ABNT NBR 5648;CLASSE:7,5KGF/CM2;NORMA:NBR 5648";UN;;54,193;54,193;54,193;54,193;54,193;52,036;52,036
1101309;431;22150855;11677;"JOELHO PVC RIG PRED;90GR;AG FR;SOLD;85MM";"JOELHO PVC RIGIDO PREDIAL;ANGULO:90GR;APLICACAO:AGUA FRIA;CONEXAO:SOLDAVEL;DIAMETRO/ROSCA:85MM;DADOS EXTRAS:COR: MARROM;CONFORME NORMA: NBR 5648;NORMA:NBR 5648";UN;;90,404;90,404;90,404;90,404;90,404;79,534;79,534
1101310;432;22151037;10008;"JOELHO PVC RIG PRED;90GR;AG FR;110MM";"JOELHO PVC RIGIDO PREDIAL;ANGULO:90GR;APLICACAO:AGUA FRIA;CONEXAO:SOLDAVEL;DIAMETRO/ROSCA:110MM;DADOS EXTRAS:NORMA:NBR 5648";UN;;170,679;170,679;170,679;170,679;170,679;170,679;170,679
1101312;485;35427821;11683;"JOELHO PVC RIG PRED;90GR;25MMX1/2BSP";"JOELHO PVC RIGIDO PREDIAL;ANGULO:90GR;APLICACAO:AGUA FRIA;CONEXAO:SOLDAVEL/ROSCAVEL;DIAMETRO/ROSCA:25MMX1/2BSP;DADOS EXTRAS:NORMA:NBR 5648";UN;;0,842;0,842;0,842;0,842;0,842;0,808;0,808
1101313;486;35427872;98884;"JOELHO PVC RIG PRED;90GR;32MMX3/4BSP";"JOELHO PVC RIGIDO PREDIAL;ANGULO:90GR;APLICACAO:AGUA FRIA;CONEXAO:SOLDAVEL/ROSCAVEL;DIAMETRO/ROSCA:32MMX3/4BSP;DADOS EXTRAS:COR: MARROM;CONFORME NORMA: NBR 5648.";UN;;6,31;6,31;6,31;6,31;6,31;6,054;6,054
1101314;433;22166662;11663;"JOELHO RED PVC RIG PRED;90GR;25X20MM";"JOELHO REDUCAO PVC RIGIDO PREDIAL;ANGULO:90GR;APLICACAO:AGUA FRIA;CONEXAO:SOLDAVEL;DIAMETRO/ROSCA:25X20MM;BUCHA LATAO:S/ BUCHA LATAO;DADOS EXTRAS:COR: MARROM;CONFORME NORMA: NBR5648;NORMA:NBR 5648";UN;;1,881;1,881;1,881;1,881;1,881;1,803;1,803
1101315;444;22172107;18386;"LUVA CORR PVC RIG PRED;AG FR;20MM";"LUVA CORRER PVC RIGIDO PREDIAL;APLICACAO:AGUA FRIA;CONEXAO:P/TUBO SOLDAVEL;DIAMETRO:20MM;DADOS EXTRAS:COR:MARROM;NORMA:ABNT NBR 5648;CLASSE:7,5KGF/CM2;NORMA:NBR 5648";UN;;4,296;4,296;4,296;4,296;4,296;4,296;4,296
1101316;445;22172204;18390;"LUVA CORR PVC RIG PRED;AG FR;25MM";"LUVA CORRER PVC RIGIDO PREDIAL;APLICACAO:AGUA FRIA;CONEXAO:P/TUBO SOLDAVEL;DIAMETRO:25MM;DADOS EXTRAS:COR:MARROM;NORMA:NBR 5648";UN;;5,114;5,114;5,114;5,114;5,114;4,911;4,911
1101317;446;22172239;18400;"LUVA CORR PVC RIG PRED;AG FR;32MM";"LUVA CORRER PVC RIGIDO PREDIAL;APLICACAO:AGUA FRIA;CONEXAO:P/TUBO SOLDAVEL;DIAMETRO:32MM;DADOS EXTRAS:COR:MARROM;CLASSE:7,5KGF/CM2;NORMA:ABNT NBR 5648;NORMA:NBR 5648";UN;;10,433;10,433;10,433;10,433;10,433;10,088;10,088
1101318;447;22172263;18403;"LUVA CORR PVC RIG PRED;AG FR;40MM";"LUVA CORRER PVC RIGIDO PREDIAL;APLICACAO:AGUA FRIA;CONEXAO:P/TUBO SOLDAVEL;DIAMETRO:40MM;DADOS EXTRAS:COR:MARROM;NORMA:ABNT NBR 5648;CLASSE:7,5KGF/CM2;NORMA:NBR 5648";UN;;11,903;11,903;11,903;11,903;11,903;11,432;11,432
1101319;448;22172301;18406;"LUVA CORR PVC RIG PRED;AG FR;50MM";"LUVA CORRER PVC RIGIDO PREDIAL;APLICACAO:AGUA FRIA;CONEXAO:P/TUBO SOLDAVEL;DIAMETRO:50MM;DADOS EXTRAS:COR:MARROM;CLASSE 7,50KGF/CM2;NORMA:ABNT NBR 5648;NORMA:NBR 5648";UN;;13,309;13,309;13,309;13,309;13,309;12,782;12,782
1101320;449;22172352;18500;"LUVA CORR PVC RIG PRED;AG FR;60MM";"LUVA CORRER PVC RIGIDO PREDIAL;APLICACAO:AGUA FRIA;CONEXAO:P/TUBO SOLDAVEL;DIAMETRO:60MM;DADOS EXTRAS:NORMA:NBR 5648";UN;;22,835;22,835;22,835;22,835;22,835;21,925;21,925
1101323;589;22187546;98892;"LUVA RED PVC RIG PRED;AG FR;110X75MM";"LUVA REDUCAO PVC RIGIDO PREDIAL;APLICACAO:AGUA FRIA;CONEXAO:SOLDAVEL;DIAMETRO/ROSCA:110X75MM;FLANGE:S/ FLANGE;DADOS EXTRAS:NORMA:NBR 5648";UN;;19,291;19,291;19,291;19,291;19,291;19,291;19,291
1101324;450;22186663;11729;"LUVA RED PVC RIG PRED;AG FR;SOLD;25X20MM";"LUVA REDUCAO PVC RIGIDO PREDIAL;APLICACAO:AGUA FRIA;CONEXAO:SOLDAVEL;DIAMETRO/ROSCA:25X20MM;FLANGE:S/ FLANGE;DADOS EXTRAS:NORMA:NBR 5648";UN;;0,937;0,937;0,937;0,937;0,937;0,901;0,901
1101325;451;22186760;11730;"LUVA RED PVC RIG PRED;AG FR;SOLD;32X25MM";"LUVA REDUCAO PVC RIGIDO PREDIAL;APLICACAO:AGUA FRIA;CONEXAO:SOLDAVEL;DIAMETRO/ROSCA:32X25MM;FLANGE:S/ FLANGE;DADOS EXTRAS:NORMA:NBR 5648";UN;;2,181;2,181;2,181;2,181;2,181;1,882;1,882
1101326;452;22186833;98888;"LUVA RED PVC RIG PRED;AG FR;SOLD;40X32MM";"LUVA REDUCAO PVC RIGIDO PREDIAL;APLICACAO:AGUA FRIA;CONEXAO:SOLDAVEL;DIAMETRO/ROSCA:40X32MM;FLANGE:S/ FLANGE;DADOS EXTRAS:NORMA:NBR 5648";UN;;2,367;2,367;2,367;2,367;2,367;2,357;2,357
1101328;588;22187279;98891;"LUVA RED PVC RIG PRED;AG FR;SOLD;75X60MM";"LUVA REDUCAO PVC RIGIDO PREDIAL;APLICACAO:AGUA FRIA;CONEXAO:SOLDAVEL;DIAMETRO/ROSCA:75X60MM;FLANGE:S/ FLANGE;DADOS EXTRAS:NORMA:NBR 5648";UN;;19,208;19,208;19,208;19,208;19,208;16,186;16,186
1101329;435;22170201;11742;"LUVA PVC RIG PRED;AG FR;SOLD;20MM";"LUVA PVC RIGIDO PREDIAL;APLICACAO:AGUA FRIA;CONEXAO:SOLDAVEL;DIAMETRO/ROSCA:20MM;DADOS EXTRAS:EQUIVALENCIA MERCADO:1/2POL;NORMA:ABNT NBR 5648;COR:MARROM;EXTREMIDADE ENCAIXE PADRAO  DIMENSIONAL P/TUBO;CLASSE:7,5KGF/CM2;NORMA:NBR 5648";UN;;0,31;0,31;0,31;0,31;0,31;0,336;0,336
1101330;436;22170252;11743;"LUVA PVC RIG PRED;AG FR;SOLD;25MM";"LUVA PVC RIGIDO PREDIAL;APLICACAO:AGUA FRIA;CONEXAO:SOLDAVEL;DIAMETRO/ROSCA:25MM;DADOS EXTRAS:COR:MARROM;NORMA:NBR 5648;NORMA:NBR 5648";UN;;0,418;0,418;0,418;0,418;0,418;0,418;0,418
1101331;437;22170325;11744;"LUVA PVC RIG PRED;AG FR;SOLD;32MM";"LUVA PVC RIGIDO PREDIAL;APLICACAO:AGUA FRIA;CONEXAO:SOLDAVEL;DIAMETRO/ROSCA:32MM;DADOS EXTRAS:NORMA:NBR 5648";UN;;1,056;1,056;1,056;1,056;1,056;1,141;1,141
1101332;438;22170406;11745;"LUVA PVC RIG PRED;AG FR;SOLD;40MM";"LUVA PVC RIGIDO PREDIAL;APLICACAO:AGUA FRIA;CONEXAO:SOLDAVEL;DIAMETRO/ROSCA:40MM;DADOS EXTRAS:NORMA:ABNT NBR 5648;COR:MARROM;EXTREMIDADE ENCAIXE PADRAO DIMENSIONAL P/TUBO;CLASSE:7,5KGF/CM2;NORMA:NBR 5648";UN;;2,384;2,384;2,384;2,384;2,384;2,29;2,29
1101333;439;22170511;11746;"LUVA PVC RIG PRED;AG FR;SOLD;50MM";"LUVA PVC RIGIDO PREDIAL;APLICACAO:AGUA FRIA;CONEXAO:SOLDAVEL;DIAMETRO/ROSCA:50MM;DADOS EXTRAS:NORMA:ABNT NBR 5648;COR:MARROM;PRESSAO SERVICO MAXIMO:750 KPA(7,50KGF/CM2)/(75M.C.A.);NORMA:NBR 5648";UN;;1,793;1,793;1,793;1,793;1,793;1,884;1,884
1101334;440;22170600;11747;"LUVA PVC RIG PRED;AG FR;SOLD;60MM";"LUVA PVC RIGIDO PREDIAL;APLICACAO:AGUA FRIA;CONEXAO:SOLDAVEL;DIAMETRO/ROSCA:60MM;DADOS EXTRAS:NORMA:ABNT NBR 5647;CLASSE:7,5KGF/CM2;COR:MARROM;EXTREMIDADE ENCAIXE:PADRAO;NORMA:NBR 5648";UN;;6,593;6,593;6,593;6,593;6,593;6,593;6,593
1101335;441;22170759;11748;"LUVA PVC RIG PRED;AG FR;SOLD;75MM";"LUVA PVC RIGIDO PREDIAL;APLICACAO:AGUA FRIA;CONEXAO:SOLDAVEL;DIAMETRO/ROSCA:75MM;DADOS EXTRAS:NORMA:ABNT NBR 5648;COR:MARROM;NORMA:NBR 5648";UN;;13,336;13,336;13,336;13,336;13,336;12,777;12,777
1101336;442;22170856;11749;"LUVA PVC RIG PRED;AG FR;SOLD;85MM";"LUVA PVC RIGIDO PREDIAL;APLICACAO:AGUA FRIA;CONEXAO:SOLDAVEL;DIAMETRO/ROSCA:85MM;DADOS EXTRAS:NORMA:ABNT NBR 5648;COR:MARROM;CLASSE:7,5KGF/CM2;NORMA:NBR 5648";UN;;43,648;43,648;43,648;43,648;43,648;29,672;29,672
1101337;443;22171038;10017;"LUVA PVC RIG PRED;AG FR;SOLD;110MM";"LUVA PVC RIGIDO PREDIAL;APLICACAO:AGUA FRIA;CONEXAO:SOLDAVEL;DIAMETRO/ROSCA:110MM;DADOS EXTRAS:SIMPLES;COR:MARROM;NORMA:NBR 5648";UN;;89,03;89,03;89,03;89,03;89,03;58,613;58,613
1101338;487;35447784;11753;"LUVA PVC RIG PRED;AG FR;20MMX1/2BSP";"LUVA PVC RIGIDO PREDIAL;APLICACAO:AGUA FRIA;CONEXAO:SOLDAVEL/ROSCAVEL;DIAMETRO/ROSCA:20MMX1/2BSP;DADOS EXTRAS:NORMA:ABNT NBR 5648;CLASSE:7,5KGF/CM2;COR:MARROM";UN;;0,67;0,67;0,67;0,67;0,67;0,644;0,644
1101341;490;35447881;11954;"LUVA PVC RIG PRED;AG FR;32MMX1BSP";"LUVA PVC RIGIDO PREDIAL;APLICACAO:AGUA FRIA;CONEXAO:SOLDAVEL/ROSCAVEL;DIAMETRO/ROSCA:32MMX1BSP;DADOS EXTRAS:COR:MARROM;CCB;NORMA MATERIAL:NBR 5648";UN;;2,917;2,917;2,917;2,917;2,917;2,799;2,799
1101345;540;27958001;11792;"VALVULA ESFERA;SW 20MM";"VALVULA ESFERA;CONEXAO:SW 20MM;DADOS EXTRAS:MATERIAL:PVC;(VS);NORMA:NBR 5658/5626";UN;;3,137;3,137;3,137;3,137;3,137;3,103;3,103
1101346;541;27958028;11793;"VALVULA ESFERA;SW 25MM";"VALVULA ESFERA;CONEXAO:SW 25MM;DADOS EXTRAS:MATERIAL:PVC;(VS);NORMA:NBR 5658/5626";UN;;3,327;3,327;3,327;3,327;3,327;3,327;3,327
1101347;542;27958044;11794;"VALVULA ESFERA;SW 32MM";"VALVULA ESFERA;CONEXAO:SW 32MM;DADOS EXTRAS:MATERIAL:PVC;(VS);NORMA:NBR 5658/5626";UN;;7,139;7,139;7,139;7,139;7,139;7,139;7,139
1101348;543;27958060;11795;"VALVULA ESFERA;SW 40MM";"VALVULA ESFERA;CONEXAO:SW 40MM;DADOS EXTRAS:MATERIAL:PVC;(VS);NORMA:NBR 5658/5626";UN;;11,728;11,728;11,728;11,728;11,728;10,959;10,959
1101349;544;27958087;11796;"VALVULA ESFERA;SW 50MM";"VALVULA ESFERA;CONEXAO:SW 50MM;DADOS EXTRAS:MATERIAL:PVC;(VS);NORMA:NBR 5658/5626";UN;;14,115;14,115;14,115;14,115;14,115;13,74;13,74
1101350;545;27958109;11797;"VALVULA ESFERA;SW 60MM";"VALVULA ESFERA;CONEXAO:SW 60MM;DADOS EXTRAS:MATERIAL:PVC;(VS);NORMA:NBR 5658/5626";UN;;32,648;32,648;32,648;32,648;32,648;27,439;27,439
1101353;493;35488359;11846;"TE RED PVC RIG PRED;90GR;20MMX1/2BSP";"TE REDUCAO PVC RIGIDO PREDIAL;ANGULO:90GR;APLICACAO:AGUA FRIA;CONEXAO:SOLDAVEL/ROSCAVEL;DIAMETRO/ROSCA:20MMX1/2BSP;DADOS EXTRAS:NORMA:NBR 5648;C/ROSCA BOLSA CENTRAL";UN;;1,891;1,891;1,891;1,891;1,891;1,815;1,815
1101354;494;35488375;11848;"TE RED PVC RIG PRED;90GR;25MMX3/4BSP";"TE REDUCAO PVC RIGIDO PREDIAL;ANGULO:90GR;APLICACAO:AGUA FRIA;CONEXAO:SOLDAVEL/ROSCAVEL;DIAMETRO/ROSCA:25MMX3/4BSP;DADOS EXTRAS:NORMA:NBR 5648;C/ROSCA BOLSA CENTRAL";UN;;2,103;2,103;2,103;2,103;2,103;1,949;1,949
1101356;504;35288350;11842;"TE PVC RIG PRED;90GR;AG FR;ROSC;1/2NPT";"TE PVC RIGIDO PREDIAL;ANGULACAO:90GR;APLICACAO:AGUA FRIA;CONEXAO:ROSCAVEL;DIAMETRO/ROSCA:1/2NPT;DADOS EXTRAS:NORMAL:NBR 5648";UN;;5,57;5,57;5,57;5,57;5,57;5,337;5,337
1101358;454;22200208;11834;"TE PVC RIG PRED;90GR;AG FR;SOLD;20MM";"TE PVC RIGIDO PREDIAL;ANGULACAO:90GR;APLICACAO:AGUA FRIA;CONEXAO:SOLDAVEL;DIAMETRO/ROSCA:20MM;DADOS EXTRAS:NORMA:ABNT NBR 5648,COR:MARROM;NORMA:NBR 5648";UN;;0,528;0,528;0,528;0,528;0,528;0,528;0,528
1101359;455;22200259;11835;"TE PVC RIG PRED;90GR;AG FR;SOLD;25MM";"TE PVC RIGIDO PREDIAL;ANGULACAO:90GR;APLICACAO:AGUA FRIA;CONEXAO:SOLDAVEL;DIAMETRO/ROSCA:25MM;DADOS EXTRAS:EQUIVALENCIA MERCADO: 3/4POL;CONFORME NORMA: ABNT NBR 5648;COR:MARROM;CLASSE PRESSAO:7,50KGF/CM2;NORMA:NBR 5648";UN;;0,672;0,672;0,672;0,672;0,672;0,64;0,64
1101360;456;22200321;11836;"TE PVC RIG PRED;90GR;AG FR;SOLD;32MM";"TE PVC RIGIDO PREDIAL;ANGULACAO:90GR;APLICACAO:AGUA FRIA;CONEXAO:SOLDAVEL;DIAMETRO/ROSCA:32MM;DADOS EXTRAS:EQUIVALENCIA MERCADO: 1POL;CONFORME NORMA: ABNT NBR 5648;COR: MARROM;NORMA:NBR 5648";UN;;2,456;2,456;2,456;2,456;2,456;2,357;2,357
1101361;457;22200402;11837;"TE PVC RIG PRED;90GR;AG FR;SOLD;40MM";"TE PVC RIGIDO PREDIAL;ANGULACAO:90GR;APLICACAO:AGUA FRIA;CONEXAO:SOLDAVEL;DIAMETRO/ROSCA:40MM;DADOS EXTRAS:COR: MARROM.;NORMA:NBR 5648";UN;;5,673;5,673;5,673;5,673;5,673;5,447;5,447
1101362;458;22200500;11838;"TE PVC RIG PRED;90GR;AG FR;SOLD;50MM";"TE PVC RIGIDO PREDIAL;ANGULACAO:90GR;APLICACAO:AGUA FRIA;CONEXAO:SOLDAVEL;DIAMETRO/ROSCA:50MM;DADOS EXTRAS:CONFORME NORMA: ABNT NBR 5648;COR:MARROM;NORMA:NBR 5648";UN;;5,325;5,325;5,325;5,325;5,325;5,303;5,303
1101363;459;22200607;11839;"TE PP;90GR;SOLD;60MM;7,5KGF/CM2";"TE POLIPROPILENO;ANGULO:90GR;CONEXAO:SOLDAVEL;DIAMETRO/ROSCA:60MM;PRESSAO NOMINAL:7,5KGF/CM2;DADOS EXTRAS:CONFORME NORMA:ABNT NBR 5648;COR:MARROM;NORMA:NBR 5648";UN;;14,636;14,636;14,636;14,636;14,636;14,054;14,054
1101364;460;22200755;11840;"TE PVC RIG PRED;90GR;AG FR;SOLD;75MM";"TE PVC RIGIDO PREDIAL;ANGULACAO:90GR;APLICACAO:AGUA FRIA;CONEXAO:SOLDAVEL;DIAMETRO/ROSCA:75MM;DADOS EXTRAS:CONFORME NORMA: ABNT NBR 5648;COR: MARROM;NORMA:NBR 5648";UN;;44,716;44,716;44,716;44,716;44,716;44,716;44,716
1101365;461;22200852;11841;"TE PVC RIG PRED;90GR;AG FR;SOLD;85MM";"TE PVC RIGIDO PREDIAL;ANGULACAO:90GR;APLICACAO:AGUA FRIA;CONEXAO:SOLDAVEL;DIAMETRO/ROSCA:85MM;DADOS EXTRAS:CONFORME NORMA:ABNT NBR 5648;COR:MARROM;CLASSE PRESSAO:7,50KGF/CM2;NORMA:NBR 5648";UN;;83,058;83,058;83,058;83,058;83,058;69,442;69,442
1101366;462;22201034;10014;"TE PVC RIG PRED;90GR;AG FR;SOLD;110MM";"TE PVC RIGIDO PREDIAL;ANGULACAO:90GR;APLICACAO:AGUA FRIA;CONEXAO:SOLDAVEL;DIAMETRO/ROSCA:110MM;DADOS EXTRAS:CONFORME NORMA: ABNT NBR 5648;COR:MARROM;NORMA:NBR 5648";UN;;110,063;110,063;110,063;110,063;110,063;110,063;110,063
1101371;463;22216660;11821;"TE RED PVC RIG PRED;90GR;AG FR;25X20MM";"TE REDUCAO PVC RIGIDO PREDIAL;ANGULO:90GR;APLICACAO:AGUA FRIA;CONEXAO:SOLDAVEL;DIAMETRO/ROSCA:25X20MM;DADOS EXTRAS:COR: MARROM;NORMA:NBR 5648";UN;;2,031;2,031;2,031;2,031;2,031;1,952;1,952
1101372;464;22216767;11822;"TE RED PVC RIG PRED;90GR;AG FR;32X25MM";"TE REDUCAO PVC RIGIDO PREDIAL;ANGULO:90GR;APLICACAO:AGUA FRIA;CONEXAO:SOLDAVEL;DIAMETRO/ROSCA:32X25MM;DADOS EXTRAS:COR: MARROM;NORMA:NBR 5648";UN;;5,145;5,145;5,145;5,145;5,145;4,442;4,442
1101373;465;22216821;11823;"TE RED PVC RIG PRED;90GR;AG FR;40X25MM";"TE REDUCAO PVC RIGIDO PREDIAL;ANGULO:90GR;APLICACAO:AGUA FRIA;CONEXAO:SOLDAVEL;DIAMETRO/ROSCA:40X25MM;DADOS EXTRAS:COR: MARROM;NORMA:NBR 5648";UN;;6,166;6,166;6,166;6,166;6,166;5,919;5,919
1101374;466;22216830;11824;"TE RED PVC RIG PRED;90GR;AG FR;40X32MM";"TE REDUCAO PVC RIGIDO PREDIAL;ANGULO:90GR;APLICACAO:AGUA FRIA;CONEXAO:SOLDAVEL;DIAMETRO/ROSCA:40X32MM;DADOS EXTRAS:COR: MARROM;NORMA:NBR 5648";UN;;7,613;7,613;7,613;7,613;7,613;7,155;7,155
1101376;468;22216902;11825;"TE RED PVC RIG PRED;90GR;AG FR;50X25MM";"TE REDUCAO PVC RIGIDO PREDIAL;ANGULO:90GR;APLICACAO:AGUA FRIA;CONEXAO:SOLDAVEL;DIAMETRO/ROSCA:50X25MM;DADOS EXTRAS:COR: MARROM;NORMA:NBR 5648";UN;;5,173;5,173;5,173;5,173;5,173;5,355;5,355
1101377;469;22216910;11826;"TE RED PVC RIG PRED;90GR;AG FR;50X32MM";"TE REDUCAO PVC RIGIDO PREDIAL;ANGULO:90GR;APLICACAO:AGUA FRIA;CONEXAO:SOLDAVEL;DIAMETRO/ROSCA:50X32MM;DADOS EXTRAS:COR:MARROM;NORMA:NBR 5648";UN;;8,269;8,269;8,269;8,269;8,269;7,94;7,94
1101378;470;22216929;11827;"TE RED PVC RIG PRED;90GR;AG FR;50X40MM";"TE REDUCAO PVC RIGIDO PREDIAL;ANGULO:90GR;APLICACAO:AGUA FRIA;CONEXAO:SOLDAVEL;DIAMETRO/ROSCA:50X40MM;DADOS EXTRAS:COR: MARROM;NORMA:NBR 5648";UN;;13,25;13,25;13,25;13,25;13,25;11,436;11,436
1101379;472;22217267;17850;"TE RED PVC RIG PRED;90GR;AG FR;75X50MM";"TE REDUCAO PVC RIGIDO PREDIAL;ANGULO:90GR;APLICACAO:AGUA FRIA;CONEXAO:SOLDAVEL;DIAMETRO/ROSCA:75X50MM;DADOS EXTRAS:COR: MARROM;NORMA:NBR 5648";UN;;52,671;52,671;52,671;52,671;52,671;52,671;52,671
1101380;870;22217372;17852;"TE RED PVC RIG PRED;90GR;AG FR;85X60MM";"TE REDUCAO PVC RIGIDO PREDIAL;ANGULO:90GR;APLICACAO:AGUA FRIA;CONEXAO:SOLDAVEL;DIAMETRO/ROSCA:85X60MM;DADOS EXTRAS:COR MARROM;NORMA:NBR 5648";UN;;91,67;91,67;91,67;91,67;91,67;91,67;91,67
1101381;872;22217526;17854;"TE RED PVC RIG PRED;90GR;AG FR;110X60MM";"TE REDUCAO PVC RIGIDO PREDIAL;ANGULO:90GR;APLICACAO:AGUA FRIA;CONEXAO:SOLDAVEL;DIAMETRO/ROSCA:110X60MM;DADOS EXTRAS:COR:MARROM;NORMA:NBR 5648";UN;;204,371;204,371;204,371;204,371;204,371;172,271;172,271
1101382;23;10120209;10457;"TUBO PVC RIG PRED;AG FR;SOLD;20MM;6000MM";"TUBO PVC RIGIDO PREDIAL;APLICACAO:AGUA FRIA;CONEXAO:SOLDAVEL;DIAMETRO/ROSCA:20MM;COMPRIMENTO:6000MM;DADOS EXTRAS:COR:MARROM;NORMA:NBR 5648";UN;;10,312;10,312;10,312;10,312;10,312;11,136;11,136
1101383;24;10120250;10458;"TUBO PVC RIG PRED;AG FR;SOLD;25MM;6000MM";"TUBO PVC RIGIDO PREDIAL;APLICACAO:AGUA FRIA;CONEXAO:SOLDAVEL;DIAMETRO/ROSCA:25MM;COMPRIMENTO:6000MM;DADOS EXTRAS:COR:MARROM;NORMA:NBR 5648";UN;;13,596;13,596;13,596;13,596;13,596;13,602;13,602
1101384;25;10120322;10459;"TUBO PVC RIG PRED;AG FR;SOLD;32MM;6000MM";"TUBO PVC RIGIDO PREDIAL;APLICACAO:AGUA FRIA;CONEXAO:SOLDAVEL;DIAMETRO/ROSCA:32MM;COMPRIMENTO:6000MM;DADOS EXTRAS:NORMA:NBR 5648";UN;;31,344;31,344;31,344;31,344;31,344;31,344;31,344
1101385;26;10120403;10460;"TUBO PVC RIG PRED;AG FR;SOLD;40MM;6000MM";"TUBO PVC RIGIDO PREDIAL;APLICACAO:AGUA FRIA;CONEXAO:SOLDAVEL;DIAMETRO/ROSCA:40MM;COMPRIMENTO:6000MM;DADOS EXTRAS:NORMA:NBR 5648";UN;;55,407;55,407;55,407;55,407;55,407;56,682;56,682
1101386;27;10120500;10461;"TUBO PVC RIG PRED;AG FR;SOLD;50MM;6000MM";"TUBO PVC RIGIDO PREDIAL;APLICACAO:AGUA FRIA;CONEXAO:SOLDAVEL;DIAMETRO/ROSCA:50MM;COMPRIMENTO:6000MM;DADOS EXTRAS:NORMA:NBR 5648";UN;;51,655;51,655;51,655;51,655;51,655;50,555;50,555
1101387;28;10120608;10462;"TUBO PVC RIG PRED;AG FR;SOLD;60MM;6000MM";"TUBO PVC RIGIDO PREDIAL;APLICACAO:AGUA FRIA;CONEXAO:SOLDAVEL;DIAMETRO/ROSCA:60MM;COMPRIMENTO:6000MM;DADOS EXTRAS:NORMA:NBR 5648";UN;;107,75;107,75;107,75;107,75;107,75;111,069;111,069
1101388;29;10120756;10003;"TUBO PVC RIG PRED;AG FR;SOLD;75MM;6000MM";"TUBO PVC RIGIDO PREDIAL;APLICACAO:AGUA FRIA;CONEXAO:SOLDAVEL;DIAMETRO/ROSCA:75MM;COMPRIMENTO:6000MM;DADOS EXTRAS:NORMA:NBR 5648";UN;;170,076;170,076;170,076;170,076;170,076;168,343;168,343
1101389;30;10120853;10004;"TUBO PVC RIG PRED;AG FR;SOLD;85MM;6000MM";"TUBO PVC RIGIDO PREDIAL;APLICACAO:AGUA FRIA;CONEXAO:SOLDAVEL;DIAMETRO/ROSCA:85MM;COMPRIMENTO:6000MM;DADOS EXTRAS:NORMA:NBR 5648";UN;;242,267;242,267;242,267;242,267;242,267;237,902;237,902
1101390;31;10121035;10005;"TUBO PVC RIG PRED;AG FR;110MM;6000MM";"TUBO PVC RIGIDO PREDIAL;APLICACAO:AGUA FRIA;CONEXAO:SOLDAVEL;DIAMETRO/ROSCA:110MM;COMPRIMENTO:6000MM;DADOS EXTRAS:NORMA:NBR 5648";UN;;474,181;474,181;474,181;474,181;474,181;387,983;387,983
1101392;474;22220250;11874;"UNIAO PVC RIG PRED;AG FR;SOLD;25MM";"UNIAO PVC RIGIDO PREDIAL;APLICACAO:AGUA FRIA;TIPO CONEXAO:SOLDAVEL;DIAMETRO/ROSCA:25MM;DADOS EXTRAS:EQUIVALENCIA MERCADO:3/4POL;COR: MARROM;CONFORME NORMA: NBR 5648;NORMA:NBR 5648";UN;;6,005;6,005;6,005;6,005;6,005;5,454;5,454
1101395;478;22220500;11877;"UNIAO PVC RIG PRED;AG FR;SOLD;50MM";"UNIAO PVC RIGIDO PREDIAL;APLICACAO:AGUA FRIA;TIPO CONEXAO:SOLDAVEL;DIAMETRO/ROSCA:50MM;DADOS EXTRAS:NORMA:NBR 5648";UN;;17,961;17,961;17,961;17,961;17,961;17,216;17,216
1101396;479;22220608;11878;"UNIAO PVC RIG PRED;AG FR;SOLD;60MM";"UNIAO PVC RIGIDO PREDIAL;APLICACAO:AGUA FRIA;TIPO CONEXAO:SOLDAVEL;DIAMETRO/ROSCA:60MM;DADOS EXTRAS:COR: MARROM;CONFORME NORMA: NBR 5648;NORMA:NBR 5648";UN;;60,439;60,439;60,439;60,439;60,439;56,363;56,363
1101397;480;;;"UNIAO PVC RIG PRED;AG FR;SOLD;75MM";"UNIAO PVC RIGIDO PREDIAL;APLICACAO:AGUA FRIA;TIPO CONEXAO:SOLDAVEL;DIAMETRO/ROSCA:75MM;DADOS EXTRAS:COR: MARROM;CONFORME NORMA: NBR 5648;NORMA:NBR 5648";UN;;71,577;71,577;71,577;71,577;71,577;71,577;71,577
1101398;481;;;"UNIAO PVC RIG PRED;AG FR;SOLD;85MM";"UNIAO PVC RIGIDO PREDIAL;APLICACAO:AGUA FRIA;TIPO CONEXAO:SOLDAVEL;DIAMETRO/ROSCA:85MM;DADOS EXTRAS:COR: MARROM;NORMA:NBR 5648";UN;;107,461;107,461;107,461;107,461;107,461;107,461;107,461
1101399;200;20002409;11474;"ADAPTADOR PVC RIG PRED;CX AGUA;1/2BSP";"ADAPTADOR PVC RIGIDO PREDIAL;APLICACAO:CAIXA AGUA;DIAMETRO/ROSCA:1/2BSP;DADOS EXTRAS:ROSCAVEL;C/ANEL;NBR 5648;TIPO CONEXAO:ROSCAVEL";UN;;6,919;6,919;6,919;6,919;6,919;6,922;6,922
1101400;201;20002425;11477;"ADAPTADOR PVC RIG PRED;CX AGUA;3/4BSP";"ADAPTADOR PVC RIGIDO PREDIAL;APLICACAO:CAIXA AGUA;DIAMETRO/ROSCA:3/4BSP;DADOS EXTRAS:ROSCAVEL;C/ANEL;NBR 5648;IPO CONEXAO:ROSCAVEL";UN;;6,886;6,886;6,886;6,886;6,886;6,879;6,879
1101401;202;20002441;11475;"ADAPTADOR PVC RIG PRED;CX AGUA;1BSP";"ADAPTADOR PVC RIGIDO PREDIAL;APLICACAO:CAIXA AGUA;DIAMETRO/ROSCA:1BSP;DADOS EXTRAS:ROSCAVEL;C/ANEL;NBR 5648";UN;;18,581;18,581;18,581;18,581;18,581;18,581;18,581
1101402;203;20002468;98895;"ADAPTADOR PVC RIG PRED;CX AGUA;1 1/4BSP";"ADAPTADOR PVC RIGIDO PREDIAL;APLICACAO:CAIXA AGUA;DIAMETRO/ROSCA:1 1/4BSP;DADOS EXTRAS:ROSCAVEL;C/ANEL;NBR 5648;TIPO CONEXAO:ROSCAVEL";UN;;23,709;23,709;23,709;23,709;23,709;23,709;23,709
1101403;204;20002484;11473;"ADAPTADOR PVC RIG PRED;CX AGUA;1 1/2BSP";"ADAPTADOR PVC RIGIDO PREDIAL;APLICACAO:CAIXA AGUA;DIAMETRO/ROSCA:1 1/2BSP;DADOS EXTRAS:TIPO CONEXAO:ROSCAVEL;C/ANEL;NBR 5648";UN;;19,992;19,992;19,992;19,992;19,992;19,992;19,992
1101404;208;20022507;11529;"BUCHA RED PVC;BR;ROSC;3/4X1/2BSP";"BUCHA REDUCAO PVC;COR:BRANCA;TIPO CONEXAO:ROSCAVEL;DIAMETRO/ROSCA:3/4X1/2BSP;DADOS EXTRAS:NORMA:NBR 5648";UN;;0,584;0,584;0,584;0,584;0,584;0,607;0,607
1101406;210;20022540;11526;"BUCHA RED PVC;BR;ROSC;1X3/4BSP";"BUCHA REDUCAO PVC;COR:BRANCA;TIPO CONEXAO:ROSCAVEL;DIAMETRO/ROSCA:1X3/4BSP;DADOS EXTRAS:NORMA:NBR 5648";UN;;2,109;2,109;2,109;2,109;2,109;2,11;2,11
1101417;220;20031859;11566;"CAP PVC RIG PRED;AG FR;ROSC;1/2BSP";"CAP PVC RIGIDO PREDIAL;APLICACAO:AGUA FRIA;CONEXAO:ROSCAVEL;DIAMETRO/ROSCA:1/2BSP;DADOS EXTRAS:COR:BRANCO;NORMA:NBR 5648";UN;;1,016;1,016;1,016;1,016;1,016;0,974;0,974
1101418;222;20031883;11567;"CAP PVC RIG PRED;AG FR;ROSC;3/4BSP";"CAP PVC RIGIDO PREDIAL;APLICACAO:AGUA FRIA;CONEXAO:ROSCAVEL;DIAMETRO/ROSCA:3/4BSP;DADOS EXTRAS:COR:BRANCO.;NORMA:NBR 5648";UN;;2,539;2,539;2,539;2,539;2,539;2,539;2,539
1101436;;20081856;11622;"FLANGE PVC RIG PRED;SEXT;S/FUROS;1/2BSP";"FLANGE PVC RIGIDO PREDIAL;CONSTRUCAO APERTO:SEXTAVADO;FURACAO:S/FUROS;APLICACAO:AGUA FRIA;DIAMETRO/ROSCA:1/2BSP;CONEXAO:ROSCAVEL;DADOS EXTRAS:NORMA:NBR 5648";UN;;#N/D;#N/D;#N/D;#N/D;#N/D;#N/D;#N/D
1101460;271;20121890;11736;"LUVA PVC RIG PRED;AG FR;ROSC;3/4BSP";"LUVA PVC RIGIDO PREDIAL;APLICACAO:AGUA FRIA;CONEXAO:ROSCAVEL;DIAMETRO/ROSCA:3/4BSP;DADOS EXTRAS:COR:BRANCO;NBR 5648";UN;;1,325;1,325;1,325;1,325;1,325;1,325;1,325
1101461;272;20121904;11731;"LUVA PVC RIG PRED;AG FR;ROSC;1BSP";"LUVA PVC RIGIDO PREDIAL;APLICACAO:AGUA FRIA;CONEXAO:ROSCAVEL;DIAMETRO/ROSCA:1BSP;DADOS EXTRAS:COR:BRANCO;NORMA:ABNT NBR 5648;CLASSE:7,5KGF/CM2;EXTREMIDADE ROSCA:BSP ISO 7-1 PADRAO";UN;;3,022;3,022;3,022;3,022;3,022;2,647;2,647
1101469;287;20151854;11758;"NIPLE PVC RIG PRED;AG FR;1/2BSP";"NIPLE PVC RIGIDO PREDIAL;APLICACAO:AGUA FRIA;DIAMETRO/ROSCA:1/2BSP;DADOS  EXTRAS:COR:BRANCO;NORMA:NBR 5648";UN;;0,497;0,497;0,497;0,497;0,497;0,497;0,497
1101475;293;20161850;11763;"PLUGUE PVC RIG PRED;AG FR;ROSC;1/2BSP";"PLUGUE PVC RIGIDO PREDIAL;APLICACAO:AGUA FRIA;CONEXAO:ROSCAVEL;DIAMETRO/ROSCA:1/2BSP;DADOS EXTRAS:NORMA:NBR 5648";UN;;0,381;0,381;0,381;0,381;0,381;0,398;0,398
1101476;294;20161884;11764;"PLUGUE PVC RIG PRED;AG FR;ROSC;3/4BSP";"PLUGUE PVC RIGIDO PREDIAL;APLICACAO:AGUA FRIA;CONEXAO:ROSCAVEL;DIAMETRO/ROSCA:3/4BSP;DADOS EXTRAS:NORMA:NBR 5648;COR:BRANCO";UN;;0,572;0,572;0,572;0,572;0,572;0,596;0,596
1101477;295;20161906;11761;"PLUGUE PVC RIG PRED;AG FR;ROSC;1BSP";"PLUGUE PVC RIGIDO PREDIAL;APLICACAO:AGUA FRIA;CONEXAO:ROSCAVEL;DIAMETRO/ROSCA:1BSP;DADOS EXTRAS:COR:BRANCO;NORMA:NBR 5648";UN;;1,706;1,706;1,706;1,706;1,706;1,63;1,63
1101479;296;20161949;11762;"PLUGUE PVC RIG PRED;AG FR;ROSC;1 1/2BSP";"PLUGUE PVC RIGIDO PREDIAL;APLICACAO:AGUA FRIA;CONEXAO:ROSCAVEL;DIAMETRO/ROSCA:1 1/2BSP;DADOS EXTRAS:NORMA:NBR 5648";UN;;6,903;6,903;6,903;6,903;6,903;4,357;4,357
1101482;301;20191856;11831;"TE PVC RIG PRED;90GR;AG FR;ROSC;1/2BSP";"TE PVC RIGIDO PREDIAL;ANGULACAO:90GR;APLICACAO:AGUA FRIA;CONEXAO:ROSCAVEL;DIAMETRO/ROSCA:1/2BSP;DADOS EXTRAS:NORMA:NBR 5648";UN;;8,657;8,657;8,657;8,657;8,657;8,301;8,301
1101506;655;26357462;11782;"LUVA RED PVC RIG PRED;ESG;100X50MM";"LUVA REDUCAO PVC RIGIDO PREDIAL;APLICACAO:ESGOTO;CONEXAO:PONTA BOLSA/JUNTA ELASTICA;DIAMETRO/ROSCA:100X50MM;FLANGE:S/ FLANGE;DADOS EXTRAS:EXCENTRICA;(SERIE NORMAL);NBR 7362/5688";UN;;3,586;3,586;3,586;3,586;3,586;3,902;3,902
1101507;656;26357470;11783;"LUVA RED PVC RIG PRED;ESG;100X75MM";"LUVA REDUCAO PVC RIGIDO PREDIAL;APLICACAO:ESGOTO;CONEXAO:PONTA BOLSA/JUNTA ELASTICA;DIAMETRO/ROSCA:100X75MM;FLANGE:S/ FLANGE;DADOS EXTRAS:EXCENTRICA;(SERIE NORMAL);NORMA:NBR 7362/5688";UN;;6,63;6,63;6,63;6,63;6,63;6,369;6,369
1101508;657;29587647;10050;"LUVA RED PVC RIG PRED;ESG;150X100MM";"LUVA REDUCAO PVC RIGIDO PREDIAL;APLICACAO:ESGOTO;CONEXAO:PONTA BOLSA/JUNTA ELASTICA;DIAMETRO/ROSCA:150X100MM;FLANGE:S/ FLANGE;DADOS EXTRAS:EXCENTRICA;(SERIE NORMAL);NBR 7362/5688";UN;;15,716;15,716;15,716;15,716;15,716;15,716;15,716
1101510;592;27396925;11518;"BUCHA RED PVC RIG PRED;ESG;50X40MM;NORM";"BUCHA REDUCAO PVC RIGIDO PREDIAL;APLICACAO:ESGOTO;TIPO CONEXAO:JUNTA ELASTICA;DIAMETRO/ROSCA:50X40MM;SERIE:NORMAL;CONSTRUCAO:LONGA;DADOS EXTRAS:NORMAS:NBR 7362/5688";UN;;1,261;1,261;1,261;1,261;1,261;1,238;1,238
1101514;654;26357292;11784;"LUVA RED PVC RIG PRED;ESG;75X50MM";"LUVA REDUCAO PVC RIGIDO PREDIAL;APLICACAO:ESGOTO;CONEXAO:PONTA BOLSA;DIAMETRO/ROSCA:75X50MM;FLANGE:S/ FLANGE;DADOS EXTRAS:TIPO:EXCENTRICA;(SERIE NORMAL);NORMAS: NBR 7362/5688";UN;;4,634;4,634;4,634;4,634;4,634;4,437;4,437
1101516;593;27400000;11561;"CAP PVC RIG PRED;ESG;40MM";"CAP PVC RIGIDO PREDIAL;APLICACAO:ESGOTO;CONEXAO:SOLDAVEL/JUNTA ELASTICA;DIAMETRO/ROSCA:40MM;DADOS EXTRAS:(SERIE NORMAL);NORMA:NBR 7362/5688";UN;;0,787;0,787;0,787;0,787;0,787;0,756;0,756
1101520;596;26061008;11560;"CAP PVC RIG PRED;ESG;100MM";"CAP PVC RIGIDO PREDIAL;P/:ESGOTO;CONEXAO:SOLDAVEL/JUNTA ELASTICA;DIAMETRO/ROSCA:100MM;DADOS EXTRAS:NORMAS:NBR 7362/5688;SERIE:NORMAL";UN;;4,741;4,741;4,741;4,741;4,741;4,544;4,544
1101522;1403;26750989;11578;"CAP PVC RIG PRED;ESG;75MM;REF";"CAP PVC RIGIDO PREDIAL;APLICACAO:ESGOTO;CONEXAO:BOLSA DUPLA ATUACAO;DIAMETRO/ROSCA:75MM;SERIE:REFORCADO;DADOS EXTRAS:NORMAS:NBR 7362/5688";UN;;3,809;3,809;3,809;3,809;3,809;3,661;3,661
1101523;1404;26751004;11577;"CAP PVC RIG PRED;ESG;100MM;REF";"CAP PVC RIGIDO PREDIAL;APLICACAO:ESGOTO;CONEXAO:BOLSA DUPLA ATUACAO;DIAMETRO/ROSCA:100MM;SERIE:REFORCADO;DADOS EXTRAS:NORMAS:NBR 7362/5688";UN;;7,601;7,601;7,601;7,601;7,601;7,601;7,601
1101524;1405;26751020;11356;"CAP PVC RIG PRED;ESG;150MM;REF";"CAP PVC RIGIDO PREDIAL;APLICACAO:ESGOTO;CONEXAO:BOLSA DUPLA ATUACAO;DIAMETRO/ROSCA:150MM;SERIE:REFORCADO;DADOS EXTRAS:NORMAS:NBR 7362/5688";UN;;15,088;15,088;15,088;15,088;15,088;15,088;15,088
1101526;614;26211000;18890;"JOELHO PVC RIG PRED;45GR;ESG;100MM;NORM";"JOELHO PVC RIGIDO PREDIAL;ANGULO:45GR;APLICACAO:ESGOTO;CONEXAO:SOLDAVEL/JUNTA ELASTICA;DIAMETRO/ROSCA:100MM;SERIE:NORMAL;DADOS EXTRAS:NORMA:NBR 7362/5688";UN;;4,487;4,487;4,487;4,487;4,487;3,909;3,909
1101528;599;27410405;11586;"CURVA PVC RIG PRED;90GR;CT;ESG;40MM";"CURVA PVC RIGIDO PREDIAL;ANGULO:90GR;RAIO:CURTO;P/:ESGOTO;CONEXAO:SOLDAVEL/JUNTA ELASTICA;DIAMETRO/ROSCA:40MM;DADOS EXTRAS:NORMA:NBR 7362/5688;SERIE:NORMAL";UN;;2,37;2,37;2,37;2,37;2,37;2,448;2,448
1101529;600;26110505;11587;"CURVA PVC RIG PRED;90GR;CT;ESG;50MM;NORM";"CURVA PVC RIGIDO PREDIAL;ANGULO:90GR;RAIO:CURTO;APLICACAO:ESGOTO;CONEXAO:SOLDAVEL/JUNTA ELASTICA;DIAMETRO/ROSCA:50MM;SERIE:NORMAL;DADOS EXTRAS:NORMA:NBR 7362/5688";UN;;5,682;5,682;5,682;5,682;5,682;5,458;5,458
1101530;601;26110750;11588;"CURVA PVC RIG PRED;90GR;CT;ESG;75MM;NORM";"CURVA PVC RIGIDO PREDIAL;ANGULO:90GR;RAIO:CURTO;APLICACAO:ESGOTO;CONEXAO:SOLDAVEL/JUNTA ELASTICA;DIAMETRO/ROSCA:75MM;SERIE:NORMAL;DADOS EXTRAS:NORMA:NBR 7362/5688";UN;;9,75;9,75;9,75;9,75;9,75;9,63;9,63
1101531;602;26111005;11585;"CURVA PVC RIG PRED;90GR;CT;ESG;100MM";"CURVA PVC RIGIDO PREDIAL;ANGULO:90GR;RAIO:CURTO;APLICACAO:ESGOTO;CONEXAO:SOLDAVEL/JUNTA ELASTICA;DIAMETRO/ROSCA:100MM;SERIE:NORMAL;DADOS EXTRAS:NORMA:NBR 7362/5688";UN;;13,305;13,305;13,305;13,305;13,305;12,769;12,769
1101534;609;26101000;12072;"CURVA PVC RIG PRED;45GR;LG;ESG;100MM";"CURVA PVC RIGIDO PREDIAL;ANGULO:45GR;RAIO:LONGO;APLICACAO:ESGOTO;CONEXAO:SOLDAVEL/JUNTA ELASTICA;DIAMETRO/ROSCA:100MM;SERIE:NORMAL;DADOS EXTRAS:NORMAS:NBR 7362/5688";UN;;27,313;27,313;27,313;27,313;27,313;27,313;27,313
1101540;633;27420400;90586;"CURVA PVC RIG PRED;90GR;LG;ESG;SOLD;40MM";"CURVA PVC RIGIDO PREDIAL;ANGULO:90GR;RAIO:LONGO;P/:ESGOTO;CONEXAO:SOLDAVEL;DIAMETRO/ROSCA :40MM;DADOS EXTRAS:NORMAS:NBR 7362/5688;SERIE:NORMAL";UN;;4,364;4,364;4,364;4,364;4,364;4,364;4,364
1101541;634;26120500;90593;"CURVA PVC RIG PRED;90GR;LG;ESG;50MM;NORM";"CURVA PVC RIGIDO PREDIAL;ANGULO:90GR;RAIO:LONGO;APLICACAO:ESGOTO;CONEXAO:SOLDAVEL/JUNTA ELASTICA;DIAMETRO/ROSCA:50MM;SERIE:NORMAL;DADOS EXTRAS:NORMA:NBR 7362/5688";UN;;10,198;10,198;10,198;10,198;10,198;5,551;5,551
1101543;636;26121000;90595;"CURVA PVC RIG PRED;90GR;LG;ESG;100MM";"CURVA PVC RIGIDO PREDIAL;ANGULO:90GR;RAIO:LONGO;APLICACAO:ESGOTO;CONEXAO:SOLDAVEL/JUNTA ELASTICA;DIAMETRO/ROSCA:100MM;SERIE:NORMAL;DADOS EXTRAS:NORMA:NBR 7362/5688";UN;;33,637;33,637;33,637;33,637;33,637;33,637;33,637
1101545;611;27550401;11632;"JOELHO PVC RIG PRED;45GR;ESG;40MM";"JOELHO PVC RIGIDO PREDIAL;ANGULO:45GR;APLICACAO:ESGOTO;CONEXAO:SOLDAVEL/JUNTA ELASTICA;DIAMETRO/ROSCA:40MM;SERIE:SERIE NORMAL;DADOS EXTRAS:NORMA:NBR 7362/5688";UN;;1,06;1,06;1,06;1,06;1,06;1,143;1,143
1101546;612;26210500;11633;"JOELHO PVC RIG PRED;45GR;ESG;50MM";"JOELHO PVC RIGIDO PREDIAL;ANGULO:45GR;APLICACAO:ESGOTO;CONEXAO:SOLDAVEL/JUNTA ELASTICA;DIAMETRO/ROSCA:50MM;SERIE:SERIE NORMAL;DADOS EXTRAS:NORMA:NBR 7362/5688";UN;;1,894;1,894;1,894;1,894;1,894;1,814;1,814
1101547;613;26210755;11634;"JOELHO PVC RIG PRED;45GR;ESG;75MM;NORM";"JOELHO PVC RIGIDO PREDIAL;ANGULO:45GR;APLICACAO:ESGOTO;CONEXAO:SOLDAVEL/JUNTA ELASTICA;DIAMETRO/ROSCA:75MM;SERIE:NORMAL;DADOS EXTRAS:NORMAS:NBR 7362/5688";UN;;4,48;4,48;4,48;4,48;4,48;4,302;4,302
1101549;615;26211506;10051;"JOELHO PVC RIG PRED;45GR;ESG;150MM";"JOELHO PVC RIGIDO PREDIAL;ANGULO:45GR;APLICACAO:ESGOTO;CONEXAO:SOLDAVEL/JUNTA ELASTICA;DIAMETRO/ROSCA:150MM;SERIE:SERIE NORMAL;DADOS EXTRAS:NORMA:NBR 7362/5688";UN;;25,952;25,952;25,952;25,952;25,952;25,952;25,952
1101554;616;27560407;11656;JOELHO ESG 90°X40MM (NORMAL);JOELHO PVC ESGOTO 90°X40MM (SERIE NORMAL) NBR 7362/5688;UN;;0,77;0,77;0,77;0,77;0,77;0,701;0,701
1101556;617;26240506;11657;"JOELHO PVC RIG PRED;90GR;ESG;50MM";"JOELHO PVC RIGIDO PREDIAL;ANGULO:90GR;APLICACAO:ESGOTO;CONEXAO:SOLDAVEL/JUNTA ELASTICA;DIAMETRO/ROSCA:50MM;SERIE:SERIE NORMAL;DADOS EXTRAS:NORMAS:NBR 7362/5688";UN;;1,513;1,513;1,513;1,513;1,513;1,613;1,613
1101557;618;26240751;11658;"JOELHO PVC RIG PRED;90GR;ESG;75MM";"JOELHO PVC RIGIDO PREDIAL;ANGULO:90GR;P/:ESGOTO;CONEXAO:SOLDAVEL/JUNTA ELASTICA;DIAMETRO/ROSCA:75MM;DADOS EXTRAS:NORMA:NBR 7362/5688;SERIE:NORMAL";UN;;3,045;3,045;3,045;3,045;3,045;2,955;2,955
1101558;619;26241006;11655;"JOELHO PVC RIG PRED;90GR;ESG;100MM";"JOELHO PVC RIGIDO PREDIAL;ANGULO:90GR;APLICACAO:ESGOTO;CONEXAO:SOLDAVEL/JUNTA ELASTICA;DIAMETRO/ROSCA:100MM;SERIE:SERIE NORMAL;DADOS EXTRAS:NORMA:NBR 7362/5688";UN;;3,928;3,928;3,928;3,928;3,928;3,495;3,495
1101559;621;26241502;10049;"JOELHO PVC RIG PRED;90GR;ESG;150MM";"JOELHO PVC RIGIDO PREDIAL;ANGULO:90GR;APLICACAO:ESGOTO;CONEXAO:SOLDAVEL/JUNTA ELASTICA;DIAMETRO/ROSCA:150MM;SERIE:SERIE NORMAL;DADOS EXTRAS:NORMAS:NBR  7362/5688";UN;;26,934;26,934;26,934;26,934;26,934;24,777;24,777
1101562;622;26257468;11653;"JOELHO RED PVC RIG PRED;90GR;100X50MM";"JOELHO REDUCAO PVC RIGIDO PREDIAL;ANGULO:90GR;APLICACAO:ESGOTO;CONEXAO:SOLDAVEL/JUNTA ELASTICA;DIAMETRO/ROSCA:100X50MM;BUCHA LATAO:C/ BUCHA LATAO;DADOS EXTRAS:SERIE NORMAL;NORMAS:NBR 7362/5688";UN;;12,128;12,128;12,128;12,128;12,128;12,072;12,072
1101567;1416;26751500;11635;"JOELHO PVC RIG PRED;45GR;ESG;100MM";"JOELHO PVC RIGIDO PREDIAL;ANGULO:45GR;APLICACAO:ESGOTO;CONEXAO:SOLDAVEL/FLANGE;DIAMETRO/RO SCA:100MM;SERIE:SERIE REFORCADA;DADOS EXTRAS:NORMAS:NBR 7362/5688";UN;;12,596;12,596;12,596;12,596;12,596;12,11;12,11
1101568;1417;26751527;11382;"JOELHO PVC RIG PRED;45GR;ESG;150MM";"JOELHO PVC RIGIDO PREDIAL;ANGULO:45GR;APLICACAO:ESGOTO;CONEXAO:SOLDAVEL/JUNTA ELASTICA;DIAMETRO/ROSCA:150MM;SERIE:SERIE REFORCADA;DADOS EXTRAS:NORMA:NBR 7362/5688";UN;;27,508;27,508;27,508;27,508;27,508;27,508;27,508
1101570;1420;26751578;12494;"JOELHO PVC RIG PRED;90GR;ESG;50MM";"JOELHO PVC RIGIDO PREDIAL;ANGULO:90GR;APLICACAO:ESGOTO;CONEXAO:SOLDAVEL/JUNTA ELASTICA;DIAMETRO/ROSCA:50MM;SERIE:SERIE REFORCADA;DADOS EXTRAS:NORMA:NBR 7362/5688";UN;;4,404;4,404;4,404;4,404;4,404;4,234;4,234
1101571;1421;26751586;11660;"JOELHO PVC RIG PRED;90GR;ESG;75MM";"JOELHO PVC RIGIDO PREDIAL;ANGULO:90GR;APLICACAO:ESGOTO;CONEXAO:SOLDAVEL/JUNTA ELASTICA;DIAMETRO/ROSCA:75MM;SERIE:SERIE REFORCADA;DADOS EXTRAS:NORMAS:NBR 7362/5688";UN;;8,613;8,613;8,613;8,613;8,613;8,283;8,283
1101572;1422;26751608;11659;"JOELHO PVC RIG PRED;90GR;ESG;100MM";"JOELHO PVC RIGIDO PREDIAL;ANGULO:90GR;APLICACAO:ESGOTO;CONEXAO:SOLDAVEL/JUNTA ELASTICA;DIAMETRO/ROSCA:100MM;SERIE:SERIE REFORCADA;DADOS EXTRAS:NORMA:NBR 7362/5688";UN;;15,285;15,285;15,285;15,285;15,285;15,285;15,285
1101573;1423;26751624;11388;"JOELHO PVC RIG PRED;90GR;ESG;150MM;REF";"JOELHO PVC RIGIDO PREDIAL;ANGULO:90GR;APLICACAO:ESGOTO;CONEXAO:SOLDAVEL/JUNTA ELASTICA;DIAMETRO/ROSCA:150MM;SERIE:REFORCADA;DADOS EXTRAS:NORMAS:NBR 7362/5688";UN;;38,794;38,794;38,794;38,794;38,794;38,794;38,794
1101575;626;27710409;11702;"JUNCAO PVC RIG SAN;SIMP;ESG;40X40MM;45GR";"JUNCAO PVC RIGIDO SANEAMENTO;CONSTRUCAO:SIMPLES;APLICACAO:ESGOTO;CONEXAO:JUNTA ELASTICA;BITOLA:40X40MM;ANGULO:45GR;DADOS EXTRAS:SERIE NORMAL;NORMA:NBR 7362/5688";UN;;2,15;2,15;2,15;2,15;2,15;2,219;2,219
1101576;627;26276942;11703;"JUNCAO PVC RIG SAN;SIMP;ESG;50X50MM;45GR";"JUNCAO PVC RIGIDO SANEAMENTO;CONSTRUCAO:SIMPLES;APLICACAO:ESGOTO;CONEXAO:JUNTA ELASTICA;BITOLA:50X50MM;ANGULO:45GR;DADOS EXTRAS:SERIE NORMAL;NORMA:NBR 7362/5688";UN;;5,528;5,528;5,528;5,528;5,528;5,298;5,298
1101577;628;26277299;11704;"JUNCAO PVC RIG SAN;SIMP;ESG;75X75MM;45GR";"JUNCAO PVC RIGIDO SANEAMENTO;CONSTRUCAO:SIMPLES;APLICACAO:ESGOTO;CONEXAO:JUNTA ELASTICA;BITOLA:75X75MM;ANGULO:45GR;DADOS EXTRAS:SERIE NORMAL;NORMA:NBR 7362/5688";UN;;14,05;14,05;14,05;14,05;14,05;13,471;13,471
1101578;629;26277485;11699;"JUNCAO PVC RIG SAN;SIMP;ESG;100X100MM";"JUNCAO PVC RIGIDO SANEAMENTO;CONSTRUCAO:SIMPLES;APLICACAO:ESGOTO;CONEXAO:JUNTA ELASTICA;BITOLA:100X100MM;ANGULO:45GR;DADOS EXTRAS:SERIE NORMAL;NORMA:NBR 7362/5688";UN;;13,731;13,731;13,731;13,731;13,731;12,479;12,479
1101579;630;26277523;11397;"JUNCAO PVC RIG SAN;SIMP;ESG;150X150MM";"JUNCAO PVC RIGIDO SANEAMENTO;CONSTRUCAO:SIMPLES;APLICACAO:ESGOTO;CONEXAO:JUNTA ELASTICA;BITOLA:150X150MM;ANGULO:45GR;DADOS EXTRAS:SERIE NORMAL;NORMA:NBR 7362/5688";UN;;60,921;60,921;60,921;60,921;60,921;57,466;57,466
1101581;708;26288231;11693;"JUNCAO PVC RIG PRED;DUPL;ESG;75X75MM";"JUNCAO PVC RIGIDO PREDIAL;CONSTRUCAO:DUPLA;APLICACAO:ESGOTO;CONEXAO:SOLDAVEL/JUNTA ELASTICA;BITOLA:75X75MM;ANGULO:45GR;DADOS EXTRAS:SERIE NORMAL;NORMA:NBR 7362/5688";UN;;19,701;19,701;19,701;19,701;19,701;19,701;19,701
1101582;638;26277264;11705;"JUNCAO PVC RIG SAN;SIMP;ESG;75X50MM;45GR";"JUNCAO PVC RIGIDO SANEAMENTO;CONSTRUCAO:SIMPLES;APLICACAO:ESGOTO;CONEXAO:JUNTA ELASTICA;BITOLA:75X50MM;ANGULO:45GR;DADOS EXTRAS:SERIE NORMAL;NORMA:NBR 7362/5688";UN;;9,797;9,797;9,797;9,797;9,797;5,368;5,368
1101584;639;26277469;11700;"JUNCAO PVC RIG SAN;SIMP;ESG;100X50MM";"JUNCAO PVC RIGIDO SANEAMENTO;CONSTRUCAO:SIMPLES;APLICACAO:ESGOTO;CONEXAO:JUNTA ELASTICA;BITOLA:100X50MM;ANGULO:45GR;DADOS EXTRAS:SERIE NORMAL;NORMA:NBR  7362/5688";UN;;9,545;9,545;9,545;9,545;9,545;9,545;9,545
1101585;640;26277477;11701;"JUNCAO PVC RIG SAN;SIMP;ESG;100X75MM";"JUNCAO PVC RIGIDO SANEAMENTO;CONSTRUCAO:SIMPLES;APLICACAO:ESGOTO;CONEXAO:JUNTA ELASTICA;BITOLA:100X75MM;ANGULO:45GR;DADOS EXTRAS:SERIE NORMAL;NORMA:NBR 7362/5688";UN;;17,771;17,771;17,771;17,771;17,771;15,339;15,339
1101586;641;26277540;11398;"JUNCAO PVC RIG SAN;SIMP;ESG;150X100MM";"JUNCAO PVC RIGIDO SANEAMENTO;CONSTRUCAO:SIMPLES;APLICACAO:ESGOTO;CONEXAO:JUNTA ELASTICA;BITOLA:150X100MM;ANGULO:45GR;DADOS EXTRAS:SERIE NORMAL;NORMA:NBR 7362/5688";UN;;44,646;44,646;44,646;44,646;44,646;38,525;38,525
1101590;652;26321000;11710;"LUVA CORR PVC RIG SAN;ESG;BOLS/BOLS";"LUVA CORRER PVC RIGIDO SANEAMENTO;APLICACAO:ESGOTO;CONEXAO:BOLSA/BOLSA;DIAMETRO:100MM;DADOS EXTRAS:SERIE NORMAL;NORMA:NBR 7362/5688";UN;;12,1;12,1;12,1;12,1;12,1;11,613;11,613
1101591;653;26321506;90668;"LUVA CORR PVC RIG SAN;ESG;BOLS C/ANEL";"LUVA CORRER PVC RIGIDO SANEAMENTO;APLICACAO:ESGOTO;CONEXAO:BOLSA C/ANEL;DIAMETRO:150MM;DADOS EXTRAS:COR:OCRE;SERIE NORMAL;NORMA:NBR 7362/5688";UN;;28,841;28,841;28,841;28,841;28,841;28,841;28,841
1101592;644;27580408;11723;"LUVA PVC RIG PRED;ESG;PONT/BOLS;40MM";"LUVA PVC RIGIDO PREDIAL;APLICACAO:ESGOTO;CONEXAO:PONTA/BOLSA;DIAMETRO/ROSCA:40MM;SERIE:N ORMAL;DADOS EXTRAS:MODELO:SIMPLES;NORMA:NBR 7362/5688";UN;;0,842;0,842;0,842;0,842;0,842;0,808;0,808
1101593;645;26300509;11738;"LUVA PVC RIG PRED;ESG;PONT/BOLS;50MM";"LUVA PVC RIGIDO PREDIAL;APLICACAO:ESGOTO;CONEXAO:PONTA/BOLSA;DIAMETRO/ROSCA:50MM;SERIE:N ORMAL;DADOS EXTRAS:MODELO:SIMPLES;NORMA:NBR 7362/5688";UN;;1,524;1,524;1,524;1,524;1,524;1,415;1,415
1101594;646;26300754;11739;"LUVA PVC RIG PRED;ESG;PONT/BOLS;75MM";"LUVA PVC RIGIDO PREDIAL;APLICACAO:ESGOTO;CONEXAO:PONTA/BOLSA;DIAMETRO/ROSCA:75MM;SERIE:N ORMAL;DADOS EXTRAS:MODELO:SIMPLES;NORMA:NBR 7362/5688";UN;;3,085;3,085;3,085;3,085;3,085;2,956;2,956
1101595;647;26301009;11737;"LUVA PVC RIG PRED;ESG;PONT/BOLS;100MM";"LUVA PVC RIGIDO PREDIAL;APLICACAO:ESGOTO;CONEXAO:PONTA/BOLSA;DIAMETRO/ROSCA:100MM;SERIE: NORMAL;DADOS EXTRAS:MODELO:SIMPLES;NORMA:NBR 7362/5688";UN;;3,054;3,054;3,054;3,054;3,054;2,931;2,931
1101596;648;26301505;10053;"LUVA PVC RIG PRED;ESG;PONT/BOLS;150MM";"LUVA PVC RIGIDO PREDIAL;APLICACAO:ESGOTO;CONEXAO:PONTA/BOLSA;DIAMETRO/ROSCA:150MM;SERIE: NORMAL;DADOS EXTRAS:MODELO:SIMPLES;NORMA:NBR 7362/5688";UN;;15,206;15,206;15,206;15,206;15,206;14,604;14,604
1101598;720;26302005;17307;"LUVA PVC RIG PRED;ESG;PONT/BOLS;200MM";"LUVA PVC RIGIDO PREDIAL;APLICACAO:ESGOTO;CONEXAO:PONTA/BOLSA;DIAMETRO/ROSCA:200MM;SERIE: NORMAL;DADOS EXTRAS:MODELO:SIMPLES;NORMA:NBR 7362/5688";UN;;30,467;30,467;30,467;30,467;30,467;31,341;31,341
1101604;594;26060508;11562;"CAP PVC RIG PRED;ESG;50MM";"CAP PVC RIGIDO PREDIAL;P/:ESGOTO;CONEXAO:SOLDAVEL/JUNTA ELASTICA;DIAMETRO/ROSCA:50MM;DADOS EXTRAS:NORMAS:NBR 7362/5688;SERIE:NORMAL";UN;;2,173;2,173;2,173;2,173;2,173;2,027;2,027
1101605;595;26060753;11563;"CAP PVC RIG PRED;ESG;75MM";"CAP PVC RIGIDO PREDIAL;P/:ESGOTO;CONEXAO:SOLDAVEL/JUNTA ELASTICA;DIAMETRO/ROSCA:75MM;DADOS EXTRAS:NORMAS:NBR 7362/5688;SERIE:NORMAL";UN;;3,78;3,78;3,78;3,78;3,78;3,633;3,633
1101618;658;27690408;11802;"TE PVC RIG PRED;90GR;ESG;40X40MM";"TE PVC RIGIDO PREDIAL;ANGULACAO:90GR;P/:ESGOTO;CONEXAO:SOLDAVEL/JUNTA ELASTICA;DIAMETRO/ROSCA:40X40MM;DADOS EXTRAS:NORMA:NBR 7362/5688;SERIE:NORMAL";UN;;1,404;1,404;1,404;1,404;1,404;1,564;1,564
1101619;659;26366941;11803;"TE PVC RIG PRED;90GR;ESG;50X50MM";"TE PVC RIGIDO PREDIAL;ANGULACAO:90GR;P/:ESGOTO;CONEXAO:SOLDAVEL/JUNTA ELASTICA;DIAMETRO/ROSCA:50X50MM;DADOS EXTRAS:NORMA:NBR 7362/5688;S/ROSCA;SERIE:NORMAL";UN;;3,861;3,861;3,861;3,861;3,861;3,776;3,776
1101620;660;26367298;11804;"TE PVC RIG PRED;90GR;ESG;75X75MM";"TE PVC RIGIDO PREDIAL;ANGULACAO:90GR;P/:ESGOTO;CONEXAO:SOLDAVEL/JUNTA ELASTICA;DIAMETRO/ROSCA:75X75MM;DADOS EXTRAS:NORMA:NBR 7362/5688;SERIE:NORMAL";UN;;9,078;9,078;9,078;9,078;9,078;8,707;8,707
1101621;661;26367484;11801;"TE PVC RIG PRED;90GR;ESG;100X100MM";"TE PVC RIGIDO PREDIAL;ANGULACAO:90GR;P/:ESGOTO;CONEXAO:SOLDAVEL/JUNTA ELASTICA;DIAMETRO/ROSCA:100X100MM;DADOS EXTRAS:NORMAS:NBR 7362/5688";UN;;7,97;7,97;7,97;7,97;7,97;7,761;7,761
1101622;662;26367492;10054;"TE PVC RIG PRED;90GR;ESG;150X150MM";"TE PVC RIGIDO PREDIAL;ANGULACAO:90GR;P/:ESGOTO;CONEXAO:SOLDAVEL/JUNTA ELASTICA;DIAMETRO/ROSCA:150X150MM;DADOS EXTRAS:NORMAS:NBR 7362/5688";UN;;36,893;36,893;36,893;36,893;36,893;36,8;36,8
1101625;663;26367263;11816;"TE RED PVC RIG PRED;90GR;ESG;75X50MM";"TE REDUCAO PVC RIGIDO PREDIAL;ANGULO:90GR;APLICACAO:ESGOTO;CONEXAO:JUNTA  ELASTICA;DIAMETRO/ROSCA:75X50MM;DADOS EXTRAS:NORMA:NBR 7362/5688";UN;;8,32;8,32;8,32;8,32;8,32;7,987;7,987
1101626;664;26367468;11814;"TE RED PVC RIG PRED;90GR;ESG;100X50MM";"TE REDUCAO PVC RIGIDO PREDIAL;ANGULO:90GR;APLICACAO:ESGOTO;CONEXAO:JUNTA  ELASTICA;DIAMETRO/ROSCA:100X50MM;DADOS EXTRAS:NORMA:NBR 7362/5688";UN;;7,476;7,476;7,476;7,476;7,476;7,23;7,23
1101627;665;26367476;11815;"TE RED PVC RIG PRED;90GR;ESG;100X75MM";"TE REDUCAO PVC RIGIDO PREDIAL;ANGULO:90GR;APLICACAO:ESGOTO;CONEXAO:JUNTA  ELASTICA;DIAMETRO/ROSCA:100X75MM;DADOS EXTRAS:NORMA:NBR 7362/5688";UN;;13,25;13,25;13,25;13,25;13,25;11,436;11,436
1101628;666;26367514;11441;"TE RED PVC RIG PRED;90GR;ESG;150X100MM";"TE REDUCAO PVC RIGIDO PREDIAL;ANGULO:90GR;APLICACAO:ESGOTO;CONEXAO:JUNTA  ELASTICA;DIAMETRO/ROSCA:150X100MM;DADOS EXTRAS:NORMAS:NBR 7362/5688";UN;;#N/D;#N/D;#N/D;#N/D;#N/D;34,27;34,27
1101634;101;11030602;10470;"TUBO PVC RIG PRED;ESG;50MM;6000MM";"TUBO PVC RIGIDO PREDIAL;APLICACAO:ESGOTO;CONEXAO:JUNTA ELASTICA;DIAMETRO/ROSCA:50MM;COMPRIMENTO:6000MM;DADOS EXTRAS:NORMA:NBR 7362/5688;SERIE NORMAL;COR:BRANCO";UN;;35,007;35,007;35,007;35,007;35,007;37,251;37,251
1101635;102;11030904;10471;"TUBO PVC RIG PRED;ESG;75MM;6000MM";"TUBO PVC RIGIDO PREDIAL;APLICACAO:ESGOTO;CONEXAO:JUNTA ELASTICA;DIAMETRO/ROSCA:75MM;COMPRIMENTO:6000MM;DADOS EXTRAS:NORMA:NBR 7362/5688;SERIE NORMAL;COR:BRANCA";UN;;49,793;49,793;49,793;49,793;49,793;53,851;53,851
1101636;103;11031030;10472;TUBO ESG 6M 100MM (NORMAL);TUBO PVC ESGOTO 6M 100MM (SERIE NORMAL) NBR 7362/5688;UN;;54,851;54,851;54,851;54,851;54,851;51,381;51,381
1101638;104;11031501;10473;TUBO ESG 6M 150MM (NORMAL);TUBO PVC ESGOTO 6M 150MM (SERIE NORMAL) NBR 7362/5688;UN;;131,692;131,692;131,692;131,692;131,692;135,284;135,284
1101639;105;11032036;16603;TUBO ESG 6M 200MM (NORMAL);TUBO PVC ESGOTO 6M 200MM (SERIE NORMAL) NBR 7362/5688;UN;;352,554;352,554;352,554;352,554;352,554;304,4;304,4
1101645;1362;22851608;20288;"LUVA TRANSIC CPVC RIG PRED;SOLD/ROSC";"LUVA TRANSICAO CPVC RIGIDO PREDIAL;APLICACAO:AGUA FRIA/AGUA QUENTE;CONEXAO:SOLDAVEL/ROSCAVEL;DIAMETRO/ROSCA:15MMX1/2BSP;DADOS EXTRAS:C/BUCHA LATAO;NORMA:NBR 15884";UN;;7,881;7,881;7,881;7,881;7,881;7,052;7,052
1101659;1345;;;"JOELHO CPVC RIG PRED;45GR;SOLD;22MM";"JOELHO CPVC RIGIDO PREDIAL;ANGULO:45GR;APLICACAO:AGUA FRIA/AGUA QUENTE;CONEXAO:SOLDAVEL;DIAMETRO/ROSCA:22MM;DADOS EXTRAS:NORMA:NBR 15884";UN;;2,043;2,043;2,043;2,043;2,043;2,043;2,043
1101660;1347;22850903;20261;"JOELHO CPVC RIG PRED;90GR;SOLD;15MM";"JOELHO CPVC RIGIDO PREDIAL;ANGULO:90GR;APLICACAO:AGUA FRIA/AGUA QUENTE;CONEXAO:SOLDAVEL;DIAMETRO/ROSCA:15MM;DADOS EXTRAS:NORMA:NBR 15884";UN;;1,39;1,39;1,39;1,39;1,39;1,268;1,268
1101661;1348;22850954;20262;"JOELHO CPVC RIG PRED;90GR;SOLD;22MM";"JOELHO CPVC RIGIDO PREDIAL;ANGULO:90GR;APLICACAO:AGUA FRIA/AGUA QUENTE;CONEXAO:SOLDAVEL;DIAMETRO/ROSCA:22MM;DADOS EXTRAS:NORMA:NBR 15884";UN;;1,808;1,808;1,808;1,808;1,808;1,778;1,778
1101664;1352;22851225;20266;"JOELHO CPVC RIG PRED;90GR;22MMX3/4BSP";"JOELHO CPVC RIGIDO PREDIAL;ANGULO:90GR;APLICACAO:AGUA FRIA/AGUA QUENTE;CONEXAO:SOLDAVEL/ROSCAVEL;DIAMETRO/ROSCA:22MMX3/4BSP;DADOS EXTRAS:TRANSICAO;NORMA:NBR 15884";UN;;8,752;8,752;8,752;8,752;8,752;8,313;8,313
1101665;1357;22851403;20279;"LUVA CPVC RIG PRED;AGUA FRIA/AGUA QUENT";"LUVA CPVC RIGIDO PREDIAL;APLICACAO:AGUA FRIA/AGUA QUENTE;CONEXAO:SOLDAVEL;DIAMETRO/ROSCA:15MM;DADOS EXTRAS:NORMA:NBR 15884;SIMPLES";UN;;0,891;0,891;0,891;0,891;0,891;0,806;0,806
1101666;1358;22851454;20280;"LUVA CPVC RIG PRED;AGUA FRIA/AGUA QUENT";"LUVA CPVC RIGIDO PREDIAL;APLICACAO:AGUA FRIA/AGUA QUENTE;CONEXAO:SOLDAVEL;DIAMETRO/ROSCA:22MM;DADOS EXTRAS:SIMPLES;NORMA:NBR 15884";UN;;0,876;0,876;0,876;0,876;0,876;0,829;0,829
1101671;1378;22855026;;"TE MIST CPVC RIG PRED;SOLD/ROSC";"TE MISTURADOR CPVC RIGIDO PREDIAL;CONEXAO:SOLDAVEL/ROSCAVEL;DADOS EXTRAS:DIAMETRO:22MM;NORMA:NBR 15884";UN;;4,037;4,037;4,037;4,037;4,037;4,037;4,037
1101676;1370;22852043;20307;"TE MIST CPVC RIG PRED;SOLD/ROSC";"TE MISTURADOR CPVC RIGIDO PREDIAL;CONEXAO:SOLDAVEL/ROSCAVEL;DADOS EXTRAS:TRANSICAO;DIMENSOES:22MMX3/4POL;NORMA:NBR 15884";UN;;16,745;16,745;16,745;16,745;16,745;16,682;16,682
1101677;50;17000152;20327;"TUBO CPVC;PRED;SOLD;15MM;3000MM";"TUBO CPVC;APLICACAO:PREDIAL;CONEXAO:SOLDAVEL;DIAMETRO/ROSCA:15MM;COMPRIMENTO: 3000MM;DADOS EXTRAS:NORMA:NBR 15884";UN;;15,572;15,572;15,572;15,572;15,572;15,572;15,572
1101678;51;17000225;20328;"TUBO CPVC;PRED;SOLD;22MM;3000MM";"TUBO CPVC;APLICACAO:PREDIAL;CONEXAO:SOLDAVEL;DIAMETRO/ROSCA:22MM;COMPRIMENTO: 3000MM;DADOS EXTRAS:NORMA:NBR 15884";UN;;23,878;23,878;23,878;23,878;23,878;23,281;23,281
1102820;1436;26751420;11402;"JUNCAO PVC RIG SAN;SIMP;ESG;150X100MM";"JUNCAO PVC RIGIDO SANEAMENTO;CONSTRUCAO:SIMPLES;REFORCO:C/REFORCO;APLICACAO:ESGOTO;CONEXAO :JUNTA ELASTICA;BITOLA:150X100MM;ANGULO:45GR;DADOS EXTRAS:NORMA:NBR 7362/5688";UN;;63,44;63,44;63,44;63,44;63,44;63,44;63,44
1102844;412;22120751;90006;"CURVA PVC RIG PRED;90GR;AG FR;SOLD;75MM";"CURVA PVC RIGIDO PREDIAL;ANGULO:90GR;APLICACAO:AGUA FRIA;CONEXAO:SOLDAVEL;DIAMETRO/ROSCA:75MM;DADOS EXTRAS:NORMA:NBR 5648";UN;;39,766;39,766;39,766;39,766;39,766;38,075;38,075
1102848;1165;59502719;11849;"TERMINAL VENTIL;PVC;50MM";"TERMINAL VENTILACAO;MATERIAL:PVC;BITOLA:50MM;DADOS EXTRAS:P/ESGOTO;SERIE  NORMAL;NORMA:NBR 7362/5688";UN;;4,412;4,412;4,412;4,412;4,412;4,116;4,116
1102849;1166;59502980;98902;"TERMINAL VENTIL;PVC;75MM";"TERMINAL VENTILACAO;MATERIAL:PVC;BITOLA:75MM;DADOS EXTRAS:P/ESGOTO;SERIE  NORMAL;NORMA:NBR 7362/5688";UN;;9,488;9,488;9,488;9,488;9,488;7,956;7,956
1102850;1167;59502999;98903;"TERMINAL VENTIL;PVC;100MM";"TERMINAL VENTILACAO;MATERIAL:PVC;BITOLA:100MM;DADOS EXTRAS:P/ESGOTO;SERIE NORMAL;NORMA:NBR 7362/5688";UN;;11,452;11,452;11,452;11,452;11,452;9,7;9,7
1102889;1570;22320807;14203;"JOELHO PP RIG PRED;90GR;TERMOF;20MM";"JOELHO POLIPROPILENO RIGIDO PREDIAL;ANGULO:90GR;APLICACAO:AGUA QUENTE;CONEXAO:TERMOFUSAO;DIAMETRO/ROSCA:20MM;DADOS EXTRAS:CONFORME NORMA:DIN 8077;NORMA:NBR 15813";UN;;1,542;1,542;1,542;1,542;1,542;1,542;1,542
1102932;704;26297290;11697;"JUNCAO PVC RIG PRED;INVERT;ESG;75X75MM";"JUNCAO PVC RIGIDO PREDIAL;CONSTRUCAO:INVERTIDA;APLICACAO:ESGOTO;CONEXAO:SOLDAVEL/JUNTA ELASTICA;BITOLA:75X75MM;ANGULO:45GR;DADOS EXTRAS:SERIE NORMAL;NORMA:7362/5688";UN;;21,475;21,475;21,475;21,475;21,475;18,094;18,094
1102963;555;27958362;11787;"VALVULA ESFERA;PVC;1 1/2BSP";"VALVULA ESFERA;MATERIAL/NORMA CORPO:PVC;CONEXAO:1 1/2BSP;DADOS EXTRAS:ROSCAVEL;NORMAS:NBR 5658/5626";UN;;17,017;17,017;17,017;17,017;17,017;16,327;16,327
1103037;1524;22326520;14214;BUCHA REDUCAO PPR 25X20MM;BUCHA DE REDUCAO PPR 25X20MM NBR 15813;UN;;1,778;1,778;1,778;1,778;1,778;1,778;1,778
1103196;700;26297265;11698;"JUNCAO PVC RIG PRED;INVERT;ESG;75X50MM";"JUNCAO PVC RIGIDO PREDIAL;CONSTRUCAO:INVERTIDA;APLICACAO:ESGOTO;CONEXAO:SOLDAVEL/JUNTA ELASTICA;BITOLA:75X50MM;ANGULO:45GR;DADOS EXTRAS:SERIE NORMAL;NORMA:NBR 7362/5688";UN;;14,528;14,528;14,528;14,528;14,528;14,528;14,528
1103224;;26321662;21550;"LUVA PVC RIG PRED;ESG;150MM;NORM";"LUVA PVC RIGIDO PREDIAL;APLICACAO:ESGOTO;CONEXAO:PONTA/BOLSA C/JUNTA ELASTICA;DIAMETRO/ROSCA:150MM;SERIE:NORMAL;DADOS EXTRAS:MODELO:SIMPLES;NORMA:NBR 7362/5688";UN;;#N/D;#N/D;#N/D;#N/D;#N/D;#N/D;#N/D
1103225;;26321654;21549;"LUVA PVC RIG PRED;ESG;100MM;NORM";"LUVA PVC RIGIDO PREDIAL;APLICACAO:ESGOTO;CONEXAO:PONTA/BOLSA C/JUNTA ELASTICA;DIAMETRO/ROSCA:100MM;SERIE:NORMAL;ACESSORIO:C/FIXADORES;DADOS EXTRAS:MODELO:SIMPLES;NORMA:NBR 7362/5688;FABRICANTE/REFERENCIA:AMANCO/21549";UN;;#N/D;#N/D;#N/D;#N/D;#N/D;#N/D;#N/D
1103397;552;27958303;11791;"VALVULA ESFERA;PVC;3/4BSP";"VALVULA ESFERA;MATERIAL/NORMA CORPO:PVC;CONEXAO:3/4BSP;DADOS EXTRAS:ROSCAVEL;NORMAS:NBR 5658/5626";UN;;7,206;7,206;7,206;7,206;7,206;6,761;6,761
1103409;499;35227822;11679;"JOELHO PVC RIG PRED;90GR;25MMX1/2BSP";"JOELHO PVC RIGIDO PREDIAL;ANGULO:90GR;APLICACAO:AGUA FRIA;CONEXAO:SOLDAVEL/ROSCAVEL;DIAMETRO/ROSCA:25MMX1/2BSP;BUCHA LATAO:C/  BUCHA LATAO;DADOS EXTRAS:NORMA:NBR 5648";UN;;3,223;3,223;3,223;3,223;3,223;2,793;2,793
1103414;489;35467823;11754;"LUVA PVC RIG PRED;AG FR;25MMX1/2BSP";"LUVA PVC RIGIDO PREDIAL;APLICACAO:AGUA FRIA;CONEXAO:SOLDAVEL/ROSCAVEL;DIAMETRO/ROSCA:25MMX1/2BSP;DADOS EXTRAS:NORMA:ABNT NBR 5648;COR:MARROM.";UN;;0,842;0,842;0,842;0,842;0,842;0,807;0,807
1103489;503;35267824;11751;"LUVA PVC RIG PRED;AG FR;25MMX1/2BSP";"LUVA PVC RIGIDO PREDIAL;APLICACAO:AGUA FRIA;CONEXAO:SOLDAVEL/ROSCAVEL;DIAMETRO/ROSCA:25MMX1/2BSP;ACESSORIO:C/BU CHA LATAO;DADOS EXTRAS:NORMA:NBR 5648";UN;;3,158;3,158;3,158;3,158;3,158;3,255;3,255
1103493;649;27580459;18411;"LUVA CORR PVC RIG SAN;ESG;BOLS/BOLS;40MM";"LUVA CORRER PVC RIGIDO SANEAMENTO;APLICACAO:ESGOTO;CONEXAO:BOLSA/BOLSA;DIAMETRO:40MM;DADOS EXTRAS:SERIE NORMAL;NORMA:NBR 7362/5688";UN;;4,314;4,314;4,314;4,314;4,314;4,88;4,88
1103526;323;54501854;99315;"FITA VED PTFE;18MM;10M";"FITA VEDACAO PTFE;LARGURA:18MM;COMPRIMENTO:10M;DADOS EXTRAS:NORMA:NBR 13124;VEDA ROSCA";UN;;1,532;1,532;1,532;1,532;1,532;1,457;1,457
1103592;434;22166760;98893;"JOELHO RED PVC RIG PRED;90GR;32X25MM";"JOELHO REDUCAO PVC RIGIDO PREDIAL;ANGULO:90GR;APLICACAO:AGUA FRIA;CONEXAO:SOLDAVEL;DIAMETRO/ROSCA:32X25MM;BUCHA LATAO:S/ BUCHA LATAO;DADOS EXTRAS:COR MARROM;CONFORME NORMA: NBR5648;NORMA:NBR 5648";UN;;3,784;3,784;3,784;3,784;3,784;3,636;3,636
1103609;506;35308369;11843;"TE PVC RIG PRED;90GR;AG FR;ROSC;1/2NPT";"TE PVC RIGIDO PREDIAL;ANGULACAO:90GR;APLICACAO:AGUA FRIA;CONEXAO:ROSCAVEL;DIAMETRO/ROSCA:1/2NPT;BUCHA LATAO:C/ BUCHA LATAO;DADOS EXTRAS:25MMX1/2POL;NORMAL:NBR 5648";UN;;4,211;4,211;4,211;4,211;4,211;4,211;4,211
1103714;650;26320500;18481;"LUVA CORR PVC RIG SAN;ESG;BOLS/BOLS;50MM";"LUVA CORRER PVC RIGIDO SANEAMENTO;APLICACAO:ESGOTO;CONEXAO:BOLSA/BOLSA;DIAMETRO:50MM;DADOS EXTRAS:SERIE NORMAL;NORMA:NBR 7362/5688";UN;;6,05;6,05;6,05;6,05;6,05;5,784;5,784
1103781;502;35247831;11752;"LUVA PVC RIG PRED;AG FR;25MMX3/4BSP";"LUVA PVC RIGIDO PREDIAL;APLICACAO:AGUA FRIA;CONEXAO:SOLDAVEL/ROSCAVEL;DIAMETRO/ROSCA:25MMX3/4BSP;ACESSORIO:C/BU CHA LATAO;DADOS EXTRAS:NORMA:NBR 5648";UN;;3,925;3,925;3,925;3,925;3,925;3,741;3,741
1103934;701;26297460;11695;"JUNCAO PVC RIG PRED;INVERT;ESG;100X50MM";"JUNCAO PVC RIGIDO PREDIAL;CONSTRUCAO:INVERTIDA;APLICACAO:ESGOTO;CONEXAO:SOLDAVEL/JUNTA ELASTICA;BITOLA:100X50MM;ANGULO:45GR;DADOS EXTRAS:SERIE NORMAL;NORMA:NBR  7362/5688";UN;;21,605;21,605;21,605;21,605;21,605;18,207;18,207
1104035;488;35447830;11755;"LUVA PVC RIG PRED;AG FR;SOLD;25MMX3/4BSP";"LUVA PVC RIGIDO PREDIAL;APLICACAO:AGUA FRIA;CONEXAO:SOLDAVEL;DIAMETRO/ROSCA:25MMX3/4BSP;DADOS EXTRAS:NORMA:ABNT  NBR 5648;COR:MARROM";UN;;0,781;0,781;0,781;0,781;0,781;0,835;0,835
1104038;912;27068502;20770;"CAIXA SIF MONT;PVC;BR;150X150X50MM";"CAIXA SIFONADA MONTADA;MATERIAL:PVC;COR:BRANCA;DIMENSOES:150X150X50MM;GRELHA:C/GRELHA BRANCA QUADRADA;PORTA GRELHA:C/PORTA GRELHA BRANCA QUADRADA;NUMERO ENTRADAS LATERAIS:C/7 ENT LATERAIS 50MM;DADOS EXTRAS:P/ESGOTO;NORMAS:NBR  7362/5688";UN;;23,686;23,686;23,686;23,686;23,686;23,146;23,146
1104066;1410;26751101;11981;"CURVA PVC RIG PRED;87GR;CT;ESG;100MM;REF";"CURVA PVC RIGIDO PREDIAL;ANGULO:87GR;RAIO:CURTO;APLICACAO:ESGOTO;CONEXAO:SOLDAVEL/JUNTA ELASTICA;DIAMETRO/ROSCA:100MM;SERIE:REFORCADA;DADOS EXTRAS:NORMAS:NBR 7362/5688";UN;;17,955;17,955;17,955;17,955;17,955;17,268;17,268
1104158;363;22066927;11535;"BUCHA RED PVC RIG PRED;AG FR;50X40MM;CT";"BUCHA REDUCAO PVC RIGIDO PREDIAL;APLICACAO:AGUA FRIA;TIPO CONEXAO:SOLDAVEL;DIAMETRO/ROSCA:50X40MM;CONSTRUCAO:CURTA;DADOS EXTRAS:COR: MARROM;NORMA:NBR 5648";UN;;1,947;1,947;1,947;1,947;1,947;1,947;1,947
1104452;495;35508368;11847;"TE RED PVC RIG PRED;90GR;25MMX1/2BSP";"TE REDUCAO PVC RIGIDO PREDIAL;ANGULO:90GR;APLICACAO:AGUA FRIA;CONEXAO:SOLDAVEL/ROSCAVEL;DIAMETRO/ROSCA:25MMX1/2BSP;DADOS EXTRAS:COR: MARROM;NORMA:NBR 5648;C/ROSCA BOLSA CENTRAL";UN;;2,072;2,072;2,072;2,072;2,072;1,99;1,99
1104515;1452;26752205;11785;"LUVA RED PVC RIG PRED;ESG;100X75MM;REF";"LUVA REDUCAO PVC RIGIDO PREDIAL;APLICACAO:ESGOTO;CONEXAO:PONTA BOLSA C/JUNTA ELASTICA;DIAMETRO/ROSCA:100X75MM;SERIE:REFORCADA;FLANGE:S/ FLANGE;DADOS EXTRAS:EXCENTRICA;NBR 7362/5688";UN;;9,57;9,57;9,57;9,57;9,57;9,204;9,204
1104600;548;300000792;;"VALVULA ESFERA;SW 110MM";"VALVULA ESFERA;CONEXAO:SW 110MM;DADOS EXTRAS:MATERIAL:PVC;(VS);NORMA:NBR  5658/5626";UN;;181,13;181,13;181,13;181,13;181,13;161,422;161,422
1104601;482;22221035;98535;"UNIAO PVC RIG PRED;AG FR;SOLD;110MM";"UNIAO PVC RIGIDO PREDIAL;APLICACAO:AGUA FRIA;TIPO CONEXAO:SOLDAVEL;DIAMETRO/ROSCA:110MM;DADOS EXTRAS:COR: MARROM;CONFORME NORMA: NBR5648;NORMA:NBR 5648";UN;;247,84;247,84;247,84;247,84;247,84;213,919;213,919
1104611;1409;26751080;18309;"CURVA PVC RIG PRED;87GR;CT;ESG;75MM;REF";"CURVA PVC RIGIDO PREDIAL;ANGULO:87GR;RAIO:CURTO;APLICACAO:ESGOTO;CONEXAO:SOLDAVEL/JUNTA ELASTICA;DIAMETRO/ROSCA:75MM;SERIE:REFORCADA;DADOS EXTRAS:NORMAS:NBR 7362/5688";UN;;9,581;9,581;9,581;9,581;9,581;9,581;9,581
1104672;332;22000322;11509;"ADAPTADOR PVC RIG PRED;AG FR;32MMX1BSP";"ADAPTADOR PVC RIGIDO PREDIAL;APLICACAO:AGUA FRIA;TIPO CONEXAO:CURTO SOLDAVEL/ROSCA;DIAMETRO/ROSCA:32MMX1BSP;DADOS EXTRAS:NORMA:NBR 5648;COR:MARROM;C/BOLSA;P/REGISTRO;NORMA:NBR 5648";UN;;1,027;1,027;1,027;1,027;1,027;0,983;0,983
1104828;;35267867;16429;"LUVA PVC RIG PRED;AG FR;32MMX1BSP";"LUVA PVC RIGIDO PREDIAL;APLICACAO:AGUA FRIA;CONEXAO:SOLDAVEL/ROSCAVEL;DIAMETRO/ROSCA:32MMX1BSP;ACESSORIO:C/BUCH A LATAO;DADOS EXTRAS:NORMA:NBR 5648";UN;;#N/D;#N/D;#N/D;#N/D;#N/D;#N/D;#N/D
1104834;874;22217011;17849;"TE RED PVC RIG PRED;90GR;AG FR;60X25MM";"TE REDUCAO PVC RIGIDO PREDIAL;ANGULO:90GR;APLICACAO:AGUA FRIA;CONEXAO:SOLDAVEL;DIAMETRO/ROSCA:60X25MM;DADOS EXTRAS:COR:MARROM;NORMA:NBR 5648";UN;;11,366;11,366;11,366;11,366;11,366;10,898;10,898
1104835;473;22217275;17851;"TE RED PVC RIG PRED;90GR;AG FR;75X60MM";"TE REDUCAO PVC RIGIDO PREDIAL;ANGULO:90GR;APLICACAO:AGUA FRIA;CONEXAO:SOLDAVEL;DIAMETRO/ROSCA:75X60MM;DADOS EXTRAS:COR: MARROM;NORMA:NBR 5648";UN;;68,178;68,178;68,178;68,178;68,178;68,178;68,178
1104836;873;22217542;17855;"TE RED PVC RIG PRED;90GR;AG FR;110X75MM";"TE REDUCAO PVC RIGIDO PREDIAL;ANGULO:90GR;APLICACAO:AGUA FRIA;CONEXAO:SOLDAVEL;DIAMETRO/ROSCA:110X75MM;DADOS EXTRAS:COR:MARROM;NORMA:NBR 5648";UN;;232,402;232,402;232,402;232,402;232,402;195,877;195,877
1104847;361;22066765;11533;"BUCHA RED PVC RIG PRED;AG FR;32X25MM;CT";"BUCHA REDUCAO PVC RIGIDO PREDIAL;APLICACAO:AGUA FRIA;TIPO CONEXAO:SOLDAVEL;DIAMETRO/ROSCA:32X25MM;CONSTRUCAO:CURTA;DADOS EXTRAS:COR: MARROM;NORMA:NBR 5648";UN;;0,494;0,494;0,494;0,494;0,494;0,494;0,494
1104848;379;;;"BUCHA RED PVC RIG PRED;AG FR;110X60MM;LG";"BUCHA REDUCAO PVC RIGIDO PREDIAL;APLICACAO:AGUA FRIA;TIPO CONEXAO:SOLDAVEL;DIAMETRO/ROSCA:110X60MM;CONSTRUCAO:LONGA;DADOS EXTRAS:NORMA:NBR 5648;FABRICANTE/REFERENCIA:AMANCO/11539";UN;;43,589;43,589;43,589;43,589;43,589;43,589;43,589
1104850;383;22080253;11570;"CAP PVC RIG PRED;AG FR;SOLD;25MM";"CAP PVC RIGIDO PREDIAL;APLICACAO:AGUA FRIA;CONEXAO:SOLDAVEL;DIAMETRO/ROSCA:25MM;DADOS EXTRAS:COR:MARROM;EMBALAGEM:50 UNIDADES;NORMA:NBR 5648";UN;;0,697;0,697;0,697;0,697;0,697;0,697;0,697
1104854;414;22121030;90008;"CURVA PVC RIG PRED;90GR;AG FR;SOLD;110MM";"CURVA PVC RIGIDO PREDIAL;ANGULO:90GR;APLICACAO:AGUA FRIA;CONEXAO:SOLDAVEL;DIAMETRO/ROSCA:110MM;DADOS EXTRAS:NORMA:NBR 5648";UN;;135,878;135,878;135,878;135,878;135,878;110,075;110,075
1104857;623;27560423;11651;"JOELHO PVC RIG PRED;90GR;ESG;40MM";"JOELHO PVC RIGIDO PREDIAL;ANGULO:90GR;APLICACAO:ESGOTO;CONEXAO:ANEL INTEGRADO;DIAMETRO/ROSCA:40MM;SERIE:SERIE NORMAL;DADOS EXTRAS:NORMA:NBR 7362/5688";UN;;2,713;2,713;2,713;2,713;2,713;2,962;2,962
1104860;651;26320755;11711;"LUVA CORR PVC RIG SAN;ESG;BOLS/BOLS;75MM";"LUVA CORRER PVC RIGIDO SANEAMENTO;APLICACAO:ESGOTO;CONEXAO:BOLSA/BOLSA;DIAMETRO:75MM;DADOS EXTRAS:SERIE NORMAL;NORMA:NBR 7362/5688";UN;;6,789;6,789;6,789;6,789;6,789;7,061;7,061
1104863;390;22081039;11568;"CAP PVC RIG PRED;AG FR;SOLD;110MM";"CAP PVC RIGIDO PREDIAL;APLICACAO:AGUA FRIA;CONEXAO:SOLDAVEL;DIAMETRO/ROSCA:110MM;DADOS EXTRAS:NORMA:NBR 5648";UN;;85,754;85,754;85,754;85,754;85,754;69,139;69,139
1104902;400;22110853;90117;"CURVA PVC RIG PRED;45GR;AG FR;SOLD;85MM";"CURVA PVC RIGIDO PREDIAL;ANGULO:45GR;APLICACAO:AGUA FRIA;CONEXAO:SOLDAVEL;DIAMETRO/ROSCA:85MM;DADOS EXTRAS:NORMA:NBR 5648";UN;;48,872;48,872;48,872;48,872;48,872;48,872;48,872
1104975;1429;26751381;11708;"JUNCAO PVC RIG SAN;SIMP;ESG;75X75MM;45GR";"JUNCAO PVC RIGIDO SANEAMENTO;CONSTRUCAO:SIMPLES;REFORCO:C/REFORCO;APLICACAO:ESGOTO;CONEXAO :JUNTA ELASTICA;BITOLA:75X75MM;ANGULO:45GR;DADOS EXTRAS:NORMA:NBR 7362/5688";UN;;14,109;14,109;14,109;14,109;14,109;13,988;13,988
1104994;;;;"ADAPTADOR PVC RIG PRED;CX AGUA;32MMX1BSP";"ADAPTADOR PVC RIGIDO PREDIAL;APLICACAO:CAIXA AGUA;TIPO CONEXAO:CURTO SOLDAVEL/ROSCA;DIAMETRO/ROSCA:32MMX1BSP;DADOS EXTRAS:C/ANEL;NORMA:NBR 5648";UN;;#N/D;#N/D;#N/D;#N/D;#N/D;#N/D;#N/D
1105100;1340;22850610;20237;"CONECTOR;TRANSIC;CPVC;15MMX1/2POL";"CONECTOR;TIPO:TRANSICAO;MATERIAL:CPVC;DIMENSIONAL:15MMX1/2POL;DADOS EXTRAS:P/AGUA QUENTE/FRIA;CONEXAO:MACHO;NORMA:NBR 15884";UN;;9,495;9,495;9,495;9,495;9,495;8,656;8,656
1105191;498;35217835;11680;"JOELHO PVC RIG PRED;90GR;25MMX3/4BSP";"JOELHO PVC RIGIDO PREDIAL;ANGULO:90GR;APLICACAO:AGUA FRIA;CONEXAO:SOLDAVEL/ROSCAVEL;DIAMETRO/ROSCA:25MMX3/4BSP;SERIE:NORMAL;B UCHA LATAO:C/ BUCHA LATAO;DADOS EXTRAS:NORMA:NBR 5648;COR AZUL";UN;;4,876;4,876;4,876;4,876;4,876;4,682;4,682
1105192;1342;22850636;20239;"CONECTOR;TRANSIC;CPVC;22MMX3/4POL";"CONECTOR;TIPO:TRANSICAO;MATERIAL:CPVC;DIMENSIONAL:22MMX3/4POL;DADOS EXTRAS:P/AGUA QUENTE/FRIA;CONEXAO:MACHO;NORMA:NBR 15884";UN;;12,453;12,453;12,453;12,453;12,453;12,153;12,153
1105531;500;35227873;98883;"JOELHO PVC RIG PRED;90GR;32MMX3/4BSP";"JOELHO PVC RIGIDO PREDIAL;ANGULO:90GR;APLICACAO:AGUA FRIA;CONEXAO:SOLDAVEL/ROSCAVEL;DIAMETRO/ROSCA:32MMX3/4BSP;BUCHA LATAO:C/  BUCHA LATAO;DADOS EXTRAS:NORMA:NBR 5648";UN;;8,905;8,905;8,905;8,905;8,905;11,195;11,195
1105534;1431;26751322;11401;"JUNCAO PVC RIG SAN;SIMP;ESG;150X150MM";"JUNCAO PVC RIGIDO SANEAMENTO;CONSTRUCAO:SIMPLES;REFORCO:C/REFORCO;APLICACAO:ESGOTO;CONEXAO :JUNTA ELASTICA;BITOLA:150X150MM;ANGULO:45GR;DADOS EXTRAS:NORMA:NBR 7362/5688";UN;;69,857;69,857;69,857;69,857;69,857;67,171;67,171
1105535;1430;26751306;11707;"JUNCAO PVC RIG SAN;SIMP;ESG;100X100MM";"JUNCAO PVC RIGIDO SANEAMENTO;CONSTRUCAO:SIMPLES;REFORCO:C/REFORCO;APLICACAO:ESGOTO;CONEXAO :JUNTA ELASTICA;BITOLA:100X100MM;ANGULO:45GR;DADOS EXTRAS:NORMA:NBR 7362/5688";UN;;30,368;30,368;30,368;30,368;30,368;29,199;29,199
1105554;139;11051600;11462;"TUBO PVC RIG PRED;ESG;150MM;REF;6000MM";"TUBO PVC RIGIDO PREDIAL;APLICACAO:ESGOTO;CONEXAO:JUNTA ELASTICA;DIAMETRO/ROSCA:150MM;SERIE:REFORCADA;COMPRIMENTO:6000MM;DADOS EXTRAS:NORMA:NBR 7362/5688";UN;;317,872;317,872;317,872;317,872;317,872;317,872;317,872
1105556;137;11054528;11464;"TUBO PVC RIG PRED;ESG;75MM;REF;6000MM";"TUBO PVC RIGIDO PREDIAL;APLICACAO:ESGOTO;CONEXAO:JUNTA ELASTICA;DIAMETRO/ROSCA:75MM;SERIE:REFORCADA;COMPRIMENTO:6000MM;DADOS EXTRAS:NORMA:NBR 7362/5688";UN;;93,644;93,644;93,644;93,644;93,644;91,895;91,895
1105557;138;11055010;11460;"TUBO PVC RIG PRED;ESG;100MM;REF;6000MM";"TUBO PVC RIGIDO PREDIAL;APLICACAO:ESGOTO;CONEXAO:JUNTA ELASTICA;DIAMETRO/ROSCA:100MM;SERIE:REFORCADA;COMPRIMENTO:6000MM;DADOS EXTRAS:NORMA:NBR 7362/5688";UN;;156,011;156,011;156,011;156,011;156,011;152,934;152,934
1105582;678;37427799;94168;ANEL BORRACHA ESG 200MM (NORMAL);ANEL DE BORRACHA PARA PVC ESGOTO 200MM (SERIE NORMAL) NBR 7362/5688;UN;;8,026;8,026;8,026;8,026;8,026;8,459;8,459
1105663;1364;22851659;20290;"LUVA TRANSIC CPVC RIG PRED;SOLD/ROSC";"LUVA TRANSICAO CPVC RIGIDO PREDIAL;APLICACAO:AGUA FRIA/AGUA QUENTE;CONEXAO:SOLDAVEL/ROSCAVEL;DIAMETRO/ROSCA:22MMX3/4BSP;DADOS EXTRAS:C/BUCHA LATAO;NORMA:NBR 15884";UN;;7,682;7,682;7,682;7,682;7,682;7,473;7,473
1105696;344;22002465;14323;"ADAPTADOR PVC RIG PRED;40MMX1 1/4BSP";"ADAPTADOR PVC RIGIDO PREDIAL;APLICACAO:CAIXA AGUA;TIPO CONEXAO:CURTO SOLDAVEL/ROSCA;DIAMETRO/ROSCA:40MMX1 1/4BSP;DADOS EXTRAS:C/ANEL;NORMA:NBR 5648";UN;;12,436;12,436;12,436;12,436;12,436;11,495;11,495
1105817;1460;26752329;11438;"TE PVC RIG PRED;90GR;ESG;150X150MM;REF";"TE PVC RIGIDO PREDIAL;ANGULACAO:90GR;APLICACAO:ESGOTO;DIAMETRO/ROSCA:150X150MM;SERIE:R EFORCADA;DADOS EXTRAS:NORMA:NBR 7362/5688;S/ROSCA";UN;;54,13;54,13;54,13;54,13;54,13;54,13;54,13
1105826;342;22002457;14321;"ADAPTADOR PVC RIG PRED;25MMX3/4BSP";"ADAPTADOR PVC RIGIDO PREDIAL;APLICACAO:CAIXA AGUA;TIPO CONEXAO:CURTO SOLDAVEL/ROSCA;DIAMETRO/ROSCA:25MMX3/4BSP;DADOS EXTRAS:C/ANEL;NORMA:NBR 5648";UN;;4,349;4,349;4,349;4,349;4,349;4,349;4,349
1106121;1415;26751489;11636;"JOELHO PVC RIG PRED;45GR;ESG;75MM";"JOELHO PVC RIGIDO PREDIAL;ANGULO:45GR;APLICACAO:ESGOTO;CONEXAO:SOLDAVEL/JUNTA ELASTICA;DIAMETRO/ROSCA:75MM;SERIE:SERIE REFORCADA;DADOS EXTRAS:NORMA:NBR 7362/5688";UN;;7,079;7,079;7,079;7,079;7,079;6,808;6,808
1106123;1414;26751470;12492;"JOELHO PVC RIG PRED;45GR;ESG;50MM;REF";"JOELHO PVC RIGIDO PREDIAL;ANGULO:45GR;APLICACAO:ESGOTO;CONEXAO:SOLDAVEL/JUNTA ELASTICA;DIAMETRO/ROSCA:50MM;SERIE:REFORCADA;DADOS EXTRAS:NORMAS:NBR 7362/5688";UN;;3,639;3,639;3,639;3,639;3,639;3,499;3,499
1106124;1459;26752302;11805;"TE PVC RIG PRED;90GR;ESG;100X100MM;REF";"TE PVC RIGIDO PREDIAL;ANGULACAO:90GR;APLICACAO:ESGOTO;CONEXAO:SOLDAVEL/JUNTA ELASTICA;DIAMETRO/ROSCA:100X100MM;SERIE:REFORCADA;DADOS EXTRAS:NORMAS:NBR 7362/5688";UN;;24,406;24,406;24,406;24,406;24,406;23,472;23,472
1106125;1441;26752108;11740;"LUVA PVC RIG PRED;ESG;PONT/BOLS;100MM";"LUVA PVC RIGIDO PREDIAL;APLICACAO:ESGOTO;CONEXAO:PONTA/BOLSA;DIAMETRO/ROSCA:100MM;SERIE: REFORCADA;DADOS EXTRAS:MODELO:SIMPLES;NORMA:NBR 7362/5688";UN;;7,885;7,885;7,885;7,885;7,885;7,582;7,582
1106127;1440;26752086;11741;"LUVA PVC RIG PRED;ESG;PONT/BOLS;75MM;REF";"LUVA PVC RIGIDO PREDIAL;APLICACAO:ESGOTO;CONEXAO:PONTA/BOLSA;DIAMETRO/ROSCA:75MM;SERIE:R EFORCADA;DADOS EXTRAS:MODELO:SIMPLES;NORMA:NBR 7362/5688";UN;;4,689;4,689;4,689;4,689;4,689;4,507;4,507
1106128;1439;26752060;12498;"LUVA PVC RIG PRED;ESG;PONT/BOLS;50MM;REF";"LUVA PVC RIGIDO PREDIAL;APLICACAO:ESGOTO;CONEXAO:PONTA/BOLSA;DIAMETRO/ROSCA:50MM;SERIE:R EFORCADA;DADOS EXTRAS:MODELO:SIMPLES;NORMA:NBR 7362/5688";UN;;2,39;2,39;2,39;2,39;2,39;2,299;2,299
1106129;136;11054420;12483;"TUBO PVC RIG PRED;ESG;50MM;REF;6000MM";"TUBO PVC RIGIDO PREDIAL;APLICACAO:ESGOTO;CONEXAO:JUNTA ELASTICA;DIAMETRO/ROSCA:50MM;SERIE:REFORCADA;COMPRIMENTO:6000MM;DADOS EXTRAS:NORMA:NBR 7362/5688";UN;;56,111;56,111;56,111;56,111;56,111;54,376;54,376
1106144;100;11111700;10469;"TUBO PVC RIG PRED;ESG;40MM;6000MM";"TUBO PVC RIGIDO PREDIAL;APLICACAO:ESGOTO;CONEXAO:JUNTA ELASTICA;DIAMETRO/ROSCA:40MM;COMPRIMENTO:6000MM;DADOS EXTRAS:NORMA:NBR 7362/5688;SERIE:NORMAL;COR:BRANCA";UN;;21,491;21,491;21,491;21,491;21,491;22,318;22,318
1106173;;22002503;14325;"ADAPTADOR PVC RIG PRED;CX AGUA;60MMX2BSP";"ADAPTADOR PVC RIGIDO PREDIAL;APLICACAO:CAIXA AGUA;TIPO CONEXAO:CURTO SOLDAVEL/ROSCA;DIAMETRO/ROSCA:60MMX2BSP;DADOS EXTRAS:C/ANEL;NORMA:NBR 5648";UN;;#N/D;#N/D;#N/D;#N/D;#N/D;#N/D;#N/D
1106344;373;22077015;11546;"BUCHA RED PVC RIG PRED;AG FR;60X25MM;LG";"BUCHA REDUCAO PVC RIGIDO PREDIAL;APLICACAO:AGUA FRIA;TIPO CONEXAO:SOLDAVEL;DIAMETRO/ROSCA:60X25MM;CONSTRUCAO:LONGA;DADOS EXTRAS:COR: MARROM;NORMA:NBR 5648";UN;;6,217;6,217;6,217;6,217;6,217;5,965;5,965
1106448;1588;22326562;14216;BUCHA REDUCAO PPR 32X25MM;BUCHA DE REDUCAO PPR 32X25MM NBR 15813;UN;;5,647;5,647;5,647;5,647;5,647;5,647;5,647
1106494;330;22000209;11507;"ADAPTADOR PVC RIG PRED;AG FR;20MMX1/2BSP";"ADAPTADOR PVC RIGIDO PREDIAL;APLICACAO:AGUA FRIA;TIPO CONEXAO:CURTO SOLDAVEL/ROSCA;DIAMETRO/ROSCA:20MMX1/2BSP;DADOS EXTRAS:NORMA:NBR 5648;C/BOLSA;P/REGISTRO;NORMA:NBR 5648";UN;;0,418;0,418;0,418;0,418;0,418;0,418;0,418
1106586;492;35447954;11956;"LUVA PVC RIG PRED;AG FR;50MMX1 1/2BSP";"LUVA PVC RIGIDO PREDIAL;APLICACAO:AGUA FRIA;CONEXAO:SOLDAVEL/ROSCAVEL;DIAMETRO/ROSCA:50MMX1 1/2BSP;DADOS EXTRAS:COR:MARROM;NBR 5648";UN;;10,491;10,491;10,491;10,491;10,491;10,491;10,491
1106587;374;22077023;11547;"BUCHA RED PVC RIG PRED;AG FR;60X32MM;LG";"BUCHA REDUCAO PVC RIGIDO PREDIAL;APLICACAO:AGUA FRIA;TIPO CONEXAO:SOLDAVEL;DIAMETRO/ROSCA:60X32MM;CONSTRUCAO:LONGA;DADOS EXTRAS:NORMA:NBR 5648";UN;;7,288;7,288;7,288;7,288;7,288;7,288;7,288
1106590;1453;26752221;11433;"LUVA RED PVC RIG PRED;ESG;150X100MM;REF";"LUVA REDUCAO PVC RIGIDO PREDIAL;APLICACAO:ESGOTO;CONEXAO:PONTA BOLSA/JUNTA ELASTICA;DIAMETRO/ROSCA:150X100MM;SERIE:REFORCADA;FLANGE:S/ FLANGE;DADOS EXTRAS:EXCENTRICA;NBR 7362/5688";UN;;17,475;17,475;17,475;17,475;17,475;17,475;17,475
1106956;1350;22851187;20264;"JOELHO CPVC RIG PRED;90GR;15MMX1/2BSP";"JOELHO CPVC RIGIDO PREDIAL;ANGULO:90GR;APLICACAO:AGUA FRIA/AGUA QUENTE;CONEXAO:SOLDAVEL/ROSCAVEL;DIAMETRO/ROSCA:15MMX1/2BSP;DADOS EXTRAS:TRANSICAO;NORMA:NBR 15884";UN;;7,461;7,461;7,461;7,461;7,461;6,802;6,802
1107926;936;27505007;11625;"GRELHA ESC P/RALO;PVC;BR;QUADR;100X100MM";"GRELHA ESCOAMENTO P/RALO;MATERIAL:PVC;COR:BRANCA;FORMATO:QUADRADA;TAMANHO NOMINAL:100X100MM;DADOS EXTRAS:P/ESGOTO;NORMA:NBR5688;FABRICANTE/REFERENCIA:AMANCO/11625";UN;;2,757;2,757;2,757;2,757;2,757;2,757;2,757
1107966;501;35247785;11750;"LUVA PVC RIG PRED;AG FR;20MMX1/2BSP";"LUVA PVC RIGIDO PREDIAL;APLICACAO:AGUA FRIA;CONEXAO:SOLDAVEL/ROSCAVEL;DIAMETRO/ROSCA:20MMX1/2BSP;ACESSORIO:C/BU CHA LATAO;DADOS EXTRAS:NORMA:NBR 5648";UN;;3,075;3,075;3,075;3,075;3,075;3,118;3,118
1107982;336;22000500;11511;"ADAPTADOR PVC RIG PRED;50MMX1 1/2BSP";"ADAPTADOR PVC RIGIDO PREDIAL;APLICACAO:AGUA FRIA;TIPO CONEXAO:CURTO SOLDAVEL/ROSCA;DIAMETRO/ROSCA:50MMX1 1/2BSP;DADOS EXTRAS:NORMA:ABNT NBR 5648;COR:MARROM;CLASSE PRESSAO:7,5KGF/CM2;PESO: 60G;CONEXAO:MACHO;C/BOLSA;P/REGISTRO;NORMA:NBR 5648";UN;;2,353;2,353;2,353;2,353;2,353;2,353;2,353
1108226;359;22067559;90570;"BUCHA RED PVC RIG PRED;AG FR;110X85MM;CT";"BUCHA REDUCAO PVC RIGIDO PREDIAL;APLICACAO:AGUA FRIA;TIPO CONEXAO:SOLDAVEL;DIAMETRO/ROSCA:110X85MM;CONSTRUCAO:CURTA;DADOS EXTRAS:NORMA:NBR 5648";UN;;87,783;87,783;87,783;87,783;87,783;73,992;73,992
1108228;365;22067273;11537;"BUCHA RED PVC RIG PRED;AG FR;75X60MM;CT";"BUCHA REDUCAO PVC RIGIDO PREDIAL;APLICACAO:AGUA FRIA;TIPO CONEXAO:SOLDAVEL;DIAMETRO/ROSCA:75X60MM;CONSTRUCAO:CURTA;DADOS EXTRAS:NORMA:NBR 5648";UN;;9,558;9,558;9,558;9,558;9,558;9,147;9,147
1108229;364;22067044;11536;"BUCHA RED PVC RIG PRED;AG FR;60X50MM;CT";"BUCHA REDUCAO PVC RIGIDO PREDIAL;APLICACAO:AGUA FRIA;TIPO CONEXAO:SOLDAVEL;DIAMETRO/ROSCA:60X50MM;CONSTRUCAO:CURTA;DADOS EXTRAS:COR: MARROM;NORMA:NBR 5648";UN;;4,627;4,627;4,627;4,627;4,627;4,627;4,627
1108431;;;;"BUCHA RED PVC RIG PRED;AG FR;160X110MM";"BUCHA REDUCAO PVC RIGIDO PREDIAL;APLICACAO:AGUA FRIA;TIPO CONEXAO:SOLDAVEL;DIAMETRO/ROSCA:160X110MM;CONSTRUCAO:LONGA;DADOS EXTRAS:NORMA:NBR 5648";PEC;;#N/D;#N/D;#N/D;#N/D;#N/D;#N/D;#N/D
1108734;339;22000853;11514;"ADAPTADOR PVC RIG PRED;AG FR;85MMX3BSP";"ADAPTADOR PVC RIGIDO PREDIAL;APLICACAO:AGUA FRIA;TIPO CONEXAO:CURTO SOLDAVEL/ROSCA;DIAMETRO/ROSCA:85MMX3BSP;DADOS EXTRAS:NORMA:ABNT NBR 5648;COR:MARROM;C/BOLSA;P/REGISTRO;NORMA:NBR 5648";UN;;16,939;16,939;16,939;16,939;16,939;15,147;15,147
1108735;337;22000608;11512;"ADAPTADOR PVC RIG PRED;AG FR;60MMX2BSP";"ADAPTADOR PVC RIGIDO PREDIAL;APLICACAO:AGUA FRIA;TIPO CONEXAO:CURTO SOLDAVEL/ROSCA;DIAMETRO/ROSCA:60MMX2BSP;DADOS EXTRAS:COR:MARROM;PESO:1,60KG;NBR 5648;750 KPA;NBR 5626;C/BOLSA;P/REGISTRO;NORMA:NBR 5648";UN;;6,072;6,072;6,072;6,072;6,072;5,92;5,92
1108843;497;35217789;11678;"JOELHO PVC RIG PRED;90GR;20MMX1/2BSP";"JOELHO PVC RIGIDO PREDIAL;ANGULO:90GR;APLICACAO:AGUA FRIA;CONEXAO:SOLDAVEL/ROSCAVEL;DIAMETRO/ROSCA:20MMX1/2BSP;BUCHA LATAO:C/  BUCHA LATAO;DADOS EXTRAS:NORMA:NBR 5648";UN;;3,525;3,525;3,525;3,525;3,525;3,404;3,404
1108912;1363;22851632;20289;"LUVA TRANSIC CPVC RIG PRED;SOLD/ROSC";"LUVA TRANSICAO CPVC RIGIDO PREDIAL;APLICACAO:AGUA FRIA/AGUA QUENTE;CONEXAO:SOLDAVEL/ROSCAVEL;DIAMETRO/ROSCA:22MMX1/2BSP;DADOS EXTRAS:C/BUCHA LATAO;NORMA:NBR 15884";UN;;7,011;7,011;7,011;7,011;7,011;6,288;6,288
1109034;546;300000788;;"VALVULA ESFERA;SW 75MM";"VALVULA ESFERA;CONEXAO:SW 75MM;DADOS EXTRAS:MATERIAL:PVC;(VS);NORMA:NBR 5658/5626";UN;;78,946;78,946;78,946;78,946;78,946;70,861;70,861
1109201;1458;26752485;14147;"TE PVC RIG PRED;90GR;ESG;75X75MM;REF";"TE PVC RIGIDO PREDIAL;ANGULACAO:90GR;APLICACAO:ESGOTO;CONEXAO:JUNTA ELASTICA;DIAMETRO/ROSCA:75X75MM;SERIE:REFORCADA;DADOS EXTRAS:INSPECAO;NORMAS:NBR7362/NBR5688";UN;;16,181;16,181;16,181;16,181;16,181;15,563;15,563
1109637;547;300000789;;"VALVULA ESFERA;SW 85MM";"VALVULA ESFERA;CONEXAO:SW 85MM;DADOS EXTRAS:MATERIAL:PVC;(VS);NORMA:NBR 5658/5626";UN;;101,766;101,766;101,766;101,766;101,766;90,701;90,701
1109649;728;26398355;;"TE PVC RIG PRED;90GR;ESG;100X75MM;NORM";"TE PVC RIGIDO PREDIAL;ANGULACAO:90GR;APLICACAO:ESGOTO;CONEXAO:SOLDAVEL/JUNTA ELASTICA;DIAMETRO/ROSCA:100X75MM;SERIE:NORMAL;DADOS EXTRAS:INSPECAO;NORMA:NBR7362/NBR5688";UN;;23,253;23,253;23,253;23,253;23,253;21,465;21,465
1110104;;22325558;14483;"CAP PP;VD;SOLD;50MM;25BAR";"CAP POLIPROPILENO;COR:VERDE;TIPO CONEXAO:SOLDAVEL;DIAMETRO/ROSCA:50MM;PRESSAO NOMINAL:25BAR;DADOS EXTRAS:NORMA:NBR 15813";PEC;;#N/D;#N/D;#N/D;#N/D;#N/D;#N/D;#N/D
1110254;1341;22850628;20238;"CONECTOR;TRANSIC;CPVC;22MMX1/2POL";"CONECTOR;TIPO:TRANSICAO;MATERIAL:CPVC;DIMENSIONAL:22MMX1/2POL;DADOS EXTRAS:P/AGUA QUENTE/FRIA;CONEXAO:MACHO;NORMA:NBR 15884";UN;;9,764;9,764;9,764;9,764;9,764;8,901;8,901
1111518;;26913519;10035;"ADAPTADOR P/SAID LAV ROUP;PP;ENC 40MM";"ADAPTADOR P/SAIDA LAVADORA ROUPAS;MATERIAL:POLIPROPILENO;CONEXAO ENTRADA:ESPIGAO 3/4-1POL;CONEXAO SAIDA:ENCAIXE 40MM;DADOS EXTRAS:COR:BRANCO;CURTO ENCAIXE;FABRICANTE/REFERENCIA:TIGRE/26913519";UN;;#N/D;#N/D;#N/D;#N/D;#N/D;#N/D;#N/D
1112200;;27161006;;"RALO ANTIESPUMA;PVC;CIL;BR/PT;S/;100MM";"RALO ANTIESPUMA;MATERIAL:PVC;FORMATO:CILINDRICO;COR:BRANCO/PRETO;REFORCO:S/;D IMENSOES:100MM;DADOS EXTRAS:P/ESGOTO;NORMAS:NBR 7362/5688";UN;;#N/D;#N/D;#N/D;#N/D;#N/D;#N/D;#N/D
1112211;;27161502;;"RALO ANTIESPUMA;PVC;CIL;BR/PT;S/;150MM";"RALO ANTIESPUMA;MATERIAL:PVC;FORMATO:CILINDRICO;COR:BRANCO/PRETO;REFORCO:S/;D IMENSOES:150MM;DADOS EXTRAS:P/ESGOTO;NORMAS:NBR 7362/5688";UN;;#N/D;#N/D;#N/D;#N/D;#N/D;#N/D;#N/D
1112623;1366;22851900;20297;"TE CPVC;90GR;PRED;SOLD;15MM";"TE CPVC;ANGULO:90GR;APLICACAO:PREDIAL;CONEXAO:SOLDAVEL;DIAMETRO/ROSCA:15MM; DADOS EXTRAS:NORMA:NBR 15884";UN;;1,546;1,546;1,546;1,546;1,546;1,41;1,41
1112666;;;;"VALVULA RETENCAO P/ESGOTO;PORT;PVC;PVC";"VALVULA RETENCAO P/ESGOTO;OBTURADOR:PORTINHOLA;MATERIAL CORPO:PVC;MATERIAL OBTURADOR:PVC;DADOS EXTRAS:DIAMETRO:100MM;NORMAS:NBR 7362/5688";UN;;#N/D;#N/D;#N/D;#N/D;#N/D;#N/D;#N/D
1114616;;22217070;98894;"TE RED PVC RIG PRED;90GR;AG FR;60X50MM";"TE REDUCAO PVC RIGIDO PREDIAL;ANGULO:90GR;APLICACAO:AGUA FRIA;CONEXAO:SOLDAVEL;DIAMETRO/ROSCA:60X50MM;DADOS EXTRAS:NORMA:NBR 5648";UN;;#N/D;#N/D;#N/D;#N/D;#N/D;#N/D;#N/D
1114617;;22002481;14324;"ADAPTADOR PVC RIG PRED;50MMX1 1/2BSP";"ADAPTADOR PVC RIGIDO PREDIAL;APLICACAO:CAIXA AGUA;TIPO CONEXAO:CURTO SOLDAVEL/ROSCA;DIAMETRO/ROSCA:50MMX1 1/2BSP;DADOS EXTRAS:C/ANEL;NORMA:NBR 5648";UN;;#N/D;#N/D;#N/D;#N/D;#N/D;#N/D;#N/D
1116687;;;;"EXTREMIDADE LIG P/HIDROMETRO;CT;PVC;ROSC";"EXTREMIDADE LIGACAO P/HIDROMETRO;TIPO:CURTA;MATERIAL:PVC;DIAMETRO/ROSCA:3/4BSP;CONEXAO:ROSCA VEL;BUCHA LATAO:C/ BUCHA LATAO;DADOS EXTRAS:NORMA:NBR 5648";UN;;#N/D;#N/D;#N/D;#N/D;#N/D;#N/D;#N/D
1116746;;;;"LUVA TRANSIC CPVC RIG PRED;SOLD/ROSC";"LUVA TRANSICAO CPVC RIGIDO PREDIAL;APLICACAO:AGUA FRIA/AGUA QUENTE;CONEXAO:SOLDAVEL/ROSCAVEL;DIAMETRO/ROSCA:22X25MM;DADOS EXTRAS:NORMA:NBR 15884";UN;;#N/D;#N/D;#N/D;#N/D;#N/D;#N/D;#N/D
1116747;1367;22851950;20298;"TE CPVC;90GR;PRED;SOLD;22MM";"TE CPVC;ANGULO:90GR;APLICACAO:PREDIAL;CONEXAO:SOLDAVEL;DIAMETRO/ROSCA:22MM; DADOS EXTRAS:NORMA:NBR 15884";UN;;2,09;2,09;2,09;2,09;2,09;2,074;2,074
1116774;;24013235;;"ADAPTADOR PVC RIG PRED;AG FR;160MMX6BSP";"ADAPTADOR PVC RIGIDO PREDIAL;APLICACAO:AGUA FRIA;TIPO CONEXAO:CURTO SOLDAVEL/ROSCA;DIAMETRO/ROSCA:160MMX6BSP;DADOS EXTRAS:NORMA:NBR 5648;C/BOLSA;P/REGISTRO;NORMA:NBR 5648";UN;;#N/D;#N/D;#N/D;#N/D;#N/D;#N/D;#N/D
1116955;1389;53010407;97673;"ADESIVO PLAST P/CPVC;EMB 175G";"ADESIVO PLASTICO P/CPVC;APRESENTACAO:EMBALAGEM 175G;DADOS EXTRAS:USO:TUBO;FABRICANTE/REFERENCIA:AMANCO/97673";UN;;16,682;16,682;16,682;16,682;16,682;15,233;15,233
1116962;519;53020119;99684;"ADESIVO PLAST P/PVC;RES AZ;EMB 850G";"ADESIVO PLASTICO P/PVC;CARACTERISTICA CONSTRUTIVA:RESINA AZUL;APRESENTACAO:EMBALAGEM 850G;DADOS EXTRAS:USO:TUBO.;FABRICANTE/REFERENCIA:AMANCO/99684";UN;;34,069;34,069;34,069;34,069;34,069;34,505;34,505
1117503;;27952755;;"VALVULA ESFERA;PVC;3/4BSP;MAN BORB";"VALVULA ESFERA;MATERIAL/NORMA CORPO:PVC;CONEXAO:3/4BSP;ACIONAMENTO:MANOPLA BORBOLETA;DADOS EXTRAS:ROSCA FEMEA;NORMAS:NBR 5658/5626";UN;;#N/D;#N/D;#N/D;#N/D;#N/D;#N/D;#N/D
1117510;;100002626;;"VALVULA ESF;3/4BSP;7,5KGF/CM2";"VALVULA ESFERA;MATERIAL/NORMA CORPO:PVC;MATERIAL OBTURADOR:PVC;PASSAGEM:PLENA;MATERIAL SEDE:PVC;CONEXAO:3/4BSP;PRESSAO:7,5KGF/CM2;ACIONAMENTO:MANOPLA BORBOLETA;DADOS EXTRAS:ROSCA MACHO;NORMAS:NBR 5658/5626;FABRICANTE/REFERENCIA:TIGRE/27950183";UN;;#N/D;#N/D;#N/D;#N/D;#N/D;#N/D;#N/D
1118176;670;37050407;90111;"ANEL P/TUBO;BORRACHA;40MM";"ANEL P/TUBO;MATERIAL:BORRACHA;DIAMETRO TUBO:40MM;DADOS EXTRAS:USO:PVC ESGOTO;SERIE NORMAL;NORMA:NBR 7362/5688";UN;;0,591;0,591;0,591;0,591;0,591;0,542;0,542
1118408;;32030750;21506;"GRELHA ESC P/RALO;PVC;RETANG;500X200MM";"GRELHA ESCOAMENTO P/RALO;MATERIAL:PVC;COR:BRANCA;FORMATO:RETANGULAR;TAMANHO NOMINAL:500X200MM;DADOS EXTRAS:P/AGUA PLUVIAL;ARTICULADA;FABRICANTE/REFERENCIA:AMANCO/21506";UN;;#N/D;#N/D;#N/D;#N/D;#N/D;#N/D;#N/D
1118564;597;26061504;10052;"CAP PVC RIG PRED;ESG;150MM";"CAP PVC RIGIDO PREDIAL;APLICACAO:ESGOTO;CONEXAO:SOLDAVEL/JUNTA ELASTICA;DIAMETRO/ROSCA:150MM;DADOS EXTRAS:(SERIE NORMAL);NORMA:NBR 7362/5688";UN;;15,147;15,147;15,147;15,147;15,147;14,528;14,528
1119107;;21005258;;"LUVA PVC RIG PRED;AG FR;SOLD;25MMX1/2BSP";"LUVA PVC RIGIDO PREDIAL;APLICACAO:AGUA FRIA;CONEXAO:SOLDAVEL;DIAMETRO/ROSCA:25MMX1/2BSP;ACESSORIO:C/BUCHA LATAO;DADOS EXTRAS:DRYFIX;NORMA:NBR 5648;FABRICANTE/REFERENCIA:TIGRE/21005258";UN;;#N/D;#N/D;#N/D;#N/D;#N/D;#N/D;#N/D
1119264;;10331188;;"TUBO PVC RIG PRED;AG FR;PBS;160MM;6000MM";"TUBO PVC RIGIDO PREDIAL;APLICACAO:AGUA FRIA;CONEXAO:PONTA BOLSA SOLDAVEL;DIAMETRO/ROSCA:160MM;CLASSE:CLASSE 15;COMPRIMENTO:6000MM;DADOS EXTRAS:NORMA:NBR 5648";UN;;#N/D;#N/D;#N/D;#N/D;#N/D;#N/D;#N/D
1120726;1433;100001316;14153;"JUNCAO PVC RIG SAN;SIMP;ESG;75X50MM;45GR";"JUNCAO PVC RIGIDO SANEAMENTO;CONSTRUCAO:SIMPLES;REFORCO:C/REFORCO;APLICACAO:ESGOTO;CONEXAO :JUNTA ELASTICA;BITOLA:75X50MM;ANGULO:45GR";UN;;13,247;13,247;13,247;13,247;13,247;13,247;13,247
1121382;;100021078;;"TAMPA P/SIFAO;50MM";"TAMPA P/SIFAO;DIAMETRO:50MM";UN;;#N/D;#N/D;#N/D;#N/D;#N/D;#N/D;#N/D
1122228;;27957013;98934;"VALVULA RET;SW 25MM;10KGF/CM2";"VALVULA RETENCAO;APLICACAO:AGUA;OBTURADOR:DISCO C/MOLA;MATERIAL OBTURADOR:PVC;MATERIAL CORPO:PVC;CONEXAO:SW 25MM;PRESSAO:10KGF/CM2;DADOS EXTRAS:BIPARTIDA;COR:MARROM;SOLDAVEL;FABRICANTE/REFERENCIA:AMANCO/98934; TIGRE/27957013";UN;;#N/D;#N/D;#N/D;#N/D;#N/D;#N/D;#N/D
1123161;523;53010415;91387;"ADESIVO PLAST P/PVC;EXTR FORT;EMB 850G";"ADESIVO PLASTICO P/PVC;CARACTERISTICA CONSTRUTIVA:EXTRA FORTE;APRESENTACAO:EMBALAGEM 850G;DADOS EXTRAS:USO: GRANDES DIAMETROS;COR:VERMELHO;FABRICANTE/REFERENCIA:AMANCO/91387";UN;;59,791;59,791;59,791;59,791;59,791;59,971;59,971
1125244;1447;26752000;12069;"LUVA CORR PVC RIG PRED;ESG;100MM;REF";"LUVA CORRER PVC RIGIDO PREDIAL;P/:ESGOTO;CONEXAO:P/TUBO SOLDAVEL;DIAMETRO:100MM;SERIE:REFORCADA;DADOS EXTRAS:COR: CINZA;CONFORME  NORMA: NBR5688;SERIE R;FABRICANTE/REFERENCIA:TIGRE/26752000";UN;;10,408;10,408;10,408;10,408;10,408;10,408;10,408
1125799;1462;26752407;14632;"TE RED PVC RIG PRED;90GR;ESG;75X50MM;REF";"TE REDUCAO PVC RIGIDO PREDIAL;ANGULO:90GR;APLICACAO:ESGOTO;CONEXAO:JUNTA  ELASTICA;DIAMETRO/ROSCA:75X50MM;SERIE:REFORCADA";UN;;11,189;11,189;11,189;11,189;11,189;11,106;11,106
1125852;;;;"FLANGE PVC RIG PRED;LI;S/FUROS;60MM;SOLD";"FLANGE PVC RIGIDO PREDIAL;CONSTRUCAO APERTO:LISO;FURACAO:S/FUROS;APLICACAO:AGUA FRIA;DIAMETRO/ROSCA:60MM;CONEXAO:SOLDAVEL;DADOS EXTRAS:MARROM.;FABRICANTE/REFERENCIA:TIGRE/24370607";UN;;#N/D;#N/D;#N/D;#N/D;#N/D;#N/D;#N/D
1125853;;;;"FLANGE PVC RIG PRED;LI;S/FUROS;75MM;SOLD";"FLANGE PVC RIGIDO PREDIAL;CONSTRUCAO APERTO:LISO;FURACAO:S/FUROS;APLICACAO:AGUA FRIA;DIAMETRO/ROSCA:75MM;CONEXAO:SOLDAVEL;FABRICANTE/REFERENCIA:TIGRE/24 370852";UN;;#N/D;#N/D;#N/D;#N/D;#N/D;#N/D;#N/D
1125888;;;;SIFONAGEM CX SIF 100X100;"SIFONAGEM CX SIF;APLICACAO:ESGOTO;CONEXAO:BOLSA C/ANEL;DIAMETRO/ROSCA:100X100MM;FABRICANTE/REFERENCIA:A MANCO/13660";UN;;#N/D;#N/D;#N/D;#N/D;#N/D;#N/D;#N/D
1125889;;;;SIFONAGEM CX SIF 100X150;"SIFONAGEM CX SIF;APLICACAO:ESGOTO;CONEXAO:BOLSA C/ANEL;DIAMETRO/ROSCA:100X150MM;FABRICANTE/REFERENCIA:A MANCO/13661";UN;;#N/D;#N/D;#N/D;#N/D;#N/D;#N/D;#N/D
1125975;;26752124;11422;"LUVA PVC RIG PRED;ESG;PBV;150MM;REF";"LUVA PVC RIGIDO PREDIAL;APLICACAO:ESGOTO;CONEXAO:PONTA BOLSA VIROLA;DIAMETRO/ROSCA:150MM;SERIE:REFORCADA;DADOS EXTRAS:COR: CINZA;CONFORME NORMA: NBR5688.;FABRICANTE/REFERENCIA:TIGRE/26752124";UN;;#N/D;#N/D;#N/D;#N/D;#N/D;#N/D;#N/D
1129993;;;;"CONECTOR CPVC RIG PRED;73MMX2 1/2BSP";"CONECTOR CPVC RIGIDO PREDIAL;APLICACAO:AGUA;TIPO CONEXAO:SOLDAVEL/ROSCAVEL;DIAMETRO/ROSCA:73MMX2 1/2BSP;DADOS EXTRAS:P/EXECUCAO REDE INCENDIO,GALVANIZADO;FABRICANTE/REFERENCIA:TIGRE/100021068";UN;;#N/D;#N/D;#N/D;#N/D;#N/D;#N/D;#N/D
1130362;;;;"JOELHO CPVC RIG IND;45GR;LIQ;SOLD;1/2POL";"JOELHO CPVC RIGIDO INDUSTRIAL;ANGULO:45GR;APLICACAO:LIQUIDO;CONEXAO:SOLDAVEL;DIAMETRO/ROSCA :1/2POL;DADOS EXTRAS:SCHEDULE 80;FABRICANTE/REFERENCIA:AMANCO/99574;TIGRE/22897519";UN;;#N/D;#N/D;#N/D;#N/D;#N/D;#N/D;#N/D
1130364;;;;"JOELHO CPVC RIG IND;45GR;LIQ;SOLD;3/4POL";"JOELHO CPVC RIGIDO INDUSTRIAL;ANGULO:45GR;APLICACAO:LIQUIDO;CONEXAO:SOLDAVEL;DIAMETRO/ROSCA :3/4POL;DADOS EXTRAS:SCHEDULE 80;DIMENSOES: 34,14X25,51MM;COR: CINZA;FABRICANTE/REFERENCIA:AMANCO/99575;TIGRE/22897535";UN;;#N/D;#N/D;#N/D;#N/D;#N/D;#N/D;#N/D
1130478;;;;"ADAPTADOR PP MACH/FEM;3BSP;SOLD 90MM";"ADAPTADOR POLIPROPILENO MACHO/FEMEA;CONEXAO MACHO:3BSP;CONEXAO FEMEA:SOLDAVEL 90MM;COMPRIMENTO:127MM;FABRICANTE/REFERENCIA:AMANCO/14628";UN;;#N/D;#N/D;#N/D;#N/D;#N/D;#N/D;#N/D
1130480;;;;"TE PP;PPR;90GR;TERMOF;110MM;25KGF/CM2";"TE POLIPROPILENO;COMPOSICAO:PPR;ANGULO:90GR;CONEXAO:TERMOFUSAO;DIAMETRO/ROS CA:110MM;PRESSAO NOMINAL:25KGF/CM2;DADOS EXTRAS:CAVALETE AGUA;FABRICANTE/REFERENCIA:AMANCO/14546";UN;;#N/D;#N/D;#N/D;#N/D;#N/D;#N/D;#N/D
1130491;;;;"LUVA PVC RIG PRED;AGUA QUENT;SOLD;110MM";"LUVA PVC RIGIDO PREDIAL;APLICACAO:AGUA QUENTE;CONEXAO:SOLDAVEL;DIAMETRO/ROSCA:110MM;FABRICANTE/REFERENCIA:AMANC O/14576";UN;;#N/D;#N/D;#N/D;#N/D;#N/D;#N/D;#N/D
1130502;;;;"ADAPTADOR PP RIG PRED;VD;110MMX4BSP";"ADAPTADOR POLIPROPILENO RIGIDO PREDIAL;COR:VERDE;DIAMETRO:110MMX4BSP;CONEXAO:TERMOFUSAO/ROSCA MACHO;FABRICANTE/REFERENCIA:AMANCO/14629";UN;;#N/D;#N/D;#N/D;#N/D;#N/D;#N/D;#N/D
1130521;;;;"JOELHO PP;VD;90GR;SOLD;90MM;10KGF/CM2";"JOELHO POLIPROPILENO;COMPOSICAO:PPR;COR:VERDE;ANGULO:90GR;CONEXAO:SOLDAVEL;DIAM ETRO/ROSCA:90MM;PRESSAO NOMINAL:10KGF/CM2;DADOS EXTRAS:USO: CAVALETE BOMBA;FABRICANTE/REFERENCIA:AMANCO/14537;BELFANO/02-311-16";UN;;#N/D;#N/D;#N/D;#N/D;#N/D;#N/D;#N/D
1132054;;;;"TUBO PVC RIG P/ESG;LJ;50MM;C/VED;SILENC";"TUBO PVC RIGIDO P/ESGOTO;COR:LARANJA;DIAMETRO NOMINAL:50MM;EXTREMIDADE CONEXAO:PONTA/BOLSA S/VIROLA;VEDACAO:C/ VEDACAO;SERIE:SILENCIOSA;COMPRIMENTO:6000MM;DADOS EXTRAS:LINHA SILENTIUM, REDUZ RUIDOS, BARRULHOS TUBULACAO";UN;;#N/D;#N/D;#N/D;#N/D;#N/D;#N/D;#N/D
1132060;;;;"DEFLETOR ACUST P/CX SIF;PVC;PT;CIRC";"DEFLETOR ACUSTICO P/CAIXA SIFONADA;MATERIAL:PVC;COR:PRETO;FORMATO:CIRCULAR;DIAMETRO/LARGURA:140,50 MM;ALTURA:60,10MM;DADOS EXTRAS:POSSUI FUNCAO REDUCAO RUIDO PROVOCADO P/QUEDA DAGUA FUNDO CAIXA SIFONADA, DIRECIONANDO FLUXO P/PAREDE CAIXA SIFONADA";UN;;#N/D;#N/D;#N/D;#N/D;#N/D;#N/D;#N/D
1132061;;;;"CORPO CX SIF;PVC;LJ;150X150X50MM";"CORPO CAIXA SIFONADA;MATERIAL:PVC;COR:LARANJA;REFORCO:C/ REFORCO;DIMENSOES:150X150X50MM;NUMERO ENTRADAS LATERAIS:C/5 ENT LATERAIS  50MM;DADOS EXTRAS:RALO P/ESGOTAMENTO;LINHA SILENTIUM";UN;;#N/D;#N/D;#N/D;#N/D;#N/D;#N/D;#N/D
1132081;;;;"JOELHO PVC RIG P/ESG;LJ;45GR;50MM;C/VED";"JOELHO PVC RIGIDO P/ESGOTO;COR:LARANJA;ANGULO:45GR;DIAMETRO NOMINAL:50 MM;EXTREMIDADE CONEXAO:PONTA/BOLSA C/VIROLA;VEDACAO:C/ VEDACAO;SERIE:SILENCIOSA;DADOS EXTRAS:LINHA SILENTIUM";UN;;#N/D;#N/D;#N/D;#N/D;#N/D;#N/D;#N/D
1132082;;;;"LUVA PVC RIG P/ESG;LJ;150MM;S/VED;SILENC";"LUVA PVC RIGIDO P/ESGOTO;COR:LARANJA;DIAMETRO NOMINAL:150 MM;EXTREMIDADE  CONEXAO:PONTA/BOLSA C/VIROLA;VEDACAO:S/ VEDACAO;SERIE:SILENCIOSA;DADOS EXTRAS:LUVA SIMPLES P/UNIAO TUBOS AMANCO LINHA SILENTIUM";UN;;#N/D;#N/D;#N/D;#N/D;#N/D;#N/D;#N/D
1132214;;;;"LUVA PVC RIG PRED;AG FR;BOLS C/ANEL;50MM";"LUVA PVC RIGIDO PREDIAL;APLICACAO:AGUA FRIA;CONEXAO:BOLSA C/ANEL;DIAMETRO/ROSCA:50MM;DADOS EXTRAS:COR:LARANJA;SILENCIOSO;LINHA SILENTIUM;FABRICANTE/REFERENCIA:AMANCO/14846";UN;;#N/D;#N/D;#N/D;#N/D;#N/D;#N/D;#N/D
1132226;;;;"SUPORTE P/CX SIF;150MM;CX SIF AMANCO";"SUPORTE P/CAIXA SIFONADA;DIMENSOES:150MM;APLICACAO:DA CAIXA SIFONADA AMANCO;DADOS EXTRAS:LINHA SILENTIUM;FABRICANTE/REFERENCIA:AMANCO/97066";UN;;#N/D;#N/D;#N/D;#N/D;#N/D;#N/D;#N/D
1132249;;;;"GRELHA ESC P/RALO;VORT;PVC;QUADR;100MM";"GRELHA ESCOAMENTO P/RALO;TIPO:VORTICE;MATERIAL:PVC;COR:BRANCA;FORMATO:QUADRADA;TAMANHO NOMINAL:100MM;FABRICANTE/REFERENCIA:AMANCO/22855";UN;;#N/D;#N/D;#N/D;#N/D;#N/D;#N/D;#N/D
1132250;;;;"GRELHA ESC P/RALO;VORT;PVC;QUADR;150MM";"GRELHA ESCOAMENTO P/RALO;TIPO:VORTICE;MATERIAL:PVC;COR:BRANCA;FORMATO:QUADRADA;TAMANHO NOMINAL:150MM";UN;;#N/D;#N/D;#N/D;#N/D;#N/D;#N/D;#N/D
1201157;677;53201849;90130;"PASTA LUBRIFICANTE;ACID GRAX;TUB;EMB 1KG";"PASTA LUBRIFICANTE;BASE:ACIDO GRAXO;APLICACAO:TUBOS;APRESENTACAO:EMBALAGEM 1KG;DADOS EXTRAS:MATERIAL TUBO:PVC";UN;;20,771;20,771;20,771;20,771;20,771;20,297;20,297
1201161;676;53201830;90129;"PASTA LUBR;ACIDO GRAXO;TUBOS;EMB 400G";"PASTA LUBRIFICANTE;BASE:ACIDO GRAXO;APLICACAO:TUBOS;APRESENTACAO:EMBALAGEM 400G;DADOS EXTRAS:MATERIAL TUBO:PVC";UN;;8,111;8,111;8,111;8,111;8,111;7,964;7,964
1202594;521;54010001;90132;"SOLUCAO LIMPADORA TUBULACAO;EMBALAGEM 1L";"SOLUCAO LIMPADORA TUBULACAO;APRESENTACAO:EMBALAGEM 1L;DADOS EXTRAS:P/PVC";UN;;33,047;33,047;33,047;33,047;33,047;29,445;29,445
1202595;520;54001207;90133;"SOLUCAO LIMPADORA TUBULACAO;EMB 200ML";"SOLUCAO LIMPADORA TUBULACAO;APRESENTACAO:EMBALAGEM 200ML;DADOS EXTRAS:P/PVC";UN;;9,188;9,188;9,188;9,188;9,188;8,381;8,381
