codigo_krona;descricao_krona;linha_krona;funcao_krona;aplicacao_krona;caracteristicas_tecnicas;normas_referencia;beneficios;descricao_matriz;linha_matriz;familia_krona;unidade_venda;tipo_embalagem;comprimento_matriz;altura_matriz;largura_matriz;quantidade_embalagem;ncm_krona;codigo_barras_produto;codigo_barras_embalagem;codigo_barras_reembalagem;descricao_normalizada;categoria_detectada;eh_tubo;diametro_mm;comprimento_detectado_m;comprimento_matriz_m;comprimento_final_m;diametro_final_mm
100;TUBO PVC ESGOTO SEC. - 6M - DN 40;TUBOS PVC ESGOTO;;;;;;TUBO PVC ESGOTO SEC. - 6M - DN 40;TUBOS PVC ESGOTO;ESGOTO;BR;Amarrados;6000.0;40.0;40.0;10.0;3917.23.00;7897801304108;17897801304105;27897801304102;TUBO PVC ESGOTO SECUNDARIO. - 6M - DN 40;TUBO;True;40.0;6.0;6.0;6.0;40.0
101;TUBO PVC ESGOTO PRIM. - 6M - DN 50;TUBOS PVC ESGOTO;;;;;;TUBO PVC ESGOTO PRIM. - 6M - DN 50;TUBOS PVC ESGOTO;ESGOTO;BR;Amarrados;6000.0;50.0;50.0;10.0;3917.23.00;7897801304115;17897801304112;27897801304119;TUBO PVC ESGOTO PRIMARIO. - 6M - DN 50;TUBO;True;50.0;6.0;6.0;6.0;50.0
102;TUBO PVC ESGOTO PRIM. - 6M - DN 75;TUBOS PVC ESGOTO;;;;;;TUBO PVC ESGOTO PRIM. - 6M - DN 75;TUBOS PVC ESGOTO;ESGOTO;BR;Amarrados;6000.0;75.0;75.0;5.0;3917.23.00;7897801304122;17897801304129;27897801304126;TUBO PVC ESGOTO PRIMARIO. - 6M - DN 75;TUBO;True;75.0;6.0;6.0;6.0;75.0
103;TUBO PVC ESGOTO PRIM. - 6M - DN 100;TUBOS PVC ESGOTO;;;;;;TUBO PVC ESGOTO PRIM. - 6M - DN 100;TUBOS PVC ESGOTO;ESGOTO;BR;Amarrados;6000.0;101.0;101.0;5.0;3917.23.00;7897801304139;17897801304136;27897801304133;TUBO PVC ESGOTO PRIMARIO. - 6M - DN 100;TUBO;True;100.0;6.0;6.0;6.0;100.0
104;TUBO PVC ESGOTO PRIM. - 6M - DN 150;TUBOS PVC ESGOTO;;;;;;TUBO PVC ESGOTO PRIM. - 6M - DN 150;TUBOS PVC ESGOTO;ESGOTO;BR;Amarrados;6000.0;150.0;150.0;1.0;3917.23.00;7897801304146;17897801304143;27897801304140;TUBO PVC ESGOTO PRIMARIO. - 6M - DN 150;TUBO;True;150.0;6.0;6.0;6.0;150.0
105;TUBO PVC ESGOTO PRIM. - 6M - DN 200;TUBOS PVC ESGOTO;;;;;;TUBO PVC ESGOTO PRIM. - 6M - DN 200;TUBOS PVC ESGOTO;ESGOTO;BR;Amarrados;6000.0;200.0;200.0;1.0;3917.23.00;7897801308557;17897801308554;27897801308551;TUBO PVC ESGOTO PRIMARIO. - 6M - DN 200;TUBO;True;200.0;6.0;6.0;6.0;200.0
106;TUBO PVC LEVE - 6M - DN 250;TUBOS PVC ESGOTO;;;;;;TUBO PVC LEVE - 6M - DN 250;TUBOS PVC ESGOTO;ESGOTO;BR;Amarrados;6000.0;250.0;250.0;1.0;3917.23.00;7897801308571;17897801308578;27897801308575;TUBO PVC LEVE - 6M - DN 250;TUBO;True;250.0;6.0;6.0;6.0;250.0
1061;JOGO ESGUICHO P/MANG.1/2 - 3/4 AMARELO/PRETO;ESGUICHOS;Utilizado para distribuição e ajuste de pressão no jato e obstrução da saída de água;Utilizado em mangueiras de jardim ½ para a regulagem do jato de água.;"* Ponteira (PP:Polipropileno)
* Porca(PP:Polipropileno)
* Vedação do adaptador(PVCE)
* Anel de Vedação (Borracha)
* Bucha de redução do Adaptador(PEAD)
* Processo; Injeção
*Cor: Preto/Amarelo";Não tem;"* Instale o produto manualmente,
ferramentas podem danificá-lo.
* Não armazenar em locais acima de 30°C
por longos períodos.
*Nas operações de carga e descarga,
evitar impactos que poderão danificar o
Produto.
* Em caminhões baú a temperatura interna
não deverá ser superior a 60ºC para não
comprometer a qualidade do produto.";JOGO ESGUICHO P/MANG.1/2 - 3/4 AMARELO/PRETO;ESGUICHOS;ACESSÓRIOS;PC;Sacos;29.0;126.0;29.0;12.0;3917.40.90;7897801303620;17897801303627;27897801303624;JOGO ESGUICHO P MANG.1 2 - 3 4 AMARELO PRETO;;False;;;0.029;0.029;
110;TUBO PVC ESGOTO SEC. - 3M- DN 40;TUBOS PVC ESGOTO;;;;;;TUBO PVC ESGOTO SEC. - 3M- DN 40;TUBOS PVC ESGOTO;ESGOTO;BR;Amarrados;3000.0;40.0;40.0;10.0;3917.23.00;7897801308625;17897801308622;27897801308629;TUBO PVC ESGOTO SECUNDARIO. - 3M - DN 40;TUBO;True;40.0;3.0;3.0;3.0;40.0
1100;TUBO ELETRODUTO ROSC.ANTICHAMA - 1/2;TUBOS ELETRODUTO RÍGIDOS;Conduzir fios e cabos elétricos de baixa tensão.;Utilizada em instalação elétrica residencial, comercial e industrial de forma embutida ou enterrada, para aplicações de grandes esforços. Por exemplo: canteiros de obra, ramais de entrada (medidor de energia entrada e saída).;"*Material: PVC antichama (Policloreto de Vinila
com aditivos não propagante de chama).
*Processo: Extrusão
*Cor: Negro.
*Padrão de Rosca: ISO-7
*Classe: Pesada, 1250 N/5cm.";"*ABNT NBR 5431
*ABNT NBR 60670";"*Fácil manuseio, produto leve e prático.
*Resistente a corrosão, não enferruja.
*Auto extinguível, não propaga chama.
*Elevada resistência mecânica.";TUBO ELETRODUTO ROSC.ANTICHAMA -    1/2;TUBOS ELETRODUTO RIGIDOS;ELETRICA;BR;Amarrados;3000.0;20.0;20.0;10.0;3917.23.00;7897801306218;17897801306215;27897801306212;TUBO ELETRODUTO ROSCAVEL.ANTICHAMA - 1 2;TUBO;True;;;3.0;3.0;
1101;TUBO ELETRODUTO ROSC.ANTICHAMA - 3/4;TUBOS ELETRODUTO RÍGIDOS;Conduzir fios e cabos elétricos de baixa tensão.;Utilizada em instalação elétrica residencial, comercial e industrial de forma embutida ou enterrada, para aplicações de grandes esforços. Por exemplo: canteiros de obra, ramais de entrada (medidor de energia entrada e saída).;"*Material: PVC antichama (Policloreto de Vinila
com aditivos não propagante de chama).
*Processo: Extrusão
*Cor: Negro.
*Padrão de Rosca: ISO-7
*Classe: Pesada, 1250 N/5cm.";"*ABNT NBR 5431
*ABNT NBR 60670";"*Fácil manuseio, produto leve e prático.
*Resistente a corrosão, não enferruja.
*Auto extinguível, não propaga chama.
*Elevada resistência mecânica.";TUBO ELETRODUTO ROSC.ANTICHAMA -    3/4;TUBOS ELETRODUTO RIGIDOS;ELETRICA;BR;Amarrados;3000.0;25.0;25.0;10.0;3917.23.00;7897801306225;17897801306222;27897801306229;TUBO ELETRODUTO ROSCAVEL.ANTICHAMA - 3 4;TUBO;True;;;3.0;3.0;
1102;TUBO ELETRODUTO ROSC.ANTICHAMA - 1;TUBOS ELETRODUTO RÍGIDOS;Conduzir fios e cabos elétricos de baixa tensão.;Utilizada em instalação elétrica residencial, comercial e industrial de forma embutida ou enterrada, para aplicações de grandes esforços. Por exemplo: canteiros de obra, ramais de entrada (medidor de energia entrada e saída).;"*Material: PVC antichama (Policloreto de Vinila
com aditivos não propagante de chama).
*Processo: Extrusão
*Cor: Negro.
*Padrão de Rosca: ISO-7
*Classe: Pesada, 1250 N/5cm.";"*ABNT NBR 5431
*ABNT NBR 60670";"*Fácil manuseio, produto leve e prático.
*Resistente a corrosão, não enferruja.
*Auto extinguível, não propaga chama.
*Elevada resistência mecânica.";TUBO ELETRODUTO ROSC.ANTICHAMA -     1;TUBOS ELETRODUTO RIGIDOS;ELETRICA;BR;Amarrados;3000.0;32.0;32.0;10.0;3917.23.00;7897801306232;17897801306239;27897801306236;TUBO ELETRODUTO ROSCAVEL.ANTICHAMA - 1;TUBO;True;;;3.0;3.0;
1103;TUBO ELETRODUTO ROSC.ANTICHAMA - 1.1/4;TUBOS ELETRODUTO RÍGIDOS;Conduzir fios e cabos elétricos de baixa tensão.;Utilizada em instalação elétrica residencial, comercial e industrial de forma embutida ou enterrada, para aplicações de grandes esforços. Por exemplo: canteiros de obra, ramais de entrada (medidor de energia entrada e saída).;"*Material: PVC antichama (Policloreto de Vinila
com aditivos não propagante de chama).
*Processo: Extrusão
*Cor: Negro.
*Padrão de Rosca: ISO-7
*Classe: Pesada, 1250 N/5cm.";"*ABNT NBR 5431
*ABNT NBR 60670";"*Fácil manuseio, produto leve e prático.
*Resistente a corrosão, não enferruja.
*Auto extinguível, não propaga chama.
*Elevada resistência mecânica.";TUBO ELETRODUTO ROSC.ANTICHAMA - 1.1/4;TUBOS ELETRODUTO RIGIDOS;ELETRICA;BR;Amarrados;3000.0;40.0;40.0;5.0;3917.23.00;7897801306249;17897801306246;27897801306243;TUBO ELETRODUTO ROSCAVEL.ANTICHAMA - 1.1 4;TUBO;True;;;3.0;3.0;
1104;TUBO ELETRODUTO ROSC.ANTICHAMA - 1.1/2;TUBOS ELETRODUTO RÍGIDOS;Conduzir fios e cabos elétricos de baixa tensão.;Utilizada em instalação elétrica residencial, comercial e industrial de forma embutida ou enterrada, para aplicações de grandes esforços. Por exemplo: canteiros de obra, ramais de entrada (medidor de energia entrada e saída).;"*Material: PVC antichama (Policloreto de Vinila
com aditivos não propagante de chama).
*Processo: Extrusão
*Cor: Negro.
*Padrão de Rosca: ISO-7
*Classe: Pesada, 1250 N/5cm.";"*ABNT NBR 5431
*ABNT NBR 60670";"*Fácil manuseio, produto leve e prático.
*Resistente a corrosão, não enferruja.
*Auto extinguível, não propaga chama.
*Elevada resistência mecânica.";TUBO ELETRODUTO ROSC.ANTICHAMA - 1.1/2;TUBOS ELETRODUTO RIGIDOS;ELETRICA;BR;Amarrados;3000.0;50.0;50.0;5.0;3917.23.00;7897801306256;17897801306253;27897801306250;TUBO ELETRODUTO ROSCAVEL.ANTICHAMA - 1.1 2;TUBO;True;;;3.0;3.0;
1105;TUBO ELETRODUTO ROSC.ANTICHAMA - 2;TUBOS ELETRODUTO RÍGIDOS;Conduzir fios e cabos elétricos de baixa tensão.;Utilizada em instalação elétrica residencial, comercial e industrial de forma embutida ou enterrada, para aplicações de grandes esforços. Por exemplo: canteiros de obra, ramais de entrada (medidor de energia entrada e saída).;"*Material: PVC antichama (Policloreto de Vinila
com aditivos não propagante de chama).
*Processo: Extrusão
*Cor: Negro.
*Padrão de Rosca: ISO-7
*Classe: Pesada, 1250 N/5cm.";"*ABNT NBR 5431
*ABNT NBR 60670";"*Fácil manuseio, produto leve e prático.
*Resistente a corrosão, não enferruja.
*Auto extinguível, não propaga chama.
*Elevada resistência mecânica.";TUBO ELETRODUTO ROSC.ANTICHAMA -     2;TUBOS ELETRODUTO RIGIDOS;ELETRICA;BR;Amarrados;3000.0;60.0;60.0;5.0;3917.23.00;7897801306263;17897801306260;27897801306267;TUBO ELETRODUTO ROSCAVEL.ANTICHAMA - 2;TUBO;True;;;3.0;3.0;
1106;TUBO ELETRODUTO ROSC.ANTICHAMA - 3;TUBOS ELETRODUTO RÍGIDOS;Conduzir fios e cabos elétricos de baixa tensão.;Utilizada em instalação elétrica residencial, comercial e industrial de forma embutida ou enterrada, para aplicações de grandes esforços. Por exemplo: canteiros de obra, ramais de entrada (medidor de energia entrada e saída).;"*Material: PVC antichama (Policloreto de Vinila
com aditivos não propagante de chama).
*Processo: Extrusão
*Cor: Negro.
*Padrão de Rosca: ISO-7
*Classe: Pesada, 1250 N/5cm.";"*ABNT NBR 5431
*ABNT NBR 60670";"*Fácil manuseio, produto leve e prático.
*Resistente a corrosão, não enferruja.
*Auto extinguível, não propaga chama.
*Elevada resistência mecânica.";TUBO ELETRODUTO ROSC.ANTICHAMA -     3;TUBOS ELETRODUTO RIGIDOS;ELETRICA;BR;Amarrados;3000.0;85.0;85.0;1.0;3917.23.00;7897801310215;17897801310212;27897801310219;TUBO ELETRODUTO ROSCAVEL.ANTICHAMA - 3;TUBO;True;;;3.0;3.0;
1107;TUBO ELETRODUTO ROSC.ANTICHAMA - 4;TUBOS ELETRODUTO RÍGIDOS;Conduzir fios e cabos elétricos de baixa tensão.;Utilizada em instalação elétrica residencial, comercial e industrial de forma embutida ou enterrada, para aplicações de grandes esforços. Por exemplo: canteiros de obra, ramais de entrada (medidor de energia entrada e saída).;"*Material: PVC antichama (Policloreto de Vinila
com aditivos não propagante de chama).
*Processo: Extrusão
*Cor: Negro.
*Padrão de Rosca: ISO-7
*Classe: Pesada, 1250 N/5cm.";"*ABNT NBR 5431
*ABNT NBR 60670";"*Fácil manuseio, produto leve e prático.
*Resistente a corrosão, não enferruja.
*Auto extinguível, não propaga chama.
*Elevada resistência mecânica.";TUBO ELETRODUTO ROSC.ANTICHAMA -     4;TUBOS ELETRODUTO RIGIDOS;ELETRICA;BR;Amarrados;3000.0;110.0;110.0;1.0;3917.23.00;7897801310222;17897801310229;27897801310226;TUBO ELETRODUTO ROSCAVEL.ANTICHAMA - 4;TUBO;True;;;3.0;3.0;
1108;TUBO ELETRODUTO ROSC.ANTICHAMA - 2.1/2;TUBOS ELETRODUTO RÍGIDOS;Conduzir fios e cabos elétricos de baixa tensão.;Utilizada em instalação elétrica residencial, comercial e industrial de forma embutida ou enterrada, para aplicações de grandes esforços. Por exemplo: canteiros de obra, ramais de entrada (medidor de energia entrada e saída).;"*Material: PVC antichama (Policloreto de Vinila
com aditivos não propagante de chama).
*Processo: Extrusão
*Cor: Negro.
*Padrão de Rosca: ISO-7
*Classe: Pesada, 1250 N/5cm.";"*ABNT NBR 5431
*ABNT NBR 60670";"*Fácil manuseio, produto leve e prático.
*Resistente a corrosão, não enferruja.
*Auto extinguível, não propaga chama.
*Elevada resistência mecânica.";TUBO ELETRODUTO ROSC.ANTICHAMA -     2.1/2;TUBOS ELETRODUTO RIGIDOS;ELETRICA;BR;Amarrados;3000.0;75.0;75.0;3.0;3917.23.00;7897801313476;17897801313473;27897801313470;TUBO ELETRODUTO ROSCAVEL.ANTICHAMA - 2.1 2;TUBO;True;;;3.0;3.0;
111;TUBO PVC ESGOTO PRIM. - 3M- DN 50;TUBOS PVC ESGOTO;;;;;;TUBO PVC ESGOTO PRIM. - 3M- DN 50;TUBOS PVC ESGOTO;ESGOTO;BR;Amarrados;3000.0;50.0;50.0;10.0;3917.23.00;7897801308632;17897801308639;27897801308636;TUBO PVC ESGOTO PRIMARIO. - 3M - DN 50;TUBO;True;50.0;3.0;3.0;3.0;50.0
112;TUBO PVC ESGOTO PRIM. - 3M- DN 75;TUBOS PVC ESGOTO;;;;;;TUBO PVC ESGOTO PRIM. - 3M- DN 75;TUBOS PVC ESGOTO;ESGOTO;BR;Amarrados;3000.0;75.0;75.0;5.0;3917.23.00;7897801308649;17897801308646;27897801308643;TUBO PVC ESGOTO PRIMARIO. - 3M - DN 75;TUBO;True;75.0;3.0;3.0;3.0;75.0
113;TUBO PVC ESGOTO PRIM. - 3M- DN 100;TUBOS PVC ESGOTO;;;;;;TUBO PVC ESGOTO PRIM. - 3M- DN 100;TUBOS PVC ESGOTO;ESGOTO;BR;Amarrados;3000.0;100.0;100.0;5.0;3917.23.00;7897801308656;17897801308653;27897801308650;TUBO PVC ESGOTO PRIMARIO. - 3M - DN 100;TUBO;True;100.0;3.0;3.0;3.0;100.0
114;TUBO PVC ESGOTO PRIM. - 3M- DN 150;TUBOS PVC ESGOTO;;;;;;TUBO PVC ESGOTO PRIM. - 3M- DN 150;TUBOS PVC ESGOTO;ESGOTO;BR;Amarrados;3000.0;150.0;150.0;1.0;3917.23.00;7897801308663;17897801308660;27897801308667;TUBO PVC ESGOTO PRIMARIO. - 3M - DN 150;TUBO;True;150.0;3.0;3.0;3.0;150.0
1142;CURVA 90 R.CURTO P/ELETRODUTO ROSC. 1/2;CONEXOES ELETRODUTO RIGIDOS;Conduzir e direcionar fios e cabos elétricos de baixa tensão.;Utilizada em instalação elétrica residencial, comercial e industrial de forma embutida ou enterrada, para aplicações de grandes esforços. Por exemplo: canteiros de obra, ramais de entrada (medidor de energia entrada e saída).;"*Material: PVC antichama (Policloreto de Vinila
com aditivos não propagante de chama).
*Material: PVC antichama (Policloreto de Vinila
com aditivos não propagante de chama).
*Cor: Negro.
*Padrão de Rosca: ISO-7
*Classe: Pesada, 1250 N/5cm.";"*ABNT NBR 5431
*ABNT NBR 60670";"*Fácil manuseio, produto leve e prático.
*Resistente a corrosão, não enferruja.
*Auto extinguível, não propaga chama
*Elevada resistência mecânica";CURVA 90 R.CURTO P/ELETRODUTO ROSC. 1/2;CONEXOES ELETRODUTO RIGIDOS;ELETRICA;PC;Sacos;51.0;21.45;21.45;24.0;3917.40.90;7897801300858;17897801300855;27897801300852;CURVA 90 R.CURTO P ELETRODUTO ROSCAVEL. 1 2;JOELHO;False;;;0.051;0.051;
1143;CURVA 90 R.CURTO P/ELETRODUTO ROSC. 3/4;CONEXOES ELETRODUTO RIGIDOS;Conduzir e direcionar fios e cabos elétricos de baixa tensão.;Utilizada em instalação elétrica residencial, comercial e industrial de forma embutida ou enterrada, para aplicações de grandes esforços. Por exemplo: canteiros de obra, ramais de entrada (medidor de energia entrada e saída).;"*Material: PVC antichama (Policloreto de Vinila
com aditivos não propagante de chama).
*Material: PVC antichama (Policloreto de Vinila
com aditivos não propagante de chama).
*Cor: Negro.
*Padrão de Rosca: ISO-7
*Classe: Pesada, 1250 N/5cm.";"*ABNT NBR 5431
*ABNT NBR 60670";"*Fácil manuseio, produto leve e prático.
*Resistente a corrosão, não enferruja.
*Auto extinguível, não propaga chama
*Elevada resistência mecânica";CURVA 90 R.CURTO P/ELETRODUTO ROSC. 3/4;CONEXOES ELETRODUTO RIGIDOS;ELETRICA;PC;Sacos;95.0;27.0;27.0;24.0;3917.40.90;7897801300865;17897801300862;27897801300869;CURVA 90 R.CURTO P ELETRODUTO ROSCAVEL. 3 4;JOELHO;False;;;0.095;0.095;
1144;CURVA 90 R.CURTO P/ELETRODUTO ROSC. 1;CONEXOES ELETRODUTO RIGIDOS;Conduzir e direcionar fios e cabos elétricos de baixa tensão.;Utilizada em instalação elétrica residencial, comercial e industrial de forma embutida ou enterrada, para aplicações de grandes esforços. Por exemplo: canteiros de obra, ramais de entrada (medidor de energia entrada e saída).;"*Material: PVC antichama (Policloreto de Vinila
com aditivos não propagante de chama).
*Material: PVC antichama (Policloreto de Vinila
com aditivos não propagante de chama).
*Cor: Negro.
*Padrão de Rosca: ISO-7
*Classe: Pesada, 1250 N/5cm.";"*ABNT NBR 5431
*ABNT NBR 60670";"*Fácil manuseio, produto leve e prático.
*Resistente a corrosão, não enferruja.
*Auto extinguível, não propaga chama
*Elevada resistência mecânica";CURVA 90 R.CURTO P/ELETRODUTO ROSC. 1;CONEXOES ELETRODUTO RIGIDOS;ELETRICA;PC;Sacos;104.0;34.0;34.0;12.0;3917.40.90;7897801300872;17897801300879;27897801300876;CURVA 90 R.CURTO P ELETRODUTO ROSCAVEL. 1;JOELHO;False;;;0.104;0.104;
1145;CURVA 90 R.CURTO P/ELETRODUTO ROSC. 1.1/4;CONEXOES ELETRODUTO RIGIDOS;Conduzir e direcionar fios e cabos elétricos de baixa tensão.;Utilizada em instalação elétrica residencial, comercial e industrial de forma embutida ou enterrada, para aplicações de grandes esforços. Por exemplo: canteiros de obra, ramais de entrada (medidor de energia entrada e saída).;"*Material: PVC antichama (Policloreto de Vinila
com aditivos não propagante de chama).
*Material: PVC antichama (Policloreto de Vinila
com aditivos não propagante de chama).
*Cor: Negro.
*Padrão de Rosca: ISO-7
*Classe: Pesada, 1250 N/5cm.";"*ABNT NBR 5431
*ABNT NBR 60670";"*Fácil manuseio, produto leve e prático.
*Resistente a corrosão, não enferruja.
*Auto extinguível, não propaga chama
*Elevada resistência mecânica";CURVA 90 R.CURTO P/ELETRODUTO ROSC. 1.1/4;CONEXOES ELETRODUTO RIGIDOS;ELETRICA;PC;Sacos;190.0;40.0;40.0;6.0;3917.40.90;7897801312790;17897801312797;27897801312794;CURVA 90 R.CURTO P ELETRODUTO ROSCAVEL. 1.1 4;JOELHO;False;;;0.19;0.19;
1146;CURVA 90° CURTA ELETRODUTO ROSCAVEL 1.1/2;CONEXOES ELETRODUTO RIGIDOS;Conduzir e direcionar fios e cabos elétricos de baixa tensão.;Utilizada em instalação elétrica residencial, comercial e industrial de forma embutida ou enterrada, para aplicações de grandes esforços. Por exemplo: canteiros de obra, ramais de entrada (medidor de energia entrada e saída).;"*Material: PVC antichama (Policloreto de Vinila
com aditivos não propagante de chama).
*Material: PVC antichama (Policloreto de Vinila
com aditivos não propagante de chama).
*Cor: Negro.
*Padrão de Rosca: ISO-7
*Classe: Pesada, 1250 N/5cm.";"*ABNT NBR 5431
*ABNT NBR 60670";"*Fácil manuseio, produto leve e prático.
*Resistente a corrosão, não enferruja.
*Auto extinguível, não propaga chama
*Elevada resistência mecânica";CURVA 90° CURTA ELETRODUTO ROSCAVEL 1.1/2;CONEXOES ELETRODUTO RIGIDOS;ELETRICA;PC;Sacos;240.0;140.0;50.0;5.0;3917.40.90;7897801313629;17897801313626;27897801313623;CURVA 90 CURTA ELETRODUTO ROSCAVEL 1.1 2;JOELHO;False;;;0.24;0.24;
115;TUBO PVC ESGOTO PRIM. - 3M - DN 200;TUBOS PVC ESGOTO;;;;;;TUBO PVC ESGOTO PRIM. - 3M - DN 200;TUBOS PVC ESGOTO;ESGOTO;BR;Amarrados;3000.0;200.0;200.0;1.0;3917.23.00;7897801309042;17897801309049;27897801309046;TUBO PVC ESGOTO PRIMARIO. - 3M - DN 200;TUBO;True;200.0;3.0;3.0;3.0;200.0
1151;CURVA 90 R.LONGO P/ELETRODUTO ROSC. 1/2;CONEXOES ELETRODUTO RIGIDOS;Conduzir e direcionar fios e cabos elétricos de baixa tensão;Utilizada em instalação elétrica residencial, comercial e industrial de forma embutida ou enterrada, para aplicações de grandes esforços. Por exemplo: canteiros de obra, ramais de entrada (medidor de energia entrada e saída).;"*Material: PVC antichama (Policloreto de Vinila
com aditivos não propagante de chama).
*Material: PVC antichama (Policloreto de Vinila
com aditivos não propagante de chama).
*Cor: Negro.
*Padrão de Rosca: ISO-7
*Classe: Pesada, 1250 N/5cm.";"*ABNT NBR 5431
*ABNT NBR 60670";"*.Fácil manuseio, produto leve e prático.
*Resistente a corrosão, não enferruja.
*Auto extinguível, não propaga chama.
*Elevada resistência mecânica.";CURVA 90 R.LONGO P/ELETRODUTO ROSC. 1/2;CONEXOES ELETRODUTO RIGIDOS;ELETRICA;PC;Sacos;100.0;22.0;22.0;24.0;3917.40.90;7897801300889;17897801300886;27897801300883;CURVA 90 R.LONGO P ELETRODUTO ROSCAVEL. 1 2;JOELHO;False;;;0.1;0.1;
1152;CURVA 90 R.LONGO P/ELETRODUTO ROSC. 3/4;CONEXOES ELETRODUTO RIGIDOS;Conduzir e direcionar fios e cabos elétricos de baixa tensão;Utilizada em instalação elétrica residencial, comercial e industrial de forma embutida ou enterrada, para aplicações de grandes esforços. Por exemplo: canteiros de obra, ramais de entrada (medidor de energia entrada e saída).;"*Material: PVC antichama (Policloreto de Vinila
com aditivos não propagante de chama).
*Material: PVC antichama (Policloreto de Vinila
com aditivos não propagante de chama).
*Cor: Negro.
*Padrão de Rosca: ISO-7
*Classe: Pesada, 1250 N/5cm.";"*ABNT NBR 5431
*ABNT NBR 60670";"*.Fácil manuseio, produto leve e prático.
*Resistente a corrosão, não enferruja.
*Auto extinguível, não propaga chama.
*Elevada resistência mecânica.";CURVA 90 R.LONGO P/ELETRODUTO ROSC. 3/4;CONEXOES ELETRODUTO RIGIDOS;ELETRICA;PC;Sacos;115.0;27.0;27.0;24.0;3917.40.90;7897801300896;17897801300893;27897801300890;CURVA 90 R.LONGO P ELETRODUTO ROSCAVEL. 3 4;JOELHO;False;;;0.115;0.115;
1153;CURVA 90 R.LONGO P/ELETRODUTO ROSC. 1;CONEXOES ELETRODUTO RIGIDOS;Conduzir e direcionar fios e cabos elétricos de baixa tensão;Utilizada em instalação elétrica residencial, comercial e industrial de forma embutida ou enterrada, para aplicações de grandes esforços. Por exemplo: canteiros de obra, ramais de entrada (medidor de energia entrada e saída).;"*Material: PVC antichama (Policloreto de Vinila
com aditivos não propagante de chama).
*Material: PVC antichama (Policloreto de Vinila
com aditivos não propagante de chama).
*Cor: Negro.
*Padrão de Rosca: ISO-7
*Classe: Pesada, 1250 N/5cm.";"*ABNT NBR 5431
*ABNT NBR 60670";"*.Fácil manuseio, produto leve e prático.
*Resistente a corrosão, não enferruja.
*Auto extinguível, não propaga chama.
*Elevada resistência mecânica.";CURVA 90 R.LONGO P/ELETRODUTO ROSC. 1;CONEXOES ELETRODUTO RIGIDOS;ELETRICA;PC;Sacos;142.0;34.0;34.0;12.0;3917.40.90;7897801300902;17897801300909;27897801300906;CURVA 90 R.LONGO P ELETRODUTO ROSCAVEL. 1;JOELHO;False;;;0.142;0.142;
1154;CURVA 90 R.LONGO P/ELETRO ROSC. 1.1/4;CONEXOES ELETRODUTO RIGIDOS;Conduzir e direcionar fios e cabos elétricos de baixa tensão;Utilizada em instalação elétrica residencial, comercial e industrial de forma embutida ou enterrada, para aplicações de grandes esforços. Por exemplo: canteiros de obra, ramais de entrada (medidor de energia entrada e saída).;"*Material: PVC antichama (Policloreto de Vinila
com aditivos não propagante de chama).
*Material: PVC antichama (Policloreto de Vinila
com aditivos não propagante de chama).
*Cor: Negro.
*Padrão de Rosca: ISO-7
*Classe: Pesada, 1250 N/5cm.";"*ABNT NBR 5431
*ABNT NBR 60670";"*.Fácil manuseio, produto leve e prático.
*Resistente a corrosão, não enferruja.
*Auto extinguível, não propaga chama.
*Elevada resistência mecânica.";CURVA 90 R.LONGO P/ELETRO ROSC. 1.1/4;CONEXOES ELETRODUTO RIGIDOS;ELETRICA;PC;Sacos;160.0;50.0;50.0;5.0;3917.40.90;7897801318150;17897801318157;27897801318154;CURVA 90 R.LONGO P ELETRO ROSCAVEL. 1.1 4;JOELHO;False;;;0.16;0.16;
1155;CURVA 90 PARA ELETRODUTO ROSCAVEL DE 1 1/2;CONEXOES ELETRODUTO RIGIDOS;Conduzir e direcionar fios e cabos elétricos de baixa tensão;Utilizada em instalação elétrica residencial, comercial e industrial de forma embutida ou enterrada, para aplicações de grandes esforços. Por exemplo: canteiros de obra, ramais de entrada (medidor de energia entrada e saída).;"*Material: PVC antichama (Policloreto de Vinila
com aditivos não propagante de chama).
*Material: PVC antichama (Policloreto de Vinila
com aditivos não propagante de chama).
*Cor: Negro.
*Padrão de Rosca: ISO-7
*Classe: Pesada, 1250 N/5cm.";"*ABNT NBR 5431
*ABNT NBR 60670";"*.Fácil manuseio, produto leve e prático.
*Resistente a corrosão, não enferruja.
*Auto extinguível, não propaga chama.
*Elevada resistência mecânica.";CURVA 90 PARA ELETRODUTO ROSCAVEL DE 1 1/2;CONEXOES ELETRODUTO RIGIDOS;ELETRICA;PC;Sacos;51.0;21.45;21.45;5.0;3917.40.90;7897801318112;17897801318119;27897801318116;CURVA 90 PARA ELETRODUTO ROSCAVEL DE 1 1 2;JOELHO;False;;;0.051;0.051;
1156;CURVA 90º PARA ELETRODUTO ROSCAVEL 2;CONEXOES ELETRODUTO RIGIDOS;Conduzir e direcionar fios e cabos elétricos de baixa tensão;Utilizada em instalação elétrica residencial, comercial e industrial de forma embutida ou enterrada, para aplicações de grandes esforços. Por exemplo: canteiros de obra, ramais de entrada (medidor de energia entrada e saída).;"*Material: PVC antichama (Policloreto de Vinila
com aditivos não propagante de chama).
*Material: PVC antichama (Policloreto de Vinila
com aditivos não propagante de chama).
*Cor: Negro.
*Padrão de Rosca: ISO-7
*Classe: Pesada, 1250 N/5cm.";"*ABNT NBR 5431
*ABNT NBR 60670";"*.Fácil manuseio, produto leve e prático.
*Resistente a corrosão, não enferruja.
*Auto extinguível, não propaga chama.
*Elevada resistência mecânica.";CURVA 90º PARA ELETRODUTO ROSCAVEL 2;CONEXOES ELETRODUTO RIGIDOS;ELETRICA;PC;Sacos;60.0;210.0;210.0;5.0;3917.40.90;7897801316651;17897801316658;27897801316655;CURVA 90 PARA ELETRODUTO ROSCAVEL 2;JOELHO;False;;;0.06;0.06;
1157;CURVA 90º PARA ELETRODUTO ROSCAVEL 2.1/2;CONEXOES ELETRODUTO RIGIDOS;Conduzir e direcionar fios e cabos elétricos de baixa tensão;Utilizada em instalação elétrica residencial, comercial e industrial de forma embutida ou enterrada, para aplicações de grandes esforços. Por exemplo: canteiros de obra, ramais de entrada (medidor de energia entrada e saída).;"*Material: PVC antichama (Policloreto de Vinila
com aditivos não propagante de chama).
*Material: PVC antichama (Policloreto de Vinila
com aditivos não propagante de chama).
*Cor: Negro.
*Padrão de Rosca: ISO-7
*Classe: Pesada, 1250 N/5cm.";"*ABNT NBR 5431
*ABNT NBR 60670";"*.Fácil manuseio, produto leve e prático.
*Resistente a corrosão, não enferruja.
*Auto extinguível, não propaga chama.
*Elevada resistência mecânica.";CURVA 90º PARA ELETRODUTO ROSCAVEL 2.1/2;CONEXOES ELETRODUTO RIGIDOS;ELETRICA;PC;Sacos;750.0;240.0;240.0;5.0;3917.40.90;7897801316668;17897801316665;27897801316662;CURVA 90 PARA ELETRODUTO ROSCAVEL 2.1 2;JOELHO;False;;;0.75;0.75;
1158;CURVA 90º PARA ELETRODUTO ROSCAVEL 3;CONEXOES ELETRODUTO RIGIDOS;Conduzir e direcionar fios e cabos elétricos de baixa tensão;Utilizada em instalação elétrica residencial, comercial e industrial de forma embutida ou enterrada, para aplicações de grandes esforços. Por exemplo: canteiros de obra, ramais de entrada (medidor de energia entrada e saída).;"*Material: PVC antichama (Policloreto de Vinila
com aditivos não propagante de chama).
*Material: PVC antichama (Policloreto de Vinila
com aditivos não propagante de chama).
*Cor: Negro.
*Padrão de Rosca: ISO-7
*Classe: Pesada, 1250 N/5cm.";"*ABNT NBR 5431
*ABNT NBR 60670";"*.Fácil manuseio, produto leve e prático.
*Resistente a corrosão, não enferruja.
*Auto extinguível, não propaga chama.
*Elevada resistência mecânica.";CURVA 90º PARA ELETRODUTO ROSCAVEL 3;CONEXOES ELETRODUTO RIGIDOS;ELETRICA;PC;Sacos;220.0;57.0;220.0;1.0;3917.40.90;7897801316644;17897801316641;27897801316648;CURVA 90 PARA ELETRODUTO ROSCAVEL 3;JOELHO;False;;;0.22;0.22;
1159;CURVA 90º PARA ELETRODUTO ROSCAVEL 4;CONEXOES ELETRODUTO RIGIDOS;Conduzir e direcionar fios e cabos elétricos de baixa tensão;Utilizada em instalação elétrica residencial, comercial e industrial de forma embutida ou enterrada, para aplicações de grandes esforços. Por exemplo: canteiros de obra, ramais de entrada (medidor de energia entrada e saída).;"*Material: PVC antichama (Policloreto de Vinila
com aditivos não propagante de chama).
*Material: PVC antichama (Policloreto de Vinila
com aditivos não propagante de chama).
*Cor: Negro.
*Padrão de Rosca: ISO-7
*Classe: Pesada, 1250 N/5cm.";"*ABNT NBR 5431
*ABNT NBR 60670";"*.Fácil manuseio, produto leve e prático.
*Resistente a corrosão, não enferruja.
*Auto extinguível, não propaga chama.
*Elevada resistência mecânica.";CURVA 90º PARA ELETRODUTO ROSCAVEL 4;CONEXOES ELETRODUTO RIGIDOS;ELETRICA;PC;Sacos;350.0;350.0;110.0;1.0;3917.40.90;7897801316637;17897801316634;27897801316631;CURVA 90 PARA ELETRODUTO ROSCAVEL 4;JOELHO;False;;;0.35;0.35;
116;TUBO PVC LEVE - 3M - DN 250;TUBOS PVC ESGOTO;;;;;;TUBO PVC LEVE - 3M - DN 250;TUBOS PVC ESGOTO;ESGOTO;BR;Amarrados;3000.0;250.0;250.0;1.0;3917.23.00;7897801309059;17897801309056;27897801309053;TUBO PVC LEVE - 3M - DN 250;TUBO;True;250.0;3.0;3.0;3.0;250.0
1160;CURVA 135 P/ELETRODUTO ROSC. 3/4;CONEXOES ELETRODUTO RIGIDOS;Conduzir e direcionar fios e cabos elétricos de baixa tensão.;Utilizada em instalação elétrica residencial, comercial e industrial de forma embutida ou enterrada, para aplicações de grandes esforços. Por exemplo: canteiros de obra, ramais de entrada (medidor de energia entrada e saída).;"*Material: PVC antichama (Policloreto de Vinila
com aditivos não propagante de chama).
*Material: PVC antichama (Policloreto de Vinila
com aditivos não propagante de chama).
*Cor: Negro.
*Padrão de Rosca: ISO-7
*Classe: Pesada, 1250 N/5cm.";"* ABNT NBR 5431
*ABNT NBR 60670";"*Fácil manuseio, produto leve e prático.
*Resistente a corrosão, não enferruja.
*Auto extinguível, não propaga chama.
*Elevada resistência mecânica.";CURVA 135 P/ELETRODUTO ROSC. 3/4;CONEXOES ELETRODUTO RIGIDOS;ELETRICA;PC;Sacos;180.0;27.0;27.0;10.0;3917.40.90;7897801300919;17897801300916;27897801300913;CURVA 135 P ELETRODUTO ROSCAVEL. 3 4;JOELHO;False;;;0.18;0.18;
1161;CURVA 135 P/ELETRODUTO ROSC. 1;CONEXOES ELETRODUTO RIGIDOS;Conduzir e direcionar fios e cabos elétricos de baixa tensão.;Utilizada em instalação elétrica residencial, comercial e industrial de forma embutida ou enterrada, para aplicações de grandes esforços. Por exemplo: canteiros de obra, ramais de entrada (medidor de energia entrada e saída).;"*Material: PVC antichama (Policloreto de Vinila
com aditivos não propagante de chama).
*Material: PVC antichama (Policloreto de Vinila
com aditivos não propagante de chama).
*Cor: Negro.
*Padrão de Rosca: ISO-7
*Classe: Pesada, 1250 N/5cm.";"* ABNT NBR 5431
*ABNT NBR 60670";"*Fácil manuseio, produto leve e prático.
*Resistente a corrosão, não enferruja.
*Auto extinguível, não propaga chama.
*Elevada resistência mecânica.";CURVA 135 P/ELETRODUTO ROSC. 1;CONEXOES ELETRODUTO RIGIDOS;ELETRICA;PC;Sacos;198.0;34.0;34.0;6.0;3917.40.90;7897801300926;17897801300923;27897801300920;CURVA 135 P ELETRODUTO ROSCAVEL. 1;JOELHO;False;;;0.198;0.198;
1162;CURVA 180 P/ELETRODUTO ROSC. 3/4;CONEXOES ELETRODUTO RIGIDOS;Conduzir e direcionar fios e cabos elétricos de baixa tensão;Utilizada em instalação elétrica residencial, comercial e industrial de forma embutida ou enterrada, para aplicações de grandes esforços. Por exemplo: canteiros de obra, ramais de entrada (medidor de energia entrada e saída).;"*Material: PVC antichama (Policloreto de Vinila
com aditivos não propagante de chama).
*Material: PVC antichama (Policloreto de Vinila
com aditivos não propagante de chama).
*Cor: Negro.
*Padrão de Rosca: ISO-7
*Classe: Pesada, 1250 N/5cm.";"*ABNT NBR 5431
*ABNT NBR 60670";"*Fácil manuseio, produto leve e prático.
*Resistente a corrosão, não enferruja.
*Auto extinguível, não propaga chama.
*Elevada resistência mecânica.";CURVA 180 P/ELETRODUTO ROSC. 3/4;CONEXOES ELETRODUTO RIGIDOS;ELETRICA;PC;Sacos;190.0;25.0;25.0;10.0;3917.40.90;7897801300933;17897801300930;27897801300937;CURVA 180 P ELETRODUTO ROSCAVEL. 3 4;JOELHO;False;;;0.19;0.19;
1163;CURVA 180 P/ELETRODUTO ROSC. 1;CONEXOES ELETRODUTO RIGIDOS;Conduzir e direcionar fios e cabos elétricos de baixa tensão;Utilizada em instalação elétrica residencial, comercial e industrial de forma embutida ou enterrada, para aplicações de grandes esforços. Por exemplo: canteiros de obra, ramais de entrada (medidor de energia entrada e saída).;"*Material: PVC antichama (Policloreto de Vinila
com aditivos não propagante de chama).
*Material: PVC antichama (Policloreto de Vinila
com aditivos não propagante de chama).
*Cor: Negro.
*Padrão de Rosca: ISO-7
*Classe: Pesada, 1250 N/5cm.";"*ABNT NBR 5431
*ABNT NBR 60670";"*Fácil manuseio, produto leve e prático.
*Resistente a corrosão, não enferruja.
*Auto extinguível, não propaga chama.
*Elevada resistência mecânica.";CURVA 180 P/ELETRODUTO ROSC. 1;CONEXOES ELETRODUTO RIGIDOS;ELETRICA;PC;Sacos;205.0;27.0;27.0;6.0;3917.40.90;7897801300940;17897801300947;27897801300944;CURVA 180 P ELETRODUTO ROSCAVEL. 1;JOELHO;False;;;0.205;0.205;
1165;TERMINAL VENTILAÇÃO ESGOTO DN50;CONEXOES ESGOTO PRIMARIO;;;;;;TERMINAL VENTILAÇÃO ESGOTO DN50;CONEXOES ESGOTO PRIMARIO;ESGOTO;PC;Sacos;64.0;57.0;64.0;10.0;3917.40.90;7897801318723;17897801318720;27897801318727;TERMINAL VENTILACAO ESGOTO DN50;;False;50.0;;0.064;0.064;50.0
1166;TERMINAL VENTILAÇÃO ESGOTO DN75;CONEXOES ESGOTO PRIMARIO;;;;;;TERMINAL VENTILAÇÃO ESGOTO DN75;CONEXOES ESGOTO PRIMARIO;ESGOTO;PC;Sacos;85.0;65.0;85.0;4.0;3917.40.90;7897801318730;17897801318737;27897801318734;TERMINAL VENTILACAO ESGOTO DN75;;False;75.0;;0.085;0.085;75.0
1167;TERMINAL VENTILAÇÃO ESGOTO DN100;CONEXOES ESGOTO PRIMARIO;;;;;;TERMINAL VENTILAÇÃO ESGOTO DN100;CONEXOES ESGOTO PRIMARIO;ESGOTO;PC;Sacos;115.0;74.0;115.0;5.0;3917.40.90;7897801318921;17897801318928;27897801318925;TERMINAL VENTILACAO ESGOTO DN100;;False;100.0;;0.115;0.115;100.0
1168;LUVA ESGOTO COM FIXADOR DN 100;CONEXOES ESGOTO PRIMARIO;;;;;;LUVA ESGOTO COM FIXADOR DN 100;CONEXOES ESGOTO PRIMARIO;ESGOTO;PC;Sacos;165.0;63.0;165.0;4.0;3917.40.90;7897801318938;17897801318935;27897801318932;LUVA ESGOTO COM FIXADOR DN 100;LUVA;False;100.0;;0.165;0.165;100.0
1169;LUVA ESGOTO COM FIXADOR DN 150;CONEXOES ESGOTO PRIMARIO;;;;;;LUVA ESGOTO COM FIXADOR DN 150;CONEXOES ESGOTO PRIMARIO;ESGOTO;PC;Sacos;215.0;65.0;215.0;4.0;3917.40.90;7897801318945;17897801318942;27897801318949;LUVA ESGOTO COM FIXADOR DN 150;LUVA;False;150.0;;0.215;0.215;150.0
117;TUBO PVC ROSC 1/2;TUBOS PVC BRANCO;;;;;;TUBO PVC ROSC 1/2;TUBOS PVC BRANCO;AF;BR;Amarrados;6000.0;20.8;20.8;10.0;3917.23.00;7897801313254;17897801313251;27897801313258;TUBO PVC ROSCAVEL 1 2;TUBO;True;;;6.0;6.0;
118;TUBO PVC ROSC 3/4;TUBOS PVC BRANCO;;;;;;TUBO PVC ROSC 3/4;TUBOS PVC BRANCO;AF;BR;Amarrados;6000.0;36.0;36.0;10.0;3917.23.00;7897801313261;17897801313268;27897801313265;TUBO PVC ROSCAVEL 3 4;TUBO;True;;;6.0;6.0;
1181;LUVA P/ELETRODUTO ROSC. 1/2;CONEXOES ELETRODUTO RIGIDOS;Unir eletrodutos e guiar fios e cabos elétricos de baixa tensão.;Utilizada em instalação elétrica residencial, comercial e industrial de forma embutida ou enterrada, para aplicações de grandes esforços. Por exemplo: canteiros de obra, ramais de entrada (medidor de energia entrada e saída).;"*Material: PVC antichama (Policloreto de Vinila
com aditivos não propagante de chama).
*Processo: Injeção.
*Cor: Negro.
*Padrão de Rosca: ISO-7
*Classe: Pesada, 1250 N/5cm.";"*ABNT NBR 5431
*ABNT NBR 60670";"*Fácil manuseio, produto leve e prático.
*Resistente a corrosão, não enferruja.
*Auto extinguível, não propaga chama.
*Elevada resistência mecânica";LUVA P/ELETRODUTO ROSC. 1/2;CONEXOES ELETRODUTO RIGIDOS;ELETRICA;PC;Sacos;27.0;37.0;27.0;50.0;3917.40.90;7897801301688;17897801301685;27897801301682;LUVA P ELETRODUTO ROSCAVEL. 1 2;LUVA;False;;;0.027;0.027;
1182;LUVA P/ELETRODUTO ROSC. 3/4;CONEXOES ELETRODUTO RIGIDOS;Unir eletrodutos e guiar fios e cabos elétricos de baixa tensão.;Utilizada em instalação elétrica residencial, comercial e industrial de forma embutida ou enterrada, para aplicações de grandes esforços. Por exemplo: canteiros de obra, ramais de entrada (medidor de energia entrada e saída).;"*Material: PVC antichama (Policloreto de Vinila
com aditivos não propagante de chama).
*Processo: Injeção.
*Cor: Negro.
*Padrão de Rosca: ISO-7
*Classe: Pesada, 1250 N/5cm.";"*ABNT NBR 5431
*ABNT NBR 60670";"*Fácil manuseio, produto leve e prático.
*Resistente a corrosão, não enferruja.
*Auto extinguível, não propaga chama.
*Elevada resistência mecânica";LUVA P/ELETRODUTO ROSC. 3/4;CONEXOES ELETRODUTO RIGIDOS;ELETRICA;PC;Sacos;32.0;37.0;32.0;50.0;3917.40.90;7897801301503;17897801301500;27897801301507;LUVA P ELETRODUTO ROSCAVEL. 3 4;LUVA;False;;;0.032;0.032;
1183;LUVA P/ELETRODUTO ROSC. 1;CONEXOES ELETRODUTO RIGIDOS;Unir eletrodutos e guiar fios e cabos elétricos de baixa tensão.;Utilizada em instalação elétrica residencial, comercial e industrial de forma embutida ou enterrada, para aplicações de grandes esforços. Por exemplo: canteiros de obra, ramais de entrada (medidor de energia entrada e saída).;"*Material: PVC antichama (Policloreto de Vinila
com aditivos não propagante de chama).
*Processo: Injeção.
*Cor: Negro.
*Padrão de Rosca: ISO-7
*Classe: Pesada, 1250 N/5cm.";"*ABNT NBR 5431
*ABNT NBR 60670";"*Fácil manuseio, produto leve e prático.
*Resistente a corrosão, não enferruja.
*Auto extinguível, não propaga chama.
*Elevada resistência mecânica";LUVA P/ELETRODUTO ROSC. 1;CONEXOES ELETRODUTO RIGIDOS;ELETRICA;PC;Sacos;42.0;46.0;42.0;30.0;3917.40.90;7897801301664;17897801301661;27897801301668;LUVA P ELETRODUTO ROSCAVEL. 1;LUVA;False;;;0.042;0.042;
1184;LUVA P/ELETRODUTO ROSC. 1.1/4;CONEXOES ELETRODUTO RIGIDOS;Unir eletrodutos e guiar fios e cabos elétricos de baixa tensão.;Utilizada em instalação elétrica residencial, comercial e industrial de forma embutida ou enterrada, para aplicações de grandes esforços. Por exemplo: canteiros de obra, ramais de entrada (medidor de energia entrada e saída).;"*Material: PVC antichama (Policloreto de Vinila
com aditivos não propagante de chama).
*Processo: Injeção.
*Cor: Negro.
*Padrão de Rosca: ISO-7
*Classe: Pesada, 1250 N/5cm.";"*ABNT NBR 5431
*ABNT NBR 60670";"*Fácil manuseio, produto leve e prático.
*Resistente a corrosão, não enferruja.
*Auto extinguível, não propaga chama.
*Elevada resistência mecânica";LUVA P/ELETRODUTO ROSC. 1.1/4;CONEXOES ELETRODUTO RIGIDOS;ELETRICA;PC;Sacos;50.0;53.0;50.0;10.0;3917.40.90;7897801301695;17897801301692;27897801301699;LUVA P ELETRODUTO ROSCAVEL. 1.1 4;LUVA;False;;;0.05;0.05;
1185;LUVA P/ELETRODUTO ROSC. 1.1/2;CONEXOES ELETRODUTO RIGIDOS;Unir eletrodutos e guiar fios e cabos elétricos de baixa tensão.;Utilizada em instalação elétrica residencial, comercial e industrial de forma embutida ou enterrada, para aplicações de grandes esforços. Por exemplo: canteiros de obra, ramais de entrada (medidor de energia entrada e saída).;"*Material: PVC antichama (Policloreto de Vinila
com aditivos não propagante de chama).
*Processo: Injeção.
*Cor: Negro.
*Padrão de Rosca: ISO-7
*Classe: Pesada, 1250 N/5cm.";"*ABNT NBR 5431
*ABNT NBR 60670";"*Fácil manuseio, produto leve e prático.
*Resistente a corrosão, não enferruja.
*Auto extinguível, não propaga chama.
*Elevada resistência mecânica";LUVA P/ELETRODUTO ROSC. 1.1/2;CONEXOES ELETRODUTO RIGIDOS;ELETRICA;PC;Sacos;56.0;53.0;56.0;8.0;3917.40.90;7897801301701;17897801301708;27897801301705;LUVA P ELETRODUTO ROSCAVEL. 1.1 2;LUVA;False;;;0.056;0.056;
1186;LUVA P/ELETRODUTO ROSC. 2;CONEXOES ELETRODUTO RIGIDOS;Unir eletrodutos e guiar fios e cabos elétricos de baixa tensão.;Utilizada em instalação elétrica residencial, comercial e industrial de forma embutida ou enterrada, para aplicações de grandes esforços. Por exemplo: canteiros de obra, ramais de entrada (medidor de energia entrada e saída).;"*Material: PVC antichama (Policloreto de Vinila
com aditivos não propagante de chama).
*Processo: Injeção.
*Cor: Negro.
*Padrão de Rosca: ISO-7
*Classe: Pesada, 1250 N/5cm.";"*ABNT NBR 5431
*ABNT NBR 60670";"*Fácil manuseio, produto leve e prático.
*Resistente a corrosão, não enferruja.
*Auto extinguível, não propaga chama.
*Elevada resistência mecânica";LUVA P/ELETRODUTO ROSC. 2;CONEXOES ELETRODUTO RIGIDOS;ELETRICA;PC;Sacos;68.0;60.0;60.0;8.0;3917.40.90;7897801301671;17897801301678;27897801301675;LUVA P ELETRODUTO ROSCAVEL. 2;LUVA;False;;;0.068;0.068;
1187;LUVA P/ELETRODUTO ROSC. 3;CONEXOES ELETRODUTO RIGIDOS;Unir eletrodutos e guiar fios e cabos elétricos de baixa tensão.;Utilizada em instalação elétrica residencial, comercial e industrial de forma embutida ou enterrada, para aplicações de grandes esforços. Por exemplo: canteiros de obra, ramais de entrada (medidor de energia entrada e saída).;"*Material: PVC antichama (Policloreto de Vinila
com aditivos não propagante de chama).
*Processo: Injeção.
*Cor: Negro.
*Padrão de Rosca: ISO-7
*Classe: Pesada, 1250 N/5cm.";"*ABNT NBR 5431
*ABNT NBR 60670";"*Fácil manuseio, produto leve e prático.
*Resistente a corrosão, não enferruja.
*Auto extinguível, não propaga chama.
*Elevada resistência mecânica";LUVA P/ELETRODUTO ROSC. 3;CONEXOES ELETRODUTO RIGIDOS;ELETRICA;PC;Sacos;100.0;85.0;109.0;5.0;3917.40.90;7897801309523;17897801309520;27897801309527;LUVA P ELETRODUTO ROSCAVEL. 3;LUVA;False;;;0.1;0.1;
1188;LUVA P/ELETRODUTO ROSC. 4;CONEXOES ELETRODUTO RIGIDOS;Unir eletrodutos e guiar fios e cabos elétricos de baixa tensão.;Utilizada em instalação elétrica residencial, comercial e industrial de forma embutida ou enterrada, para aplicações de grandes esforços. Por exemplo: canteiros de obra, ramais de entrada (medidor de energia entrada e saída).;"*Material: PVC antichama (Policloreto de Vinila
com aditivos não propagante de chama).
*Processo: Injeção.
*Cor: Negro.
*Padrão de Rosca: ISO-7
*Classe: Pesada, 1250 N/5cm.";"*ABNT NBR 5431
*ABNT NBR 60670";"*Fácil manuseio, produto leve e prático.
*Resistente a corrosão, não enferruja.
*Auto extinguível, não propaga chama.
*Elevada resistência mecânica";LUVA P/ELETRODUTO ROSC. 4;CONEXOES ELETRODUTO RIGIDOS;ELETRICA;PC;Sacos;125.0;95.0;125.0;5.0;3917.40.90;7897801309547;17897801309544;27897801309541;LUVA P ELETRODUTO ROSCAVEL. 4;LUVA;False;;;0.125;0.125;
119;TUBO PVC ROSC 1;TUBOS PVC BRANCO;;;;;;TUBO PVC ROSC  1;TUBOS PVC BRANCO;AF;BR;Amarrados;6000.0;32.8;32.8;5.0;3917.23.00;7897801313278;17897801313275;27897801313272;TUBO PVC ROSCAVEL 1;TUBO;True;;;6.0;6.0;
120;TUBO PVC ROSC 1.1/4;TUBOS PVC BRANCO;;;;;;TUBO PVC ROSC  1.1/4;TUBOS PVC BRANCO;AF;BR;Amarrados;6000.0;41.8;41.8;5.0;3917.23.00;7897801313285;17897801313282;27897801313289;TUBO PVC ROSCAVEL 1.1 4;TUBO;True;;;6.0;6.0;
1200;TUBO ELETRODUTO PVC RIGIDO SOLDAVEL 20MM;TUBOS ELETRODUTO RIGIDOS;Conduzir fios e cabos elétricos de baixa tensão.;Utilizada em instalação elétrica residencial, comercial e industrial de forma embutida ou enterrada, para aplicações de grandes esforços. Por exemplo: canteiros de obra, ramais de entrada (medidor de energia entrada e saída).;"*Material: PVC antichama (Policloreto de Vinila
com aditivos não propagante de chama).
*Processo: Extrusão.
*Comprimento: 3 metros.
*Cor: Negro.
*Conexão: Ponta e Bolsa.
*Classe: Pesada, 1250 N/5cm";"*ABNT NBR 5431
*ABNT NBR 60670";"*Fácil manuseio, produto leve e prático.
*Resistente a corrosão, não enferruja.
*Auto extinguível, não propaga chama.
*Elevada resistência mecânica.";TUBO ELETRODUTO PVC RIGIDO SOLDAVEL 20MM;TUBOS ELETRODUTO RIGIDOS;ELETRICA;BR;Amarrados;3000.0;20.0;20.0;10.0;3917.23.00;7897801309301;17897801309308;27897801309305;TUBO ELETRODUTO PVC RIGIDO SOLDAVEL 20MM;TUBO;True;20.0;;3.0;3.0;20.0
1201;TUBO ELETRODUTO PVC RIGIDO SOLDAVEL 25MM;TUBOS ELETRODUTO RIGIDOS;Conduzir fios e cabos elétricos de baixa tensão.;Utilizada em instalação elétrica residencial, comercial e industrial de forma embutida ou enterrada, para aplicações de grandes esforços. Por exemplo: canteiros de obra, ramais de entrada (medidor de energia entrada e saída).;"*Material: PVC antichama (Policloreto de Vinila
com aditivos não propagante de chama).
*Processo: Extrusão.
*Comprimento: 3 metros.
*Cor: Negro.
*Conexão: Ponta e Bolsa.
*Classe: Pesada, 1250 N/5cm";"*ABNT NBR 5431
*ABNT NBR 60670";"*Fácil manuseio, produto leve e prático.
*Resistente a corrosão, não enferruja.
*Auto extinguível, não propaga chama.
*Elevada resistência mecânica.";TUBO ELETRODUTO PVC RIGIDO SOLDAVEL 25MM;TUBOS ELETRODUTO RIGIDOS;ELETRICA;BR;Amarrados;3000.0;25.0;25.0;10.0;3917.23.00;7897801309318;17897801309315;27897801309312;TUBO ELETRODUTO PVC RIGIDO SOLDAVEL 25MM;TUBO;True;25.0;;3.0;3.0;25.0
1202;TUBO ELETRODUTO PVC RIGIDO SOLDAVEL 32MM;TUBOS ELETRODUTO RIGIDOS;Conduzir fios e cabos elétricos de baixa tensão.;Utilizada em instalação elétrica residencial, comercial e industrial de forma embutida ou enterrada, para aplicações de grandes esforços. Por exemplo: canteiros de obra, ramais de entrada (medidor de energia entrada e saída).;"*Material: PVC antichama (Policloreto de Vinila
com aditivos não propagante de chama).
*Processo: Extrusão.
*Comprimento: 3 metros.
*Cor: Negro.
*Conexão: Ponta e Bolsa.
*Classe: Pesada, 1250 N/5cm";"*ABNT NBR 5431
*ABNT NBR 60670";"*Fácil manuseio, produto leve e prático.
*Resistente a corrosão, não enferruja.
*Auto extinguível, não propaga chama.
*Elevada resistência mecânica.";TUBO ELETRODUTO PVC RIGIDO SOLDAVEL 32MM;TUBOS ELETRODUTO RIGIDOS;ELETRICA;BR;Amarrados;3000.0;32.0;32.0;10.0;3917.23.00;7897801309325;17897801309322;27897801309329;TUBO ELETRODUTO PVC RIGIDO SOLDAVEL 32MM;TUBO;True;32.0;;3.0;3.0;32.0
1207;LUVA P/ELETRODUTO SOLDAVEL 20MM;CONEXOES ELETRODUTO RIGIDOS;Unir eletrodutos e guiar fios e cabos elétricos de baixa tensão.;Utilizada em instalação elétrica residencial, comercial e industrial de forma embutida ou enterrada, para aplicações de grandes esforços. Por exemplo: canteiros de obra, ramais de entrada (medidor de energia entrada e saída).;"*Material: PVC antichama (Policloreto de Vinila
com aditivos não propagante de chama).
*Processo: Extrusão.
*Comprimento: 3 metros.
*Cor: Negro.
*Conexão: Ponta e Bolsa.
*Classe: Pesada, 1250 N/5cm";"*ABNT NBR 5431
*ABNT NBR 60670";"*Fácil manuseio, produto leve e prático.
*Resistente a corrosão, não enferruja.
*Auto extinguível, não propaga chama.
*Elevada resistência mecânica";LUVA P/ELETRODUTO SOLDAVEL 20MM;CONEXOES ELETRODUTO RIGIDOS;ELETRICA;PC;Sacos;26.0;26.0;34.0;20.0;3917.40.90;7897801309912;17897801309919;27897801309916;LUVA P ELETRODUTO SOLDAVEL 20MM;LUVA;False;20.0;;0.026;0.026;20.0
1208;LUVA P/ELETRODUTO SOLDAVEL 25MM;CONEXOES ELETRODUTO RIGIDOS;Unir eletrodutos e guiar fios e cabos elétricos de baixa tensão.;Utilizada em instalação elétrica residencial, comercial e industrial de forma embutida ou enterrada, para aplicações de grandes esforços. Por exemplo: canteiros de obra, ramais de entrada (medidor de energia entrada e saída).;"*Material: PVC antichama (Policloreto de Vinila
com aditivos não propagante de chama).
*Processo: Extrusão.
*Comprimento: 3 metros.
*Cor: Negro.
*Conexão: Ponta e Bolsa.
*Classe: Pesada, 1250 N/5cm";"*ABNT NBR 5431
*ABNT NBR 60670";"*Fácil manuseio, produto leve e prático.
*Resistente a corrosão, não enferruja.
*Auto extinguível, não propaga chama.
*Elevada resistência mecânica";LUVA P/ELETRODUTO SOLDAVEL 25MM;CONEXOES ELETRODUTO RIGIDOS;ELETRICA;PC;Sacos;31.0;31.0;39.0;50.0;3917.40.90;7897801309554;17897801309551;27897801309558;LUVA P ELETRODUTO SOLDAVEL 25MM;LUVA;False;25.0;;0.031;0.031;25.0
1209;MULTISIFAO SIMPLES (TUBO EXTENSIVEL) PRETO;SIFOES;;;;;;MULTISIFAO SIMPLES (TUBO EXTENSIVEL) PRETO;SIFOES;ACESSÓRIOS;PC;Sacos;330.0;54.0;54.0;12.0;3917.40.90;7897801325257;17897801325254;27897801325251;MULTISIFAO SIMPLES TUBO EXTENSIVEL PRETO;TUBO;True;;;0.33;0.33;
121;TUBO PVC ROSC 1.1/2;TUBOS PVC BRANCO;;;;;;TUBO PVC ROSC  1.1/2;TUBOS PVC BRANCO;AF;BR;Amarrados;6000.0;47.5;47.5;5.0;3917.23.00;7897801313292;17897801313299;27897801313296;TUBO PVC ROSCAVEL 1.1 2;TUBO;True;;;6.0;6.0;
1210;MULTISIFAO DUPLO (TUBO EXTENSIVEL) PRETO;SIFOES;;;;;;MULTISIFAO DUPLO (TUBO EXTENSIVEL) PRETO;SIFOES;ACESSÓRIOS;PC;Sacos;340.0;140.0;140.0;12.0;3917.40.90;7897801325264;17897801325261;27897801325268;MULTISIFAO DUPLO TUBO EXTENSIVEL PRETO;TUBO;True;;;0.34;0.34;
1218;CURVA 90 LONGA P/ELETRODUTO SOLD.20MM;CONEXOES ELETRODUTO RIGIDOS;Conduzir e direcionar fios e cabos elétricos de baixa tensão.;Utilizada em instalação elétrica residencial, comercial e industrial de forma embutida ou enterrada, para aplicações de grandes esforços. Por exemplo: canteiros de obra, ramais de entrada (medidor de energia entrada e saída).;"*Material: PVC antichama (Policloreto de Vinila
com aditivos não propagante de chama).
*Processo: Injeção.
*Cor: Negro.
*Conexão: Bolsa e Bolsa.
*Classe: Pesada, 1250 N/5cm";"* ABNT NBR 5431
*ABNT NBR 60670";"*Fácil manuseio, produto leve e prático.
*Resistente a corrosão, não enferruja.
*Auto extinguível, não propaga chama.
*Elevada resistência mecânica.";CURVA 90 LONGA P/ELETRODUTO SOLD.20MM;CONEXOES ELETRODUTO RIGIDOS;ELETRICA;PC;Sacos;130.0;30.0;130.0;10.0;3917.40.90;7897801309424;17897801309421;27897801309428;CURVA 90 LONGA P ELETRODUTO SOLDAVEL.20MM;JOELHO;False;20.0;;0.13;0.13;20.0
1219;CURVA 90 LONGA P/ELETRODUTO SOLD.25MM;CONEXOES ELETRODUTO RIGIDOS;Conduzir e direcionar fios e cabos elétricos de baixa tensão.;Utilizada em instalação elétrica residencial, comercial e industrial de forma embutida ou enterrada, para aplicações de grandes esforços. Por exemplo: canteiros de obra, ramais de entrada (medidor de energia entrada e saída).;"*Material: PVC antichama (Policloreto de Vinila
com aditivos não propagante de chama).
*Processo: Injeção.
*Cor: Negro.
*Conexão: Bolsa e Bolsa.
*Classe: Pesada, 1250 N/5cm";"* ABNT NBR 5431
*ABNT NBR 60670";"*Fácil manuseio, produto leve e prático.
*Resistente a corrosão, não enferruja.
*Auto extinguível, não propaga chama.
*Elevada resistência mecânica.";CURVA 90 LONGA P/ELETRODUTO SOLD.25MM;CONEXOES ELETRODUTO RIGIDOS;ELETRICA;PC;Sacos;130.0;30.0;50.0;10.0;3917.40.90;7897801309431;17897801309438;27897801309435;CURVA 90 LONGA P ELETRODUTO SOLDAVEL.25MM;JOELHO;False;25.0;;0.13;0.13;25.0
122;TUBO PVC ROSC 2;TUBOS PVC BRANCO;;;;;;TUBO PVC ROSC 2;TUBOS PVC BRANCO;AF;BR;Amarrados;6000.0;55.0;55.0;3.0;3917.23.00;7897801313308;17897801313305;27897801313302;TUBO PVC ROSCAVEL 2;TUBO;True;;;6.0;6.0;
1220;CURVA 90 LONGA P/ELETRODUTO SOLD.32MM;CONEXOES ELETRODUTO RIGIDOS;Conduzir e direcionar fios e cabos elétricos de baixa tensão.;Utilizada em instalação elétrica residencial, comercial e industrial de forma embutida ou enterrada, para aplicações de grandes esforços. Por exemplo: canteiros de obra, ramais de entrada (medidor de energia entrada e saída).;"*Material: PVC antichama (Policloreto de Vinila
com aditivos não propagante de chama).
*Processo: Injeção.
*Cor: Negro.
*Conexão: Bolsa e Bolsa.
*Classe: Pesada, 1250 N/5cm";"* ABNT NBR 5431
*ABNT NBR 60670";"*Fácil manuseio, produto leve e prático.
*Resistente a corrosão, não enferruja.
*Auto extinguível, não propaga chama.
*Elevada resistência mecânica.";CURVA 90 LONGA P/ELETRODUTO SOLD.32MM;CONEXOES ELETRODUTO RIGIDOS;ELETRICA;PC;Sacos;230.0;34.0;230.0;10.0;3917.40.90;7897801309448;17897801309445;27897801309442;CURVA 90 LONGA P ELETRODUTO SOLDAVEL.32MM;JOELHO;False;32.0;;0.23;0.23;32.0
1225;ELETROD. PVC FLEX CORRUGADO 20MM - 10 METROS;TUBOS ELETRODUTO CORRUGADO;Produzido em PVC antichamas o Eletroduto Flexível Corrugado Leve é produzido de acordo com as normas de referência - NBR 15465 e NBR 5410 - trazendo mais segurança e confiabilidade para a obra.;Proteção mecânica para fios e cabos elétricos nas instalações de baixa tensão.;"*Cor: Amarela
*Bitolas: 20mm,25mm e 32mm
*Grau de Proteção: IP40
*Bobinas: 10m, 25m e 50m.";"*NBR 15465
*NBR 5410.";"*Não propaga chama
*Maior resistência química
*Bobinas de 10m que facilitam o
transporte e o uso para pequenos
Reparos.";ELETROD. PVC FLEX CORRUGADO 20MM - 10 METROS;TUBOS ELETRODUTO CORRUGADO;ELETRICA;MT;Rolos;0.275;0.12;0.275;10.0;3917.23.00;7897801317092;17897801317099;27897801317096;ELETROD. PVC FLEX CORRUGADO 20MM - 10 METROS;;False;20.0;;0.000275;0.000275;20.0
1226;ELETROD. PVC FLEX CORRUGADO 20MM - 25 METROS;TUBOS ELETRODUTO CORRUGADO;Produzido em PVC antichamas o Eletroduto Flexível Corrugado Leve é produzido de acordo com as normas de referência - NBR 15465 e NBR 5410 - trazendo mais segurança e confiabilidade para a obra.;Proteção mecânica para fios e cabos elétricos nas instalações de baixa tensão.;"*Cor: Amarela
*Bitolas: 20mm,25mm e 32mm
*Grau de Proteção: IP40
*Bobinas: 10m, 25m e 50m.";"*NBR 15465
*NBR 5410.";"*Não propaga chama
*Maior resistência química
*Bobinas de 10m que facilitam o
transporte e o uso para pequenos
Reparos.";ELETROD. PVC FLEX CORRUGADO 20MM - 25 METROS;TUBOS ELETRODUTO CORRUGADO;ELETRICA;MT;Rolos;0.38;0.2;0.38;25.0;3917.23.00;7897801317108;17897801317105;27897801317102;ELETROD. PVC FLEX CORRUGADO 20MM - 25 METROS;;False;20.0;;0.00038;0.00038;20.0
1227;ELETROD. PVC FLEX CORRUGADO 25MM - 10 METROS;TUBOS ELETRODUTO CORRUGADO;Produzido em PVC antichamas o Eletroduto Flexível Corrugado Leve é produzido de acordo com as normas de referência - NBR 15465 e NBR 5410 - trazendo mais segurança e confiabilidade para a obra.;Proteção mecânica para fios e cabos elétricos nas instalações de baixa tensão.;"*Cor: Amarela
*Bitolas: 20mm,25mm e 32mm
*Grau de Proteção: IP40
*Bobinas: 10m, 25m e 50m.";"*NBR 15465
*NBR 5410.";"*Não propaga chama
*Maior resistência química
*Bobinas de 10m que facilitam o
transporte e o uso para pequenos
Reparos.";ELETROD. PVC FLEX CORRUGADO 25MM - 10 METROS;TUBOS ELETRODUTO CORRUGADO;ELETRICA;MT;Rolos;0.305;0.125;0.305;10.0;3917.23.00;7897801317115;17897801317112;27897801317119;ELETROD. PVC FLEX CORRUGADO 25MM - 10 METROS;;False;25.0;;0.000305;0.000305;25.0
1228;ELETROD. PVC FLEX CORRUGADO 25MM - 25 METROS;TUBOS ELETRODUTO CORRUGADO;Produzido em PVC antichamas o Eletroduto Flexível Corrugado Leve é produzido de acordo com as normas de referência - NBR 15465 e NBR 5410 - trazendo mais segurança e confiabilidade para a obra.;Proteção mecânica para fios e cabos elétricos nas instalações de baixa tensão.;"*Cor: Amarela
*Bitolas: 20mm,25mm e 32mm
*Grau de Proteção: IP40
*Bobinas: 10m, 25m e 50m.";"*NBR 15465
*NBR 5410.";"*Não propaga chama
*Maior resistência química
*Bobinas de 10m que facilitam o
transporte e o uso para pequenos
Reparos.";ELETROD. PVC FLEX CORRUGADO 25MM - 25 METROS;TUBOS ELETRODUTO CORRUGADO;ELETRICA;MT;Rolos;0.38;0.2;0.38;25.0;3917.23.00;7897801317122;17897801317129;27897801317126;ELETROD. PVC FLEX CORRUGADO 25MM - 25 METROS;;False;25.0;;0.00038;0.00038;25.0
1229;ELETROD. PVC FLEX CORRUGADO 32MM - 10 METROS;TUBOS ELETRODUTO CORRUGADO;Produzido em PVC antichamas o Eletroduto Flexível Corrugado Leve é produzido de acordo com as normas de referência - NBR 15465 e NBR 5410 - trazendo mais segurança e confiabilidade para a obra.;Proteção mecânica para fios e cabos elétricos nas instalações de baixa tensão.;"*Cor: Amarela
*Bitolas: 20mm,25mm e 32mm
*Grau de Proteção: IP40
*Bobinas: 10m, 25m e 50m.";"*NBR 15465
*NBR 5410.";"*Não propaga chama
*Maior resistência química
*Bobinas de 10m que facilitam o
transporte e o uso para pequenos
Reparos.";ELETROD. PVC FLEX CORRUGADO 32MM - 10 METROS;TUBOS ELETRODUTO CORRUGADO;ELETRICA;MT;Rolos;0.355;0.17;0.355;10.0;3917.23.00;7897801317139;17897801317136;27897801317133;ELETROD. PVC FLEX CORRUGADO 32MM - 10 METROS;;False;32.0;;0.00035499999999999996;0.00035499999999999996;32.0
1230;ELETRODUTO DE PVC FLEX CORRUGADO 20MM - 50 MT;TUBOS ELETRODUTO CORRUGADO;Produzido em PVC antichamas o Eletroduto Flexível Corrugado Leve é produzido de acordo com as normas de referência - NBR 15465 e NBR 5410 - trazendo mais segurança e confiabilidade para a obra.;Proteção mecânica para fios e cabos elétricos nas instalações de baixa tensão.;"*Cor: Amarela
*Bitolas: 20mm,25mm e 32mm
*Grau de Proteção: IP40
*Bobinas: 10m, 25m e 50m.";"*NBR 15465
*NBR 5410.";"*Não propaga chama
*Maior resistência química
*Bobinas de 10m que facilitam o
transporte e o uso para pequenos
Reparos.";ELETRODUTO DE PVC FLEX CORRUGADO 20MM - 50 MT;TUBOS ELETRODUTO CORRUGADO;ELETRICA;MT;Rolos;500.0;200.0;200.0;50.0;3917.23.00;7897801309615;17897801309612;27897801309619;ELETRODUTO DE PVC FLEX CORRUGADO 20MM - 50 MT;;False;20.0;;0.5;0.5;20.0
1231;ELETRODUTO DE PVC FLEX CORRUGADO 25MM - 50 MT;TUBOS ELETRODUTO CORRUGADO;Produzido em PVC antichamas o Eletroduto Flexível Corrugado Leve é produzido de acordo com as normas de referência - NBR 15465 e NBR 5410 - trazendo mais segurança e confiabilidade para a obra.;Proteção mecânica para fios e cabos elétricos nas instalações de baixa tensão.;"*Cor: Amarela
*Bitolas: 20mm,25mm e 32mm
*Grau de Proteção: IP40
*Bobinas: 10m, 25m e 50m.";"*NBR 15465
*NBR 5410.";"*Não propaga chama
*Maior resistência química
*Bobinas de 10m que facilitam o
transporte e o uso para pequenos
Reparos.";ELETRODUTO DE PVC FLEX CORRUGADO 25MM - 50 MT;TUBOS ELETRODUTO CORRUGADO;ELETRICA;MT;Rolos;250.0;490.0;490.0;50.0;3917.23.00;7897801309622;17897801309629;27897801309626;ELETRODUTO DE PVC FLEX CORRUGADO 25MM - 50 MT;;False;25.0;;0.25;0.25;25.0
1232;ELETRODUTO DE PVC FLEX CORRUGADO 32MM - 25 MT;TUBOS ELETRODUTO CORRUGADO;Produzido em PVC antichamas o Eletroduto Flexível Corrugado Leve é produzido de acordo com as normas de referência - NBR 15465 e NBR 5410 - trazendo mais segurança e confiabilidade para a obra.;Proteção mecânica para fios e cabos elétricos nas instalações de baixa tensão.;"*Cor: Amarela
*Bitolas: 20mm,25mm e 32mm
*Grau de Proteção: IP40
*Bobinas: 10m, 25m e 50m.";"*NBR 15465
*NBR 5410.";"*Não propaga chama
*Maior resistência química
*Bobinas de 10m que facilitam o
transporte e o uso para pequenos
Reparos.";ELETRODUTO DE PVC FLEX CORRUGADO 32MM - 25 MT;TUBOS ELETRODUTO CORRUGADO;ELETRICA;MT;Rolos;190.0;500.0;500.0;25.0;3917.23.00;7897801309639;17897801309636;27897801309633;ELETRODUTO DE PVC FLEX CORRUGADO 32MM - 25 MT;;False;32.0;;0.19;0.19;32.0
1233;ELETROD PVC FLEX CORRUG REF AZUL 25MM x 50M;TUBOS ELETRODUTO CORRUGADO;;;;;;ELETROD PVC FLEX CORRUG REF AZUL 25MM x 50M;TUBOS ELETRODUTO CORRUGADO;ELETRICA;MT;Rolos;500.0;225.0;500.0;50.0;3917.23.00;7897801310598;17897801310595;27897801310592;ELETROD PVC FLEX CORRUG REF AZUL 25MM X 50M;;False;25.0;;0.5;0.5;25.0
1234;ELETROD PVC FLEX CORRUG REF AZUL 32MM x 25M;TUBOS ELETRODUTO CORRUGADO;;;;;;ELETROD PVC FLEX CORRUG REF AZUL 32MM x 25M;TUBOS ELETRODUTO CORRUGADO;ELETRICA;MT;Rolos;450.0;230.0;450.0;25.0;3917.23.00;7897801310604;17897801310601;27897801310608;ELETROD PVC FLEX CORRUG REF AZUL 32MM X 25M;;False;32.0;;0.45;0.45;32.0
1235;ELETROD PVC FLEX CORRUG REFORCADO 20MM 50 MT;TUBOS ELETRODUTO CORRUGADO;Produzido em PVC antichamas o Eletroduto Flexível Corrugado Reforçado é produzido de acordo com as normas de referência - NBR 15465 e NBR 5410 - trazendo mais segurança e confiabilidade para a obra.;Proteção mecânica para fios e cabos elétricos nas instalações de baixa tensão.;"*Cor: Laranja;
*Bitolas: 20mm,25mm e 32mm;
*Grau de Proteção: IP40.
*Bobinas: 25m e 50m.";"*NBR 15465
*NBR 5410.";"*Não propaga chama;
*Maior resistência química;
*Superfície interna lisa o que facilita a
passagem dos cabos elétricos.";ELETROD PVC FLEX CORRUG REFORCADO 20MM 50 MT;TUBOS ELETRODUTO CORRUGADO;ELETRICA;MT;Rolos;170.0;460.0;460.0;50.0;3917.23.00;7897801309646;17897801309643;27897801309640;ELETROD PVC FLEX CORRUG REFORCADO 20MM 50 MT;;False;20.0;;0.17;0.17;20.0
1236;ELETROD PVC FLEX CORRUG REFORCADO 25MM 50 MT;TUBOS ELETRODUTO CORRUGADO;Produzido em PVC antichamas o Eletroduto Flexível Corrugado Reforçado é produzido de acordo com as normas de referência - NBR 15465 e NBR 5410 - trazendo mais segurança e confiabilidade para a obra.;Proteção mecânica para fios e cabos elétricos nas instalações de baixa tensão.;"*Cor: Laranja;
*Bitolas: 20mm,25mm e 32mm;
*Grau de Proteção: IP40.
*Bobinas: 25m e 50m.";"*NBR 15465
*NBR 5410.";"*Não propaga chama;
*Maior resistência química;
*Superfície interna lisa o que facilita a
passagem dos cabos elétricos.";ELETROD PVC FLEX CORRUG REFORCADO 25MM 50 MT;TUBOS ELETRODUTO CORRUGADO;ELETRICA;MT;Rolos;250.0;490.0;490.0;50.0;3917.23.00;7897801309653;17897801309650;27897801309657;ELETROD PVC FLEX CORRUG REFORCADO 25MM 50 MT;;False;25.0;;0.25;0.25;25.0
1237;ELETROD PVC FLEX CORRUG REFORCADO 32MM 25 MT;TUBOS ELETRODUTO CORRUGADO;Produzido em PVC antichamas o Eletroduto Flexível Corrugado Reforçado é produzido de acordo com as normas de referência - NBR 15465 e NBR 5410 - trazendo mais segurança e confiabilidade para a obra.;Proteção mecânica para fios e cabos elétricos nas instalações de baixa tensão.;"*Cor: Laranja;
*Bitolas: 20mm,25mm e 32mm;
*Grau de Proteção: IP40.
*Bobinas: 25m e 50m.";"*NBR 15465
*NBR 5410.";"*Não propaga chama;
*Maior resistência química;
*Superfície interna lisa o que facilita a
passagem dos cabos elétricos.";ELETROD PVC FLEX CORRUG REFORCADO 32MM 25 MT;TUBOS ELETRODUTO CORRUGADO;ELETRICA;MT;Rolos;190.0;500.0;500.0;25.0;3917.23.00;7897801309660;17897801309667;27897801309664;ELETROD PVC FLEX CORRUG REFORCADO 32MM 25 MT;;False;32.0;;0.19;0.19;32.0
1245;LUVA PRESSAO P/ ELETR.CORRUGADO AMARELO 20MM;CONEXOES ELETRODUTO CORRUGADO;Produzido em PVC antichamas a Luva de Pressão para Eletroduto Flexível Corrugado é produzida de acordo com as normas de referência - NBR 15465 e NBR 5410 - trazendo mais segurança e confiabilidade para a obra;Realizar a união perfeita entre dois trechos do Eletroduto PVC Corrugado Flexível. Evitando o entupimento do Eletroduto Corrugado por massa ou detritos da obra.;"*Cor: Amarelo;
*Bitolas: 20mm,25mm e 32mm;
* Grau de Proteção: IP40.";"*NBR 15465
*NBR 5410.";"*Gera maior economia com o aproveitamento
de trechos de Eletroduto Flexível que foram
cortados;
*Maior resistência química;
* Superfície interna lisa o que facilita a
passagem dos cabos elétricos;
*Trava 100% segura.";LUVA PRESSAO P/ ELETR.CORRUGADO AMARELO 20MM;CONEXOES ELETRODUTO CORRUGADO;ELETRICA;PC;Sacos;37.0;26.0;37.0;50.0;3917.40.90;7897801309981;17897801309988;27897801309985;LUVA PRESSAO P ELETR.CORRUGADO AMARELO 20MM;LUVA;False;20.0;;0.037;0.037;20.0
1246;LUVA PRESSAO P/ ELETR.CORRUGADO AMARELO 25MM;CONEXOES ELETRODUTO CORRUGADO;Produzido em PVC antichamas a Luva de Pressão para Eletroduto Flexível Corrugado é produzida de acordo com as normas de referência - NBR 15465 e NBR 5410 - trazendo mais segurança e confiabilidade para a obra;Realizar a união perfeita entre dois trechos do Eletroduto PVC Corrugado Flexível. Evitando o entupimento do Eletroduto Corrugado por massa ou detritos da obra.;"*Cor: Amarelo;
*Bitolas: 20mm,25mm e 32mm;
* Grau de Proteção: IP40.";"*NBR 15465
*NBR 5410.";"*Gera maior economia com o aproveitamento
de trechos de Eletroduto Flexível que foram
cortados;
*Maior resistência química;
* Superfície interna lisa o que facilita a
passagem dos cabos elétricos;
*Trava 100% segura.";LUVA PRESSAO P/ ELETR.CORRUGADO AMARELO 25MM;CONEXOES ELETRODUTO CORRUGADO;ELETRICA;PC;Sacos;41.0;30.0;41.0;50.0;3917.40.90;7897801309998;17897801309995;27897801309992;LUVA PRESSAO P ELETR.CORRUGADO AMARELO 25MM;LUVA;False;25.0;;0.041;0.041;25.0
1247;LUVA PRESSAO P/ ELETR.CORRUGADO AMARELO 32MM;CONEXOES ELETRODUTO CORRUGADO;Produzido em PVC antichamas a Luva de Pressão para Eletroduto Flexível Corrugado é produzida de acordo com as normas de referência - NBR 15465 e NBR 5410 - trazendo mais segurança e confiabilidade para a obra;Realizar a união perfeita entre dois trechos do Eletroduto PVC Corrugado Flexível. Evitando o entupimento do Eletroduto Corrugado por massa ou detritos da obra.;"*Cor: Amarelo;
*Bitolas: 20mm,25mm e 32mm;
* Grau de Proteção: IP40.";"*NBR 15465
*NBR 5410.";"*Gera maior economia com o aproveitamento
de trechos de Eletroduto Flexível que foram
cortados;
*Maior resistência química;
* Superfície interna lisa o que facilita a
passagem dos cabos elétricos;
*Trava 100% segura.";LUVA PRESSAO P/ ELETR.CORRUGADO AMARELO 32MM;CONEXOES ELETRODUTO CORRUGADO;ELETRICA;PC;Sacos;42.0;37.0;42.0;30.0;3917.40.90;7897801310000;17897801310007;27897801310004;LUVA PRESSAO P ELETR.CORRUGADO AMARELO 32MM;LUVA;False;32.0;;0.042;0.042;32.0
1250;LUVA PRESSAO P/ELETR.CORRUGADO REFORCADO 20MM;CONEXOES ELETRODUTO CORRUGADO;Produzido em PVC antichamas a Luva de Pressão Reforçada para Eletroduto Flexível Corrugado Reforçado é produzida de acordo com as normas de referência - NBR 15465 e NBR 5410 - trazendo mais segurança e confiabilidade para a obra.;Realizar a união perfeita entre dois trechos do Eletroduto PVC Corrugado Flexível Reforçado. Evitando o entupimento do Eletroduto Corrugado por massa ou detritos da obra.;"*Cor: Laranja;
*Bitolas: 20mm,25mm e 32mm;
*Grau de Proteção: IP40.";"*NBR 15465
*NBR 5410.";"*Gera maior economia com o aproveitamento
de trechos de Eletroduto Flexível que foram
cortados;
*Maior resistência química;
*Superfície interna lisa o que facilita a
passagem dos cabos elétricos;
*Trava 100% segura.";LUVA PRESSAO P/ELETR.CORRUGADO REFORCADO 20MM;CONEXOES ELETRODUTO CORRUGADO;ELETRICA;PC;Sacos;37.0;24.0;37.0;50.0;3917.40.90;7897801310239;17897801310236;27897801310233;LUVA PRESSAO P ELETR.CORRUGADO REFORCADO 20MM;LUVA;False;20.0;;0.037;0.037;20.0
1251;LUVA PRESSAO P/ELETR.CORRUGADO REFORCADO 25MM;CONEXOES ELETRODUTO CORRUGADO;Produzido em PVC antichamas a Luva de Pressão Reforçada para Eletroduto Flexível Corrugado Reforçado é produzida de acordo com as normas de referência - NBR 15465 e NBR 5410 - trazendo mais segurança e confiabilidade para a obra.;Realizar a união perfeita entre dois trechos do Eletroduto PVC Corrugado Flexível Reforçado. Evitando o entupimento do Eletroduto Corrugado por massa ou detritos da obra.;"*Cor: Laranja;
*Bitolas: 20mm,25mm e 32mm;
*Grau de Proteção: IP40.";"*NBR 15465
*NBR 5410.";"*Gera maior economia com o aproveitamento
de trechos de Eletroduto Flexível que foram
cortados;
*Maior resistência química;
*Superfície interna lisa o que facilita a
passagem dos cabos elétricos;
*Trava 100% segura.";LUVA PRESSAO P/ELETR.CORRUGADO REFORCADO 25MM;CONEXOES ELETRODUTO CORRUGADO;ELETRICA;PC;Sacos;41.0;29.0;41.0;50.0;3917.40.90;7897801310246;17897801310243;27897801310240;LUVA PRESSAO P ELETR.CORRUGADO REFORCADO 25MM;LUVA;False;25.0;;0.041;0.041;25.0
1252;LUVA PRESSAO P/ELETR.CORRUGADO REFORCADO 32MM;CONEXOES ELETRODUTO CORRUGADO;Produzido em PVC antichamas a Luva de Pressão Reforçada para Eletroduto Flexível Corrugado Reforçado é produzida de acordo com as normas de referência - NBR 15465 e NBR 5410 - trazendo mais segurança e confiabilidade para a obra.;Realizar a união perfeita entre dois trechos do Eletroduto PVC Corrugado Flexível Reforçado. Evitando o entupimento do Eletroduto Corrugado por massa ou detritos da obra.;"*Cor: Laranja;
*Bitolas: 20mm,25mm e 32mm;
*Grau de Proteção: IP40.";"*NBR 15465
*NBR 5410.";"*Gera maior economia com o aproveitamento
de trechos de Eletroduto Flexível que foram
cortados;
*Maior resistência química;
*Superfície interna lisa o que facilita a
passagem dos cabos elétricos;
*Trava 100% segura.";LUVA PRESSAO P/ELETR.CORRUGADO REFORCADO 32MM;CONEXOES ELETRODUTO CORRUGADO;ELETRICA;PC;Sacos;42.0;38.0;38.0;30.0;3917.40.90;7897801310253;17897801310250;27897801310257;LUVA PRESSAO P ELETR.CORRUGADO REFORCADO 32MM;LUVA;False;32.0;;0.042;0.042;32.0
1254;CAIXA DE LUZ OCTOGONAL REFORÇADA 4X4;CAIXAS DE LUZ;Conduzir os fios ou cabos elétricos até o centro da peça para efetuar a ligação entre a tecla e o plafon, bocal, spot, etc;Utilizado em instalações elétricas residenciais, prediais, comerciais de baixa tensão e devem ser direcionados a aplicações conforme sua classe de resistência mecânica. Exemplo: abrigar cabos elétricos para realizar a ligação na instalação de iluminação em lajes.;"* PVC-U (Policloreto de Vinila Rígido)
*Processo: Injeção
*Cor: Laranja
* Instalações elétricas de baixa tensão,
alimentadas sob uma tensão nominal igual
ou inferior a 1000V em corrente alternada ou
1500V em corrente contínua, telefonia e
dados, garantindo segurança e qualidade à
obra.";"* ABNT NBR 15465
*ABNT NBR 5410
*ABNT NBR 5431
*ABNT NBR 6067";"* Elevada resistência química e não sofrem
corrosão.
*Junta por simples encaixe para eletroduto
flexível
*Entradas ½ DN20, ¾ DN25 e 1” DN32 na
caixa de interligação.
* Possui uma tampa no fundo que pode ser
retirada para montagem de prolongador
* Não propaga chamas.";CAIXA DE LUZ OCTOGONAL REFORÇADA 4X4;CAIXAS DE LUZ;ELETRICA;PC;Sacos;105.0;57.0;105.0;12.0;3925.90.90;7897801319294;17897801319291;27897801319298;CAIXA DE LUZ OCTOGONAL REFORCADA 4X4;;False;;;0.105;0.105;
1255;CAIXA DE LUZ OCTOGONAL 4X4;CAIXAS DE LUZ;;;;;;CAIXA DE LUZ OCTOGONAL 4X4;CAIXAS DE LUZ;ELETRICA;PC;Sacos;106.0;570.0;106.0;12.0;3925.90.90;7897801310475;17897801310472;27897801310479;CAIXA DE LUZ OCTOGONAL 4X4;;False;;;0.106;0.106;
1256;CAIXA DE CENTRO P/LAJE 250;CAIXAS DE LUZ;Produzido em PVC antichamas a Caixa de Luz Centro Laje é produzida de acordo com as normas de referência - NBR 15465 e NBR 5410 - trazendo mais segurança e confiabilidade para a obra.;Realizar a união perfeita entre dois trechos do Eletroduto PVC Corrugado Flexível Reforçado. Evitando o entupimento do Eletroduto Corrugado por massa ou detritos da obra.;"* Cor: Laranja;
*Bitolas: 20mm,25mm e 32mm;
*Grau de Proteção: IP40.";"*NBR 15465
*NBR 5410";"* Gera maior economia com o aproveitamento
de trechos de Eletroduto Flexível que foram
cortados;
*Maior resistência química;
*Superfície interna lisa o que facilita a
passagem dos cabos elétricos
* Trava 100% segura";CAIXA DE CENTRO P/LAJE 250;CAIXAS DE LUZ;ELETRICA;PC;Sacos;280.0;60.0;120.0;10.0;3917.40.90;7897801312578;17897801312575;27897801312572;CAIXA DE CENTRO P LAJE 250;;False;;;0.28;0.28;
1257;CAIXA DE CENTRO P/LAJE 300;CAIXAS DE LUZ;Produzido em PVC antichamas a Caixa de Luz Centro Laje é produzida de acordo com as normas de referência - NBR 15465 e NBR 5410 - trazendo mais segurança e confiabilidade para a obra.;Realizar a união perfeita entre dois trechos do Eletroduto PVC Corrugado Flexível Reforçado. Evitando o entupimento do Eletroduto Corrugado por massa ou detritos da obra.;"* Cor: Laranja;
*Bitolas: 20mm,25mm e 32mm;
*Grau de Proteção: IP40.";"*NBR 15465
*NBR 5410";"* Gera maior economia com o aproveitamento
de trechos de Eletroduto Flexível que foram
cortados;
*Maior resistência química;
*Superfície interna lisa o que facilita a
passagem dos cabos elétricos
* Trava 100% segura";CAIXA DE CENTRO P/LAJE 300;CAIXAS DE LUZ;ELETRICA;PC;Sacos;330.0;60.0;120.0;10.0;3917.40.90;7897801312585;17897801312582;27897801312589;CAIXA DE CENTRO P LAJE 300;;False;;;0.33;0.33;
1260;PROLONGADOR PARA CAIXA OCTOGONAL;CAIXAS DE LUZ;Prolongar a caixa que vai conduzir os fios ou cabos elétricos até o centro da peça para efetuar a ligação entre a tecla e o plafon, bocal, spot, etc.;Utilizado para aumentar a profundidade da caixa.;"* PVC-U (Policloreto de Vinila Rígido)
*Processo: Injeção
*Cor: Amarelo
*Instalações elétricas de baixa tensão,
alimentadas sob uma tensão nominal igual
ou inferior a 1000V em corrente alternada ou
1500V em corrente contínua, telefonia dados,
garantindo segurança e qualidade à obra.
*Caixa octogonal de classe leve indicada para
aplicações em paredes de alvenaria.
*O classe média 320N/5cm.";"* ABNT NBR 15465
*ABNT NBR 5410
*ABNT NBR 5431";"* Elevada resistência química e não sofrem
corrosão
*Junta por simples encaixe para eletroduto
flexível.
*Entradas ½ DN20, ¾ DN25 e 1” DN32 na
caixa de interligação.
*Não propaga chamas.";PROLONGADOR PARA CAIXA OCTOGONAL;CAIXAS DE LUZ;ELETRICA;PC;Sacos;52.0;120.0;120.0;12.0;3917.40.90;7897801310468;17897801310465;27897801310462;PROLONGADOR PARA CAIXA OCTOGONAL;;False;;;0.052;0.052;
1261;PROLONGADOR PARA CAIXA OCTOGONAL REFORCADO;CAIXAS DE LUZ;;;;;;PROLONGADOR PARA CAIXA OCTOGONAL REFORCADO;CAIXAS DE LUZ;ELETRICA;PC;Sacos;100.0;60.0;100.0;12.0;3917.40.90;7897801312653;17897801312650;27897801312657;PROLONGADOR PARA CAIXA OCTOGONAL REFORCADO;;False;;;0.1;0.1;
1265;CAIXA DE LUZ P/ELETR. FLEXIVEL CORRUGADO 4X2;CAIXAS DE LUZ;Conduzir os fios ou cabos elétricos e abrigá-los no centro da peça para efetuar a conexão das tomadas, interruptores, sensores etc.;Utilizado em paredes de alvenaria ou parede de gesso (Drywall).;"* PVC-U (Policloreto de Vinila Rígido)
*Processo: Injeção
*Cor: Amarelo
* Instalações elétricas de baixa tensão,
alimentadas sob uma tensão nominal igual
ou inferior a 1000V em corrente alternada ou
1500V em corrente contínua, telefonia dados,
garantindo segurança e qualidade à obra.
*Caixa de classe leve indicada para
aplicações em paredes de alvenaria.
*O classe média 320N/5cm.";"* ABNT NBR 15465
* ABNT NBR 5410
*ABNT NBR 5431";"* Elevada resistência química e não sofrem
corrosão.
*Junta por simples encaixe para eletroduto
flexível.
*Entradas ½ DN20, ¾ DN25 e 1” DN32 na
caixa de interligação
* Não propaga chamas.
* Ocupa menor espaço em estoque,
produto empilhável.
*Maior espaço interno, facilitando o
processo de instalação dos componentes
elétricos.";CAIXA DE LUZ EMPILHÁVEL P/ELETR. FLEXIVEL CORRUGADO 4X2;CAIXAS DE LUZ;ELETRICA;PC;Sacos;115.0;50.0;75.0;24.0;3925.90.90;7897801310444;17897801310441;27897801310448;CAIXA DE LUZ P ELETR. FLEXIVEL CORRUGADO 4X2;;False;;;0.115;0.115;
1266;CAIXA DE LUZ P/ELETR. FLEXIVEL CORRUGADO 4X4;CAIXAS DE LUZ;;;;;;CAIXA DE LUZ P/ELETR. FLEXIVEL CORRUGADO 4X4;CAIXAS DE LUZ;ELETRICA;PC;Sacos;47.0;115.0;115.0;20.0;3925.90.90;7897801310321;17897801310328;27897801310325;CAIXA DE LUZ P ELETR. FLEXIVEL CORRUGADO 4X4;;False;;;0.047;0.047;
1269;CAIXA DE LUZ P/ELETR. FLEXIVEL CORRUGADO 4X2;CAIXAS DE LUZ;;;;;;CAIXA DE LUZ P/ELETR. FLEXIVEL CORRUGADO 4X2;CAIXAS DE LUZ;ELETRICA;PC;Sacos;;;;24.0;3925.90.90;7897801325318;17897801325315;27897801325312;CAIXA DE LUZ P ELETR. FLEXIVEL CORRUGADO 4X2;;False;;;;;
1270;QUADRO DISTR 4D/3N EMBUTIR;QUADRO DE DISTRIBUICAO;;;;;;QUADRO DISTR 4D/3N EMBUTIR;QUADRO DE DISTRIBUICAO;ELETRICA;PC;Caixas;20.0;9.5;18.5;8.0;8538.10.00;7897801318167;17897801318164;27897801318161;QUADRO DISTR 4D 3N EMBUTIR;;False;;;0.02;0.02;
1271;QUADRO DISTR 8D/6N EMBUTIR SEM BARRAMENTO;QUADRO DE DISTRIBUICAO;;;;;;QUADRO DISTR 8D/6N EMBUTIR SEM BARRAMENTO;QUADRO DE DISTRIBUICAO;ELETRICA;PC;Caixas;27.0;9.5;21.0;8.0;8538.10.00;7897801318174;17897801318171;27897801318178;QUADRO DISTR 8D 6N EMBUTIR SEM BARRAMENTO;;False;;;0.027;0.027;
1272;QUADRO DISTR 12D/9N EMBUTIR SEM BARRAMENTO;QUADRO DE DISTRIBUICAO;;;;;;QUADRO DISTR 12D/9N EMBUTIR SEM BARRAMENTO;QUADRO DE DISTRIBUICAO;ELETRICA;PC;Caixas;34.8;9.5;22.8;4.0;8538.10.00;7897801318181;17897801318188;27897801318185;QUADRO DISTR 12D 9N EMBUTIR SEM BARRAMENTO;;False;;;0.0348;0.0348;
1273;QUADRO DISTR 16D/11N EMBUTIR SEM BARRAMENTO;QUADRO DE DISTRIBUICAO;;;;;;QUADRO DISTR 16D/11N EMBUTIR SEM BARRAMENTO;QUADRO DE DISTRIBUICAO;ELETRICA;PC;Caixas;41.5;9.5;23.5;4.0;8538.10.00;7897801318198;17897801318195;27897801318192;QUADRO DISTR 16D 11N EMBUTIR SEM BARRAMENTO;;False;;;0.0415;0.0415;
1274;QUADRO DISTR 24D/18N EMBUTIR SEM BARRAMENTO;QUADRO DE DISTRIBUICAO;;;;;;QUADRO DISTR 24D/18N EMBUTIR SEM BARRAMENTO;QUADRO DE DISTRIBUICAO;ELETRICA;PC;Caixas;38.5;9.8;33.5;2.0;8538.10.00;7897801318204;17897801318201;27897801318208;QUADRO DISTR 24D 18N EMBUTIR SEM BARRAMENTO;;False;;;0.0385;0.0385;
1275;QUADRO DISTR 36D/27N EMBUTIR SEM BARRAMENTO;QUADRO DE DISTRIBUICAO;;;;;;QUADRO DISTR 36D/27N EMBUTIR SEM BARRAMENTO;QUADRO DE DISTRIBUICAO;ELETRICA;PC;Caixas;53.0;9.7;35.5;2.0;8538.10.00;7897801318211;17897801318218;27897801318215;QUADRO DISTR 36D 27N EMBUTIR SEM BARRAMENTO;;False;;;0.053;0.053;
1277;QUADRO DISTR 8D/6N EMBUTIR COM BARRAMENTO;QUADRO DE DISTRIBUICAO;;;;;;QUADRO DISTR 8D/6N EMBUTIR COM BARRAMENTO;QUADRO DE DISTRIBUICAO;ELETRICA;PC;Caixas;27.0;9.5;21.0;8.0;8538.10.00;7897801318235;17897801318232;27897801318239;QUADRO DISTR 8D 6N EMBUTIR COM BARRAMENTO;;False;;;0.027;0.027;
1278;QUADRO DISTR 12D/9N EMBUTIR COM BARRAMENTO;QUADRO DE DISTRIBUICAO;;;;;;QUADRO DISTR 12D/9N EMBUTIR COM BARRAMENTO;QUADRO DE DISTRIBUICAO;ELETRICA;PC;Caixas;34.8;9.5;22.8;4.0;8538.10.00;7897801318242;17897801318249;27897801318246;QUADRO DISTR 12D 9N EMBUTIR COM BARRAMENTO;;False;;;0.0348;0.0348;
1279;QUADRO DISTR 16D/11N EMBUTIR COM BARRAMENTO;QUADRO DE DISTRIBUICAO;;;;;;QUADRO DISTR 16D/11N EMBUTIR COM BARRAMENTO;QUADRO DE DISTRIBUICAO;ELETRICA;PC;Caixas;41.5;9.5;23.5;4.0;8538.10.00;7897801318259;17897801318256;27897801318253;QUADRO DISTR 16D 11N EMBUTIR COM BARRAMENTO;;False;;;0.0415;0.0415;
1280;QUADRO DISTR 24D/18N EMBUTIR COM BARRAMENTO;QUADRO DE DISTRIBUICAO;;;;;;QUADRO DISTR 24D/18N EMBUTIR COM BARRAMENTO;QUADRO DE DISTRIBUICAO;ELETRICA;PC;Caixas;38.5;9.8;33.5;2.0;8538.10.00;7897801318266;17897801318263;27897801318260;QUADRO DISTR 24D 18N EMBUTIR COM BARRAMENTO;;False;;;0.0385;0.0385;
1281;QUADRO DISTR 36D/27N EMBUTIR COM BARRAMENTO;QUADRO DE DISTRIBUICAO;;;;;;QUADRO DISTR 36D/27N EMBUTIR COM BARRAMENTO;QUADRO DE DISTRIBUICAO;ELETRICA;PC;Caixas;53.0;9.7;35.5;2.0;8538.10.00;7897801318273;17897801318270;27897801318277;QUADRO DISTR 36D 27N EMBUTIR COM BARRAMENTO;;False;;;0.053;0.053;
1283;QUADRO DISTR 4D/3N SOBREPOR;QUADRO DE DISTRIBUICAO;;;;;;QUADRO DISTR 4D/3N SOBREPOR;QUADRO DE DISTRIBUICAO;ELETRICA;PC;Caixas;20.0;9.5;18.5;8.0;8538.10.00;7897801320481;17897801320488;27897801320485;QUADRO DISTR 4D 3N SOBREPOR;;False;;;0.02;0.02;
1284;QUADRO DISTR 8D/6N SOBREPOR SEM BARRAMENTO;QUADRO DE DISTRIBUICAO;;;;;;QUADRO DISTR 8D/6N SOBREPOR SEM BARRAMENTO;QUADRO DE DISTRIBUICAO;ELETRICA;PC;Caixas;27.0;9.5;21.0;8.0;8538.10.00;7897801320498;17897801320495;27897801320492;QUADRO DISTR 8D 6N SOBREPOR SEM BARRAMENTO;;False;;;0.027;0.027;
1285;QUADRO DISTR 12D/9N SOBREPOR SEM BARRAMENTO;QUADRO DE DISTRIBUICAO;;;;;;QUADRO DISTR 12D/9N SOBREPOR SEM BARRAMENTO;QUADRO DE DISTRIBUICAO;ELETRICA;PC;Caixas;34.8;9.5;22.8;4.0;8538.10.00;7897801320535;17897801320532;27897801320539;QUADRO DISTR 12D 9N SOBREPOR SEM BARRAMENTO;;False;;;0.0348;0.0348;
1286;QUADRO DISTR 16D/11N SOBREPOR SEM BARRAMENTO;QUADRO DE DISTRIBUICAO;;;;;;QUADRO DISTR 16D/11N SOBREPOR SEM BARRAMENTO;QUADRO DE DISTRIBUICAO;ELETRICA;PC;Caixas;41.5;9.5;23.5;4.0;8538.10.00;7897801320511;17897801320518;27897801320515;QUADRO DISTR 16D 11N SOBREPOR SEM BARRAMENTO;;False;;;0.0415;0.0415;
1287;QUADRO DISTR 24D/18N SOBREPOR SEM BARRAMENTO;QUADRO DE DISTRIBUICAO;;;;;;QUADRO DISTR 24D/18N SOBREPOR SEM BARRAMENTO;QUADRO DE DISTRIBUICAO;ELETRICA;PC;Caixas;38.5;9.8;33.5;2.0;8538.10.00;7897801320559;17897801320556;27897801320553;QUADRO DISTR 24D 18N SOBREPOR SEM BARRAMENTO;;False;;;0.0385;0.0385;
1288;QUADRO DISTR 36D/27N SEM BARRAMENTO;QUADRO DE DISTRIBUICAO;;;;;;QUADRO DISTR 36D/27N SEM BARRAMENTO;QUADRO DE DISTRIBUICAO;ELETRICA;PC;Caixas;53.0;9.7;35.5;2.0;8538.10.00;7897801320573;17897801320570;27897801320577;QUADRO DISTR 36D 27N SEM BARRAMENTO;;False;;;0.053;0.053;
1290;QUADRO DISTR 8D/6N SOBREPOR COM BARRAMENTO;QUADRO DE DISTRIBUICAO;;;;;;QUADRO DISTR 8D/6N SOBREPOR COM BARRAMENTO;QUADRO DE DISTRIBUICAO;ELETRICA;PC;Caixas;27.0;9.5;21.0;8.0;8538.10.00;7897801320504;17897801320501;27897801320508;QUADRO DISTR 8D 6N SOBREPOR COM BARRAMENTO;;False;;;0.027;0.027;
1291;QUADRO DISTR 12D/9N SOBREPOR COM BARRAMENTO;QUADRO DE DISTRIBUICAO;;;;;;QUADRO DISTR 12D/9N SOBREPOR COM BARRAMENTO;QUADRO DE DISTRIBUICAO;ELETRICA;PC;Caixas;34.8;9.0;22.8;4.0;8538.10.00;7897801320542;17897801320549;27897801320546;QUADRO DISTR 12D 9N SOBREPOR COM BARRAMENTO;;False;;;0.0348;0.0348;
1292;QUADRO DISTR 16D/11N SOBREPOR COM BARRAMENTO;QUADRO DE DISTRIBUICAO;;;;;;QUADRO DISTR 16D/11N SOBREPOR COM BARRAMENTO;QUADRO DE DISTRIBUICAO;ELETRICA;PC;Caixas;41.5;9.5;23.5;4.0;8538.10.00;7897801320528;17897801320525;27897801320522;QUADRO DISTR 16D 11N SOBREPOR COM BARRAMENTO;;False;;;0.0415;0.0415;
1293;QUADRO DISTR 24D/18N SOBREPOR COM BARRAMENTO;QUADRO DE DISTRIBUICAO;;;;;;QUADRO DISTR 24D/18N SOBREPOR COM BARRAMENTO;QUADRO DE DISTRIBUICAO;ELETRICA;PC;Caixas;38.5;9.8;33.5;2.0;8538.10.00;7897801320566;17897801320563;27897801320560;QUADRO DISTR 24D 18N SOBREPOR COM BARRAMENTO;;False;;;0.0385;0.0385;
1294;QUADRO DISTR 36D/27N COM BARRAMENTO;QUADRO DE DISTRIBUICAO;;;;;;QUADRO DISTR 36D/27N COM BARRAMENTO;QUADRO DE DISTRIBUICAO;ELETRICA;PC;Caixas;53.0;9.7;35.5;2.0;8538.10.00;7897801320580;17897801320587;27897801320584;QUADRO DISTR 36D 27N COM BARRAMENTO;;False;;;0.053;0.053;
1296;CAIXA DE PROTECAO S DISJUNTOR;QUADRO DE DISTRIBUICAO;Produzido em PVC antichamas a Caixa de Proteção com Tomada é produzida em PVC de acordo com as normas de referência, trazendo mais segurança e confiabilidade para a obra;As Caixas de Proteção Krona são destinadas à abrigar disjuntores e tomadas que controlam dispositivos elétricos e eletrônicos garantindo uma proteção individual contra sobrecargas e curto-circuito.;"*Cor: Branca
* Material: PVC Antichama;
* Tamanhos: 86x65x154mm;
*Fabricação: PVC antichama;
*Modelo: Tomada e disjuntor conjugados
(disjuntor não incluído).";"*ABNT NBR 5410 
* ABNT NBR IEC 15465";"*Feito em PVC antichama;
*Regulagem do trilho;
* Disjuntor DIM e NEMA
*Maior espaço interno;
*Tomada na versão 2P+T;
*Comporta 1 disjuntor bipolar ou 2 monopolar;
*Grau de proteção IP40;
* Tomada e disjuntor conjugados;
*Fendas que facilitam a abertura;
*Comporta lateral móvel;
*Entrada para canaleta e eletroduto de ¾”.";CAIXA DE PROTECAO S DISJUNTOR;QUADRO DE DISTRIBUICAO;ELETRICA;PC;Caixas;26.5;16.5;18.5;8.0;8538.10.00;7897801320474;17897801320471;27897801320478;CAIXA DE PROTECAO S DISJUNTOR;;False;;;0.0265;0.0265;
1298;CAIXA DE PASSAGEM ELETRICA DE PISO DN300;CAIXAS DE PASSAGEM PAREDE E PISO;;;;;;CAIXA DE PASSAGEM ELETRICA DE PISO DN300;CAIXAS DE PASSAGEM PAREDE E PISO;ELETRICA;PC;Caixas;36.0;34.0;36.0;1.0;8538.10.00;7897801320436;17897801320433;27897801320430;CAIXA DE PASSAGEM ELETRICA DE PISO DN300;;False;300.0;;0.036;0.036;300.0
1299;ADAPTADOR VEDANTE UNIVERSAL CAIXA DE PASSAGEM ELÉTRICA PISO;CAIXAS DE PASSAGEM PAREDE E PISO;;;;;;ADAPTADOR VEDANTE UNIVERSAL CAIXA DE PASSAGEM ELÉTRICA PISO;CAIXAS DE PASSAGEM PAREDE E PISO;ELETRICA;PC;Sacos;160.0;500.0;160.0;1.0;4016.93.00;7897801321488;17897801321485;27897801321482;ADAPTADOR VEDANTE UNIVERSAL CAIXA DE PASSAGEM ELETRICA PISO;ADAPTADOR;False;;;0.16;0.16;
1300;FITA ISOLANTE ANTI-CHAMA C/CELOF.19MM X 5M;FITAS ISOLANTES;;;;;;FITA ISOLANTE ANTI-CHAMA C/CELOF.19MM X  5M;FITAS ISOLANTES;ELETRICA;RL;Caixas;105.0;105.0;57.0;10.0;3919.10.20;7897801300957;17897801300954;27897801300951;FITA ISOLANTE ANTI - CHAMA C CELOF.19MM X 5M;;False;19.0;5.0;0.105;5.0;19.0
1301;FITA ISOLANTE ANTI-CHAMA C/CELOF.19MM X 10M;FITAS ISOLANTES;;;;;;FITA ISOLANTE ANTI-CHAMA C/CELOF.19MM X 10M;FITAS ISOLANTES;ELETRICA;RL;Caixas;200.0;200.0;58.0;10.0;3919.10.20;7897801300964;17897801300961;27897801300968;FITA ISOLANTE ANTI - CHAMA C CELOF.19MM X 10M;;False;19.0;10.0;0.2;10.0;19.0
1302;FITA ISOLANTE ANTI-CHAMA C/CELOF.19MM X 20M;FITAS ISOLANTES;;;;;;FITA ISOLANTE ANTI-CHAMA C/CELOF.19MM X 20M;FITAS ISOLANTES;ELETRICA;RL;Caixas;195.0;195.0;70.0;10.0;3919.10.20;7897801300971;17897801300978;27897801300975;FITA ISOLANTE ANTI - CHAMA C CELOF.19MM X 20M;;False;19.0;;0.195;0.195;19.0
1303;KIT BARRAMENTO/SUPORTE E PARAFUSOS QUADRO DIST 8;QUADRO DE DISTRIBUICAO;;;;;;KIT BARRAMENTO/SUPORTE E PARAFUSOS QUADRO DIST 8;QUADRO DE DISTRIBUICAO;ELETRICA;PC;Sacos;130.0;15.0;50.0;1.0;8538.90.90;7897801318464;17897801318461;27897801318468;KIT BARRAMENTO SUPORTE E PARAFUSOS QUADRO DIST 8;;False;;;0.13;0.13;
1304;KIT BARRAMENTO/SUPORTE E PARAFUSOS QUADRO DIST 12;QUADRO DE DISTRIBUICAO;;;;;;KIT BARRAMENTO/SUPORTE E PARAFUSOS QUADRO DIST 12;QUADRO DE DISTRIBUICAO;ELETRICA;PC;Sacos;130.0;15.0;50.0;1.0;8538.90.90;7897801318471;17897801318471;27897801318471;KIT BARRAMENTO SUPORTE E PARAFUSOS QUADRO DIST 12;;False;;;0.13;0.13;
1305;KIT BARRAMENTO/SUPORTE E PARAFUSOS QUADRO DIST 16;QUADRO DE DISTRIBUICAO;;;;;;KIT BARRAMENTO/SUPORTE E PARAFUSOS QUADRO DIST 16;QUADRO DE DISTRIBUICAO;ELETRICA;PC;Sacos;130.0;15.0;50.0;1.0;8538.90.90;7897801318488;17897801318485;27897801318482;KIT BARRAMENTO SUPORTE E PARAFUSOS QUADRO DIST 16;;False;;;0.13;0.13;
1306;KIT BARRAMENTO/SUPORTE E PARAFUSOS QUADRO DIST 24;QUADRO DE DISTRIBUICAO;;;;;;KIT BARRAMENTO/SUPORTE E PARAFUSOS QUADRO DIST 24;QUADRO DE DISTRIBUICAO;ELETRICA;PC;Sacos;130.0;15.0;50.0;1.0;8538.90.90;7897801318495;17897801318495;27897801318495;KIT BARRAMENTO SUPORTE E PARAFUSOS QUADRO DIST 24;;False;;;0.13;0.13;
1307;KIT BARRAMENTO/SUPORTE E PARAFUSOS QUADRO DIST 36;QUADRO DE DISTRIBUICAO;;;;;;KIT BARRAMENTO/SUPORTE E PARAFUSOS QUADRO DIST 36;QUADRO DE DISTRIBUICAO;ELETRICA;PC;Sacos;130.0;15.0;50.0;1.0;8538.90.90;7897801318501;17897801318508;27897801318505;KIT BARRAMENTO SUPORTE E PARAFUSOS QUADRO DIST 36;;False;;;0.13;0.13;
1308;QUADRO SISTEMA VDI 30X20 - EMBUTIR;QUADRO SISTEMA VDI;;;;;;QUADRO SISTEMA VDI 30X20 - EMBUTIR;QUADRO SISTEMA VDI;ELETRICA;PC;Caixas;35.0;9.5;22.8;4.0;8538.10.00;7897801319485;17897801319482;27897801319489;QUADRO SISTEMA VDI 30X20 - EMBUTIR;;False;;;0.035;0.035;
1309;QUADRO SISTEMA VDI 30X35 - EMBUTIR;QUADRO SISTEMA VDI;;;;;;QUADRO SISTEMA VDI 30X35 - EMBUTIR;QUADRO SISTEMA VDI;ELETRICA;PC;Caixas;35.5;9.5;38.0;2.0;8538.10.00;7897801319492;17897801319499;27897801319496;QUADRO SISTEMA VDI 30X35 - EMBUTIR;;False;;;0.0355;0.0355;
1310;QUADRO SISTEMA VDI 30X50 - EMBUTIR;QUADRO SISTEMA VDI;;;;;;QUADRO SISTEMA VDI 30X50 - EMBUTIR;QUADRO SISTEMA VDI;ELETRICA;PC;Caixas;53.0;9.7;35.5;2.0;8538.10.00;7897801319508;17897801319505;27897801319502;QUADRO SISTEMA VDI 30X50 - EMBUTIR;;False;;;0.053;0.053;
1311;QUADRO SISTEMA VDI 30X20 - SOBREPOR;QUADRO SISTEMA VDI;;;;;;QUADRO SISTEMA VDI 30X20 - SOBREPOR;QUADRO SISTEMA VDI;ELETRICA;PC;Caixas;35.0;9.5;22.8;4.0;8538.10.00;7897801320344;17897801320341;27897801320348;QUADRO SISTEMA VDI 30X20 - SOBREPOR;;False;;;0.035;0.035;
1312;QUADRO SISTEMA VDI 30X35 - SOBREPOR;QUADRO SISTEMA VDI;;;;;;QUADRO SISTEMA VDI 30X35 - SOBREPOR;QUADRO SISTEMA VDI;ELETRICA;PC;Caixas;35.5;9.5;38.0;2.0;8538.10.00;7897801320351;17897801320358;27897801320355;QUADRO SISTEMA VDI 30X35 - SOBREPOR;;False;;;0.0355;0.0355;
1313;QUADRO SISTEMA VDI 30X50 - SOBREPOR;QUADRO SISTEMA VDI;;;;;;QUADRO SISTEMA VDI 30X50 - SOBREPOR;QUADRO SISTEMA VDI;ELETRICA;PC;Caixas;53.0;9.7;35.5;2.0;8538.10.00;7897801320368;17897801320365;27897801320362;QUADRO SISTEMA VDI 30X50 - SOBREPOR;;False;;;0.053;0.053;
1314;CAIXA PASSAGEM ELETRICA PAREDE 25X20 EMBUTIR;CAIXAS DE PASSAGEM PAREDE E PISO;Produzido em PVC antichamas a Caixa de Passagem Elétrica Krona é produzida em PVC de acordo com as normas de referência, trazendo mais segurança e confiabilidade para a obra.;"As Caixas de Passagem Elétrica Krona são destinadas a abrigar pontos de entrada e/ou saída de condutores da tubulação, bem como suas emendas e junções, de modo a facilitar a instalação e inspeções;";"*Cor: Branca;
*Material: PVC Antichama;
* Tamanhos: 25x20, 30x20, 30x35, 30x50cm;
*Fabricação: PVC antichama.";"*ABNT NBR 5410
*ABNT NBR IEC 62208 
* ABNT NBR IEC 60670-1";"*Feita em PVC antichama.
*Maior número de entradas;
* Abertura de entrada de até 45mm;
*Abertura de entrada de até 45mm;
* Grau de proteção IP40;
* Tampa com fixação por parafusos;";CAIXA PASSAGEM ELETRICA PAREDE 25X20 EMBUTIR;CAIXAS DE PASSAGEM PAREDE E PISO;ELETRICA;PC;Caixas;27.0;9.5;21.0;8.0;8538.10.00;7897801319515;17897801319512;27897801319519;CAIXA PASSAGEM ELETRICA PAREDE 25X20 EMBUTIR;;False;;;0.027;0.027;
1315;CAIXA PASSAGEM ELETRICA PAREDE 30X20 EMBUTIR;CAIXAS DE PASSAGEM PAREDE E PISO;Produzido em PVC antichamas a Caixa de Passagem Elétrica Krona é produzida em PVC de acordo com as normas de referência, trazendo mais segurança e confiabilidade para a obra.;"As Caixas de Passagem Elétrica Krona são destinadas a abrigar pontos de entrada e/ou saída de condutores da tubulação, bem como suas emendas e junções, de modo a facilitar a instalação e inspeções;";"*Cor: Branca;
*Material: PVC Antichama;
* Tamanhos: 25x20, 30x20, 30x35, 30x50cm;
*Fabricação: PVC antichama.";"*ABNT NBR 5410
*ABNT NBR IEC 62208 
* ABNT NBR IEC 60670-1";"*Feita em PVC antichama.
*Maior número de entradas;
* Abertura de entrada de até 45mm;
*Abertura de entrada de até 45mm;
* Grau de proteção IP40;
* Tampa com fixação por parafusos;";CAIXA PASSAGEM ELETRICA PAREDE 30X20 EMBUTIR;CAIXAS DE PASSAGEM PAREDE E PISO;ELETRICA;PC;Caixas;35.0;9.5;22.8;4.0;8538.10.00;7897801319522;17897801319529;27897801319526;CAIXA PASSAGEM ELETRICA PAREDE 30X20 EMBUTIR;;False;;;0.035;0.035;
1316;CAIXA PASSAGEM ELETRICA PAREDE 30X35 EMBUTIR;CAIXAS DE PASSAGEM PAREDE E PISO;Produzido em PVC antichamas a Caixa de Passagem Elétrica Krona é produzida em PVC de acordo com as normas de referência, trazendo mais segurança e confiabilidade para a obra.;"As Caixas de Passagem Elétrica Krona são destinadas a abrigar pontos de entrada e/ou saída de condutores da tubulação, bem como suas emendas e junções, de modo a facilitar a instalação e inspeções;";"*Cor: Branca;
*Material: PVC Antichama;
* Tamanhos: 25x20, 30x20, 30x35, 30x50cm;
*Fabricação: PVC antichama.";"*ABNT NBR 5410
*ABNT NBR IEC 62208 
* ABNT NBR IEC 60670-1";"*Feita em PVC antichama.
*Maior número de entradas;
* Abertura de entrada de até 45mm;
*Abertura de entrada de até 45mm;
* Grau de proteção IP40;
* Tampa com fixação por parafusos;";CAIXA PASSAGEM ELETRICA PAREDE 30X35 EMBUTIR;CAIXAS DE PASSAGEM PAREDE E PISO;ELETRICA;PC;Caixas;27.0;8.5;21.0;2.0;8538.10.00;7897801319539;17897801319536;27897801319533;CAIXA PASSAGEM ELETRICA PAREDE 30X35 EMBUTIR;;False;;;0.027;0.027;
1317;CAIXA PASSAGEM ELETRICA PAREDE 30X50 EMBUTIR;CAIXAS DE PASSAGEM PAREDE E PISO;Produzido em PVC antichamas a Caixa de Passagem Elétrica Krona é produzida em PVC de acordo com as normas de referência, trazendo mais segurança e confiabilidade para a obra.;"As Caixas de Passagem Elétrica Krona são destinadas a abrigar pontos de entrada e/ou saída de condutores da tubulação, bem como suas emendas e junções, de modo a facilitar a instalação e inspeções;";"*Cor: Branca;
*Material: PVC Antichama;
* Tamanhos: 25x20, 30x20, 30x35, 30x50cm;
*Fabricação: PVC antichama.";"*ABNT NBR 5410
*ABNT NBR IEC 62208 
* ABNT NBR IEC 60670-1";"*Feita em PVC antichama.
*Maior número de entradas;
* Abertura de entrada de até 45mm;
*Abertura de entrada de até 45mm;
* Grau de proteção IP40;
* Tampa com fixação por parafusos;";CAIXA PASSAGEM ELETRICA PAREDE 30X50 EMBUTIR;CAIXAS DE PASSAGEM PAREDE E PISO;ELETRICA;PC;Caixas;53.0;8.5;35.5;2.0;8538.10.00;7897801319546;17897801319543;27897801319540;CAIXA PASSAGEM ELETRICA PAREDE 30X50 EMBUTIR;;False;;;0.053;0.053;
1318;CAIXA PASSAGEM ELETRICA PAREDE 25X20 SOBREPOR;CAIXAS DE PASSAGEM PAREDE E PISO;;;;;;CAIXA PASSAGEM ELETRICA PAREDE 25X20 SOBREPOR;CAIXAS DE PASSAGEM PAREDE E PISO;ELETRICA;PC;Caixas;27.0;9.5;21.0;8.0;8538.10.00;7897801319553;17897801319550;27897801319557;CAIXA PASSAGEM ELETRICA PAREDE 25X20 SOBREPOR;;False;;;0.027;0.027;
1319;CAIXA PASSAGEM ELETRICA PAREDE 30X20 SOBREPOR;CAIXAS DE PASSAGEM PAREDE E PISO;;;;;;CAIXA PASSAGEM ELETRICA PAREDE 30X20 SOBREPOR;CAIXAS DE PASSAGEM PAREDE E PISO;ELETRICA;PC;Caixas;35.0;9.5;22.8;4.0;8538.10.00;7897801319560;17897801319567;27897801319564;CAIXA PASSAGEM ELETRICA PAREDE 30X20 SOBREPOR;;False;;;0.035;0.035;
1320;CAIXA PASSAGEM ELETRICA PAREDE 30X35 SOBREPOR;CAIXAS DE PASSAGEM PAREDE E PISO;;;;;;CAIXA PASSAGEM ELETRICA PAREDE 30X35 SOBREPOR;CAIXAS DE PASSAGEM PAREDE E PISO;ELETRICA;PC;Caixas;27.0;8.5;21.0;2.0;8538.10.00;7897801319577;17897801319574;27897801319571;CAIXA PASSAGEM ELETRICA PAREDE 30X35 SOBREPOR;;False;;;0.027;0.027;
1321;CAIXA PASSAGEM ELETRICA PAREDE 30X50 SOBREPOR;CAIXAS DE PASSAGEM PAREDE E PISO;;;;;;CAIXA PASSAGEM ELETRICA PAREDE 30X50 SOBREPOR;CAIXAS DE PASSAGEM PAREDE E PISO;ELETRICA;PC;Caixas;53.0;8.5;35.5;2.0;8538.10.00;7897801319584;17897801319581;27897801319588;CAIXA PASSAGEM ELETRICA PAREDE 30X50 SOBREPOR;;False;;;0.053;0.053;
1324;COLAR DE TOMADA 50MM X 1/2;COLAR DE TOMADA;;;;;;COLAR DE TOMADA 50MM X 1/2;COLAR DE TOMADA;AF;PC;Sacos;80.0;75.0;50.0;10.0;3917.40.90;7897801311823;17897801311820;27897801311827;COLAR DE TOMADA 50MM X 1 2;;False;50.0;;0.08;0.08;50.0
1325;COLAR DE TOMADA 50MM X 3/4;COLAR DE TOMADA;;;;;;COLAR DE TOMADA 50MM X 3/4;COLAR DE TOMADA;AF;PC;Sacos;80.0;80.0;50.0;10.0;3917.40.90;7897801311830;17897801311837;27897801311834;COLAR DE TOMADA 50MM X 3 4;;False;50.0;;0.08;0.08;50.0
1326;COLAR DE TOMADA 60MM X 1/2;COLAR DE TOMADA;;;;;;COLAR DE TOMADA 60MM X 1/2;COLAR DE TOMADA;AF;PC;Sacos;50.0;100.0;90.0;10.0;3917.40.90;7897801311786;17897801311783;27897801311780;COLAR DE TOMADA 60MM X 1 2;;False;60.0;;0.05;0.05;60.0
1327;COLAR DE TOMADA 60MM X 3/4;COLAR DE TOMADA;;;;;;COLAR DE TOMADA 60MM X 3/4;COLAR DE TOMADA;AF;PC;Sacos;50.0;50.0;90.0;10.0;3917.40.90;7897801311793;17897801311790;27897801311797;COLAR DE TOMADA 60MM X 3 4;;False;60.0;;0.05;0.05;60.0
1328;KIT TAMPA/MOLDURA QUADRO DIST 4;QUADRO DE DISTRIBUICAO;;;;;;KIT TAMPA/MOLDURA QUADRO DIST 4;QUADRO DE DISTRIBUICAO;ELETRICA;PC;Caixa;197.0;60.0;180.0;6.0;8538.10.00;7897801319591;7897801319591;27897801319595;KIT TAMPA MOLDURA QUADRO DIST 4;TAMPA;False;;;0.197;0.197;
1329;KIT TAMPA/MOLDURA QUADRO DIST 8;QUADRO DE DISTRIBUICAO;;;;;;KIT TAMPA/MOLDURA QUADRO DIST 8;QUADRO DE DISTRIBUICAO;ELETRICA;PC;Caixa;265.0;60.0;208.0;6.0;8538.10.00;7897801319607;7897801319607;27897801319601;KIT TAMPA MOLDURA QUADRO DIST 8;TAMPA;False;;;0.265;0.265;
1330;KIT TAMPA/MOLDURA QUADRO DIST 12;QUADRO DE DISTRIBUICAO;;;;;;KIT TAMPA/MOLDURA QUADRO DIST 12;QUADRO DE DISTRIBUICAO;ELETRICA;PC;Caixa;350.0;60.0;218.0;4.0;8538.10.00;7897801319614;7897801319614;27897801319618;KIT TAMPA MOLDURA QUADRO DIST 12;TAMPA;False;;;0.35;0.35;
1331;KIT TAMPA/MOLDURA QUADRO DIST 16;QUADRO DE DISTRIBUICAO;;;;;;KIT TAMPA/MOLDURA QUADRO DIST 16;QUADRO DE DISTRIBUICAO;ELETRICA;PC;Caixa;410.0;60.0;230.0;4.0;8538.10.00;7897801319621;7897801319621;27897801319625;KIT TAMPA MOLDURA QUADRO DIST 16;TAMPA;False;;;0.41;0.41;
1332;KIT TAMPA/MOLDURA QUADRO DIST 24;QUADRO DE DISTRIBUICAO;;;;;;KIT TAMPA/MOLDURA QUADRO DIST 24;QUADRO DE DISTRIBUICAO;ELETRICA;PC;Caixa;380.0;60.0;350.0;2.0;8538.10.00;7897801319638;7897801319638;27897801319632;KIT TAMPA MOLDURA QUADRO DIST 24;TAMPA;False;;;0.38;0.38;
1333;KIT TAMPA/MOLDURA QUADRO DIST 36;QUADRO DE DISTRIBUICAO;;;;;;KIT TAMPA/MOLDURA QUADRO DIST 36;QUADRO DE DISTRIBUICAO;ELETRICA;PC;Caixa;525.0;60.0;350.0;2.0;8538.10.00;7897801319645;7897801319645;27897801319649;KIT TAMPA MOLDURA QUADRO DIST 36;TAMPA;False;;;0.525;0.525;
1334;BUCHA DE REDUCAO CURTA ULTRATERM - 22 X 15;CPVC - ULTRATERM - CONEXOES;Efetuar a redução no diâmetro do tubo, através de sua ponta e bolsa soldável, para assim garantir a vazão conforme projeto.;Utilizada em instalação hidráulica residencial, comercial e industrial nas tubulações de água quente ou trechos de água fria com alta pressão, Por exemplo: sub-ramais de água quente, derivações de prumadas de água fria.;"*Material: CPVC (Policloreto de Vinila Clorado).
*Processo: Injeção 
*Cor: Bege 
*Conexão: Ponta / Bolsa 
*Temperatura x Pressão 
* 20 ͦC x 24 kgf/cm² 
*70 ͦC x 9 kgf/cm²";"*ABNT NBR 15884 
*ABNT NBR 562";"*Sem efeito nocivo ao organismo, atóxico. 
*Baixa condutividade térmica, isolante
*Baixa condutividade térmica, isolante
*Superfície interna lisa, não incrusta.";BUCHA DE REDUCAO CURTA ULTRATERM - 22 X 15;CPVC - ULTRATERM - CONEXOES;AQ;PC;Sacos;27.0;22.0;27.0;10.0;3917.40.90;7897801319669;17897801319666;27897801319663;BUCHA DE REDUCAO CURTA ULTRATERM - 22 X 15;BUCHA;False;;;0.027;0.027;
1335;BUCHA DE REDUCAO CURTA ULTRATERM - 28 X 15;CPVC - ULTRATERM - CONEXOES;Efetuar a redução no diâmetro do tubo, através de sua ponta e bolsa soldável, para assim garantir a vazão conforme projeto.;Utilizada em instalação hidráulica residencial, comercial e industrial nas tubulações de água quente ou trechos de água fria com alta pressão, Por exemplo: sub-ramais de água quente, derivações de prumadas de água fria.;"*Material: CPVC (Policloreto de Vinila Clorado).
*Processo: Injeção 
*Cor: Bege 
*Conexão: Ponta / Bolsa 
*Temperatura x Pressão 
* 20 ͦC x 24 kgf/cm² 
*70 ͦC x 9 kgf/cm²";"*ABNT NBR 15884 
*ABNT NBR 562";"*Sem efeito nocivo ao organismo, atóxico. 
*Baixa condutividade térmica, isolante
*Baixa condutividade térmica, isolante
*Superfície interna lisa, não incrusta.";BUCHA DE REDUCAO CURTA ULTRATERM - 28 X 15;CPVC - ULTRATERM - CONEXOES;AQ;PC;Sacos;34.0;28.0;34.0;10.0;3917.40.90;7897801319676;17897801319673;27897801319670;BUCHA DE REDUCAO CURTA ULTRATERM - 28 X 15;BUCHA;False;;;0.034;0.034;
1336;BUCHA DE REDUCAO CURTA ULTRATERM - 28 X 22;CPVC - ULTRATERM - CONEXOES;Efetuar a redução no diâmetro do tubo, através de sua ponta e bolsa soldável, para assim garantir a vazão conforme projeto.;Utilizada em instalação hidráulica residencial, comercial e industrial nas tubulações de água quente ou trechos de água fria com alta pressão, Por exemplo: sub-ramais de água quente, derivações de prumadas de água fria.;"*Material: CPVC (Policloreto de Vinila Clorado).
*Processo: Injeção 
*Cor: Bege 
*Conexão: Ponta / Bolsa 
*Temperatura x Pressão 
* 20 ͦC x 24 kgf/cm² 
*70 ͦC x 9 kgf/cm²";"*ABNT NBR 15884 
*ABNT NBR 562";"*Sem efeito nocivo ao organismo, atóxico. 
*Baixa condutividade térmica, isolante
*Baixa condutividade térmica, isolante
*Superfície interna lisa, não incrusta.";BUCHA DE REDUCAO CURTA ULTRATERM - 28 X 22;CPVC - ULTRATERM - CONEXOES;AQ;PC;Sacos;34.0;28.0;34.0;10.0;3917.40.90;7897801319683;17897801319680;27897801319687;BUCHA DE REDUCAO CURTA ULTRATERM - 28 X 22;BUCHA;False;;;0.034;0.034;
1337;CAP ULTRATERM - 15MM;CPVC - ULTRATERM - CONEXOES;Efetuar o bloqueio da passagem do fluido, através de sua bolsa soldável e assim garantir a estanqueidade nos pontos de projeto.;Utilizada em instalação hidráulica residencial, comercial e industrial nas tubulações de água quente ou trechos de água fria com alta pressão, Por exemplo: No final de ramais de água quente, no término de derivações de prumadas de água fria.;"*Material: CPVC (Policloreto de Vinila Clorado).
*Processo: Injeção 
* Cor: Bege 
*Conexão: Ponta / Bolsa 
*Temperatura x Pressão 
* 20 ͦC x 24 kgf/cm² 
*70 ͦC x 9 kgf/cm²";"*ABNT NBR 15884
*ABNT NBR 5626";"*Sem efeito nocivo ao organismo, atóxico. 
*Baixa condutividade térmica, isolante. 
* Resistente a corrosão, não enferruja. 
*Superfície interna lisa, não incrusta.";CAP ULTRATERM - 15MM;CPVC - ULTRATERM - CONEXOES;AQ;PC;Sacos;20.0;20.0;20.0;10.0;3917.40.90;7897801319690;17897801319697;27897801319694;CAP ULTRATERM - 15MM;CAP;False;15.0;;0.02;0.02;15.0
1338;CAP ULTRATERM - 22MM;CPVC - ULTRATERM - CONEXOES;Efetuar o bloqueio da passagem do fluido, através de sua bolsa soldável e assim garantir a estanqueidade nos pontos de projeto.;Utilizada em instalação hidráulica residencial, comercial e industrial nas tubulações de água quente ou trechos de água fria com alta pressão, Por exemplo: No final de ramais de água quente, no término de derivações de prumadas de água fria.;"*Material: CPVC (Policloreto de Vinila Clorado).
*Processo: Injeção 
* Cor: Bege 
*Conexão: Ponta / Bolsa 
*Temperatura x Pressão 
* 20 ͦC x 24 kgf/cm² 
*70 ͦC x 9 kgf/cm²";"*ABNT NBR 15884
*ABNT NBR 5626";"*Sem efeito nocivo ao organismo, atóxico. 
*Baixa condutividade térmica, isolante. 
* Resistente a corrosão, não enferruja. 
*Superfície interna lisa, não incrusta.";CAP ULTRATERM - 22MM;CPVC - ULTRATERM - CONEXOES;AQ;PC;Sacos;28.0;26.0;28.0;10.0;3917.40.90;7897801319706;17897801319703;27897801319700;CAP ULTRATERM - 22MM;CAP;False;22.0;;0.028;0.028;22.0
1339;CAP ULTRATERM - 28MM;CPVC - ULTRATERM - CONEXOES;Efetuar o bloqueio da passagem do fluido, através de sua bolsa soldável e assim garantir a estanqueidade nos pontos de projeto.;Utilizada em instalação hidráulica residencial, comercial e industrial nas tubulações de água quente ou trechos de água fria com alta pressão, Por exemplo: No final de ramais de água quente, no término de derivações de prumadas de água fria.;"*Material: CPVC (Policloreto de Vinila Clorado).
*Processo: Injeção 
* Cor: Bege 
*Conexão: Ponta / Bolsa 
*Temperatura x Pressão 
* 20 ͦC x 24 kgf/cm² 
*70 ͦC x 9 kgf/cm²";"*ABNT NBR 15884
*ABNT NBR 5626";"*Sem efeito nocivo ao organismo, atóxico. 
*Baixa condutividade térmica, isolante. 
* Resistente a corrosão, não enferruja. 
*Superfície interna lisa, não incrusta.";CAP ULTRATERM - 28MM;CPVC - ULTRATERM - CONEXOES;AQ;PC;Sacos;34.0;32.0;34.0;10.0;3917.40.90;7897801319713;17897801319710;27897801319717;CAP ULTRATERM - 28MM;CAP;False;28.0;;0.034;0.034;28.0
1340;CONECTOR RM ULTRATERM - 15 X 1/2;CPVC - ULTRATERM - CONEXOES;Efetuar a transição do CPVC para outros matérias através de um inserto metálico com rosca macho que garante a estanqueidade.;Utilizada em instalação hidráulica residencial, comercial e industrial nas tubulações de água quente ou trechos de água fria com alta pressão, Por exemplo: engate em boilers de água quente, registro de linha de prumada de água fria.;"*Material: CPVC (Policloreto de Vinila Clorado).
*Processo: Injeção. 
* Cor: Bege 
*Rosca Macho: NBR ISO-7 Cônica 
*Temperatura x Pressão:
o 20 ͦC x 24 kgf/cm².
o 70 ͦC x 9 kgf/cm²";"*ABNT NBR 15884 
* ABNT NBR 5626";"*Sem efeito nocivo ao organismo, atóxico. 
*Baixa condutividade térmica, isolante. 
* Resistente a corrosão, não enferruja. 
*Superfície interna lisa, não incrusta.";CONECTOR RM ULTRATERM - 15 X 1/2;CPVC - ULTRATERM - CONEXOES;AQ;PC;Caixas;29.0;46.0;29.0;10.0;3917.40.90;7897801319720;17897801319727;27897801319724;CONECTOR RM ULTRATERM - 15 X 1 2;;False;;;0.029;0.029;
1341;CONECTOR RM ULTRATERM - 22 X 1/2;CPVC - ULTRATERM - CONEXOES;Efetuar a transição do CPVC para outros matérias através de um inserto metálico com rosca macho que garante a estanqueidade.;Utilizada em instalação hidráulica residencial, comercial e industrial nas tubulações de água quente ou trechos de água fria com alta pressão, Por exemplo: engate em boilers de água quente, registro de linha de prumada de água fria.;"*Material: CPVC (Policloreto de Vinila Clorado).
*Processo: Injeção. 
* Cor: Bege 
*Rosca Macho: NBR ISO-7 Cônica 
*Temperatura x Pressão:
o 20 ͦC x 24 kgf/cm².
o 70 ͦC x 9 kgf/cm²";"*ABNT NBR 15884 
* ABNT NBR 5626";"*Sem efeito nocivo ao organismo, atóxico. 
*Baixa condutividade térmica, isolante. 
* Resistente a corrosão, não enferruja. 
*Superfície interna lisa, não incrusta.";CONECTOR RM ULTRATERM - 22 X 1/2;CPVC - ULTRATERM - CONEXOES;AQ;PC;Caixas;29.0;52.0;29.0;10.0;3917.40.90;7897801319737;17897801319734;27897801319731;CONECTOR RM ULTRATERM - 22 X 1 2;;False;;;0.029;0.029;
1342;CONECTOR RM ULTRATERM - 22 X 3/4;CPVC - ULTRATERM - CONEXOES;Efetuar a transição do CPVC para outros matérias através de um inserto metálico com rosca macho que garante a estanqueidade.;Utilizada em instalação hidráulica residencial, comercial e industrial nas tubulações de água quente ou trechos de água fria com alta pressão, Por exemplo: engate em boilers de água quente, registro de linha de prumada de água fria.;"*Material: CPVC (Policloreto de Vinila Clorado).
*Processo: Injeção. 
* Cor: Bege 
*Rosca Macho: NBR ISO-7 Cônica 
*Temperatura x Pressão:
o 20 ͦC x 24 kgf/cm².
o 70 ͦC x 9 kgf/cm²";"*ABNT NBR 15884 
* ABNT NBR 5626";"*Sem efeito nocivo ao organismo, atóxico. 
*Baixa condutividade térmica, isolante. 
* Resistente a corrosão, não enferruja. 
*Superfície interna lisa, não incrusta.";CONECTOR RM ULTRATERM - 22 X 3/4;CPVC - ULTRATERM - CONEXOES;AQ;PC;Caixas;35.0;55.0;35.0;10.0;3917.40.90;7897801319744;17897801319741;27897801319748;CONECTOR RM ULTRATERM - 22 X 3 4;;False;;;0.035;0.035;
1343;CONECTOR RM ULTRATERM - 28 X 1;CPVC - ULTRATERM - CONEXOES;Efetuar a transição do CPVC para outros matérias através de um inserto metálico com rosca macho que garante a estanqueidade.;Utilizada em instalação hidráulica residencial, comercial e industrial nas tubulações de água quente ou trechos de água fria com alta pressão, Por exemplo: engate em boilers de água quente, registro de linha de prumada de água fria.;"*Material: CPVC (Policloreto de Vinila Clorado).
*Processo: Injeção. 
* Cor: Bege 
*Rosca Macho: NBR ISO-7 Cônica 
*Temperatura x Pressão:
o 20 ͦC x 24 kgf/cm².
o 70 ͦC x 9 kgf/cm²";"*ABNT NBR 15884 
* ABNT NBR 5626";"*Sem efeito nocivo ao organismo, atóxico. 
*Baixa condutividade térmica, isolante. 
* Resistente a corrosão, não enferruja. 
*Superfície interna lisa, não incrusta.";CONECTOR RM ULTRATERM - 28 X 1;CPVC - ULTRATERM - CONEXOES;AQ;PC;Caixas;44.0;64.0;44.0;10.0;3917.40.90;7897801319751;17897801319758;27897801319755;CONECTOR RM ULTRATERM - 28 X 1;;False;;;0.044;0.044;
1344;JOELHO 45° ULTRATERM - 15MM;CPVC - ULTRATERM - CONEXOES;Efetuar a mudança de direção do fluido com ângulo 45 ͦ, através de suas bolsas soldáveis, garantindo estanqueidade na conexão.;Utilizada em instalação hidráulica residencial, comercial e industrial na geração de água quente ou sistemas de água fria com alta pressão, Por exemplo: Ramais de água quente, linhas de prumada de água fria.;"*Material: CPVC (Policloreto de Vinila Clorado).
*Processo: Injeção. 
* Cor: Bege 
*Conexão: Bolsa / Bolsa 
*Temperatura x Pressão 
*20 ͦC x 24 kgf/cm². 
*70 ͦC x 9 kgf/cm²";"*ABNT NBR 15884 
*ABNT NBR 5626";"*Sem efeito nocivo ao organismo, atóxico. 
*Baixa condutividade térmica, isolante. 
* Resistente a corrosão, não enferruja. 
*Superfície interna lisa, não incrusta.";JOELHO 45° ULTRATERM - 15MM;CPVC - ULTRATERM - CONEXOES;AQ;PC;Sacos;20.0;45.0;27.0;10.0;3917.40.90;7897801319768;17897801319765;27897801319762;JOELHO 45 ULTRATERM - 15MM;JOELHO;False;15.0;;0.02;0.02;15.0
1345;JOELHO 45° ULTRATERM - 22MM;CPVC - ULTRATERM - CONEXOES;Efetuar a mudança de direção do fluido com ângulo 45 ͦ, através de suas bolsas soldáveis, garantindo estanqueidade na conexão.;Utilizada em instalação hidráulica residencial, comercial e industrial na geração de água quente ou sistemas de água fria com alta pressão, Por exemplo: Ramais de água quente, linhas de prumada de água fria.;"*Material: CPVC (Policloreto de Vinila Clorado).
*Processo: Injeção. 
* Cor: Bege 
*Conexão: Bolsa / Bolsa 
*Temperatura x Pressão 
*20 ͦC x 24 kgf/cm². 
*70 ͦC x 9 kgf/cm²";"*ABNT NBR 15884 
*ABNT NBR 5626";"*Sem efeito nocivo ao organismo, atóxico. 
*Baixa condutividade térmica, isolante. 
* Resistente a corrosão, não enferruja. 
*Superfície interna lisa, não incrusta.";JOELHO 45° ULTRATERM - 22MM;CPVC - ULTRATERM - CONEXOES;AQ;PC;Sacos;27.0;57.0;37.0;10.0;3917.40.90;7897801319775;17897801319772;27897801319779;JOELHO 45 ULTRATERM - 22MM;JOELHO;False;22.0;;0.027;0.027;22.0
1346;JOELHO 45° ULTRATERM - 28MM;CPVC - ULTRATERM - CONEXOES;Efetuar a mudança de direção do fluido com ângulo 45 ͦ, através de suas bolsas soldáveis, garantindo estanqueidade na conexão.;Utilizada em instalação hidráulica residencial, comercial e industrial na geração de água quente ou sistemas de água fria com alta pressão, Por exemplo: Ramais de água quente, linhas de prumada de água fria.;"*Material: CPVC (Policloreto de Vinila Clorado).
*Processo: Injeção. 
* Cor: Bege 
*Conexão: Bolsa / Bolsa 
*Temperatura x Pressão 
*20 ͦC x 24 kgf/cm². 
*70 ͦC x 9 kgf/cm²";"*ABNT NBR 15884 
*ABNT NBR 5626";"*Sem efeito nocivo ao organismo, atóxico. 
*Baixa condutividade térmica, isolante. 
* Resistente a corrosão, não enferruja. 
*Superfície interna lisa, não incrusta.";JOELHO 45° ULTRATERM - 28MM;CPVC - ULTRATERM - CONEXOES;AQ;PC;Sacos;34.0;76.0;46.0;10.0;3917.40.90;7897801319782;17897801319789;27897801319786;JOELHO 45 ULTRATERM - 28MM;JOELHO;False;28.0;;0.034;0.034;28.0
1347;JOELHO 90° ULTRATERM - 15MM;CPVC - ULTRATERM - CONEXOES;Efetuar a mudança de direção do fluido com ângulo 90 ͦ, através de suas bolsas soldáveis, garantindo estanqueidade na conexão.;Utilizada em instalação hidráulica residencial, comercial e industrial na geração de água quente ou sistemas de água fria com alta pressão, Por exemplo: Ramais de água quente, linhas de prumada de água fria.;"*Material: CPVC (Policloreto de Vinila Clorado).
* Processo: Injeção. 
* Cor: Bege 
*Conexão: Bolsa / Bolsa 
*Temperatura x Pressão 
*20 ͦC x 24 kgf/cm². 
* 70 ͦC x 9 kgf/cm²";"*ABNT NBR 15884 
* ABNT NBR 5626";"*Sem efeito nocivo ao organismo, atóxico. 
* Baixa condutividade térmica, isolante
*Resistente a corrosão, não enferruja. 
*Superfície interna lisa, não incrusta.";JOELHO 90° ULTRATERM - 15MM;CPVC - ULTRATERM - CONEXOES;AQ;PC;Sacos;20.0;35.0;35.0;10.0;3917.40.90;7897801319799;17897801319796;27897801319793;JOELHO 90 ULTRATERM - 15MM;JOELHO;False;15.0;;0.02;0.02;15.0
1348;JOELHO 90° ULTRATERM - 22MM;CPVC - ULTRATERM - CONEXOES;Efetuar a mudança de direção do fluido com ângulo 90 ͦ, através de suas bolsas soldáveis, garantindo estanqueidade na conexão.;Utilizada em instalação hidráulica residencial, comercial e industrial na geração de água quente ou sistemas de água fria com alta pressão, Por exemplo: Ramais de água quente, linhas de prumada de água fria.;"*Material: CPVC (Policloreto de Vinila Clorado).
* Processo: Injeção. 
* Cor: Bege 
*Conexão: Bolsa / Bolsa 
*Temperatura x Pressão 
*20 ͦC x 24 kgf/cm². 
* 70 ͦC x 9 kgf/cm²";"*ABNT NBR 15884 
* ABNT NBR 5626";"*Sem efeito nocivo ao organismo, atóxico. 
* Baixa condutividade térmica, isolante
*Resistente a corrosão, não enferruja. 
*Superfície interna lisa, não incrusta.";JOELHO 90° ULTRATERM - 22MM;CPVC - ULTRATERM - CONEXOES;AQ;PC;Sacos;27.0;47.0;47.0;10.0;3917.40.90;7897801319805;17897801319802;27897801319809;JOELHO 90 ULTRATERM - 22MM;JOELHO;False;22.0;;0.027;0.027;22.0
1349;JOELHO 90° ULTRATERM - 28MM;CPVC - ULTRATERM - CONEXOES;Efetuar a mudança de direção do fluido com ângulo 90 ͦ, através de suas bolsas soldáveis, garantindo estanqueidade na conexão.;Utilizada em instalação hidráulica residencial, comercial e industrial na geração de água quente ou sistemas de água fria com alta pressão, Por exemplo: Ramais de água quente, linhas de prumada de água fria.;"*Material: CPVC (Policloreto de Vinila Clorado).
* Processo: Injeção. 
* Cor: Bege 
*Conexão: Bolsa / Bolsa 
*Temperatura x Pressão 
*20 ͦC x 24 kgf/cm². 
* 70 ͦC x 9 kgf/cm²";"*ABNT NBR 15884 
* ABNT NBR 5626";"*Sem efeito nocivo ao organismo, atóxico. 
* Baixa condutividade térmica, isolante
*Resistente a corrosão, não enferruja. 
*Superfície interna lisa, não incrusta.";JOELHO 90° ULTRATERM - 28MM;CPVC - ULTRATERM - CONEXOES;AQ;PC;Sacos;34.0;58.0;58.0;10.0;3917.40.90;7897801319812;17897801319819;27897801319816;JOELHO 90 ULTRATERM - 28MM;JOELHO;False;28.0;;0.034;0.034;28.0
135;TUBO PVC ESG SR 6M DN40X6M;TUBOS PVC ESGOTO;;;;;;TUBO PVC ESG SR 6M DN40X6M;TUBOS PVC ESGOTO;ESGOTO;BR;Amarrados;6000.0;40.0;40.0;5.0;3917.23.00;7897801313759;17897801313756;27897801313753;TUBO PVC ESGOTO SERIE REFORCADA 6M DN40X6M;TUBO;True;;6.0;6.0;6.0;
1350;JOELHO 90° TRANSICAO RF ULTRATERM - 15 X 1/2;CPVC - ULTRATERM - CONEXOES;Efetuar a transição do CPVC para outros matérias através de um inserto metálico com rosca fêmea que garante a estanqueidade.;Utilizada em instalação hidráulica residencial, comercial e industrial nas tubulações de água quente ou trechos de água fria com alta pressão, Por exemplo: engate em boilers de água quente, registro de misturadores de água.;"*Material: CPVC (Policloreto de Vinila Clorado).
*Processo: Injeção. 
* Cor: Bege 
*Rosca Fêmea: NBR ISO-7 / NBR 8133
*Temperatura x Pressão:
o 20 ͦC x 24 kgf/cm².
o 70 ͦC x 9 kgf/cm²";"*ABNT NBR 15884 
*ABNT NBR 5626";"*Sem efeito nocivo ao organismo, atóxico. 
*Baixa condutividade térmica, isolante. 
* Resistente a corrosão, não enferruja. 
*Superfície interna lisa, não incrusta.";JOELHO 90° TRANSICAO RF ULTRATERM - 15 X 1/2;CPVC - ULTRATERM - CONEXOES;AQ;PC;Caixas;32.0;57.0;40.0;10.0;3917.40.90;7897801319829;17897801319826;27897801319823;JOELHO 90 TRANSICAO RF ULTRATERM - 15 X 1 2;JOELHO;False;;;0.032;0.032;
1351;JOELHO 90° TRANSICAO RF ULTRATERM - 22 X 1/2;CPVC - ULTRATERM - CONEXOES;Efetuar a transição do CPVC para outros matérias através de um inserto metálico com rosca fêmea que garante a estanqueidade.;Utilizada em instalação hidráulica residencial, comercial e industrial nas tubulações de água quente ou trechos de água fria com alta pressão, Por exemplo: engate em boilers de água quente, registro de misturadores de água.;"*Material: CPVC (Policloreto de Vinila Clorado).
*Processo: Injeção. 
* Cor: Bege 
*Rosca Fêmea: NBR ISO-7 / NBR 8133
*Temperatura x Pressão:
o 20 ͦC x 24 kgf/cm².
o 70 ͦC x 9 kgf/cm²";"*ABNT NBR 15884 
*ABNT NBR 5626";"*Sem efeito nocivo ao organismo, atóxico. 
*Baixa condutividade térmica, isolante. 
* Resistente a corrosão, não enferruja. 
*Superfície interna lisa, não incrusta.";JOELHO 90° TRANSICAO RF ULTRATERM - 22 X 1/2;CPVC - ULTRATERM - CONEXOES;AQ;PC;Caixas;32.0;65.0;48.0;10.0;3917.40.90;7897801319836;17897801319833;27897801319830;JOELHO 90 TRANSICAO RF ULTRATERM - 22 X 1 2;JOELHO;False;;;0.032;0.032;
1352;JOELHO 90° TRANSICAO RF ULTRATERM - 22 X 3/4;CPVC - ULTRATERM - CONEXOES;Efetuar a transição do CPVC para outros matérias através de um inserto metálico com rosca fêmea que garante a estanqueidade.;Utilizada em instalação hidráulica residencial, comercial e industrial nas tubulações de água quente ou trechos de água fria com alta pressão, Por exemplo: engate em boilers de água quente, registro de misturadores de água.;"*Material: CPVC (Policloreto de Vinila Clorado).
*Processo: Injeção. 
* Cor: Bege 
*Rosca Fêmea: NBR ISO-7 / NBR 8133
*Temperatura x Pressão:
o 20 ͦC x 24 kgf/cm².
o 70 ͦC x 9 kgf/cm²";"*ABNT NBR 15884 
*ABNT NBR 5626";"*Sem efeito nocivo ao organismo, atóxico. 
*Baixa condutividade térmica, isolante. 
* Resistente a corrosão, não enferruja. 
*Superfície interna lisa, não incrusta.";JOELHO 90° TRANSICAO RF ULTRATERM - 22 X 3/4;CPVC - ULTRATERM - CONEXOES;AQ;PC;Caixas;42.0;70.0;54.0;10.0;3917.40.90;7897801319843;17897801319840;27897801319847;JOELHO 90 TRANSICAO RF ULTRATERM - 22 X 3 4;JOELHO;False;;;0.042;0.042;
1353;JOELHO 90° TRANSICAO RF ULTRATERM - 28 X 1;CPVC - ULTRATERM - CONEXOES;Efetuar a transição do CPVC para outros matérias através de um inserto metálico com rosca fêmea que garante a estanqueidade.;Utilizada em instalação hidráulica residencial, comercial e industrial nas tubulações de água quente ou trechos de água fria com alta pressão, Por exemplo: engate em boilers de água quente, registro de misturadores de água.;"*Material: CPVC (Policloreto de Vinila Clorado).
*Processo: Injeção. 
* Cor: Bege 
*Rosca Fêmea: NBR ISO-7 / NBR 8133
*Temperatura x Pressão:
o 20 ͦC x 24 kgf/cm².
o 70 ͦC x 9 kgf/cm²";"*ABNT NBR 15884 
*ABNT NBR 5626";"*Sem efeito nocivo ao organismo, atóxico. 
*Baixa condutividade térmica, isolante. 
* Resistente a corrosão, não enferruja. 
*Superfície interna lisa, não incrusta.";JOELHO 90° TRANSICAO RF ULTRATERM - 28 X 1;CPVC - ULTRATERM - CONEXOES;AQ;PC;Caixas;50.0;85.0;57.0;10.0;3917.40.90;7897801319850;17897801319857;27897801319854;JOELHO 90 TRANSICAO RF ULTRATERM - 28 X 1;JOELHO;False;;;0.05;0.05;
1354;LUVA DE CORRER ULTRATERM - 15MM;CPVC - ULTRATERM - CONEXOES;Reparar ramais e sub-ramais de CPVC, instalados de forma embutida. A Estanqueidade é garantida pelos anéis deslizantes.;Utilizada em instalação hidráulica residencial, comercial e industrial na geração de água quente ou sistemas de água fria com alta pressão, Por exemplo: Ramais de água quente, linhas de prumada de água fria.;"*Material: CPVC (Policloreto de Vinila Clorado).
*Processo: Injeção 
*Cor: Bege 
* Conexão: Bolsa / Bolsa 
*Temperatura x Pressão:
o 20 ͦC x 24 kgf/cm²
o 70 ͦC x 9 kgf/cm²";"*ABNT NBR 15884 
*ABNT NBR 5626";"*Sem efeito nocivo ao organismo, atóxico. 
*Baixa condutividade térmica, isolante. 
*Resistente a corrosão, não enferruja. 
*Superfície interna lisa, não incrusta.";LUVA DE CORRER ULTRATERM  - 15MM;CPVC - ULTRATERM - CONEXOES;AQ;PC;Caixas;27.2;50.0;27.2;10.0;3917.40.90;7897801319867;17897801319864;27897801319861;LUVA DE CORRER ULTRATERM - 15MM;LUVA;False;15.0;;0.0272;0.0272;15.0
1355;LUVA DE CORRER ULTRATERM - 22MM;CPVC - ULTRATERM - CONEXOES;Reparar ramais e sub-ramais de CPVC, instalados de forma embutida. A Estanqueidade é garantida pelos anéis deslizantes.;Utilizada em instalação hidráulica residencial, comercial e industrial na geração de água quente ou sistemas de água fria com alta pressão, Por exemplo: Ramais de água quente, linhas de prumada de água fria.;"*Material: CPVC (Policloreto de Vinila Clorado).
*Processo: Injeção 
*Cor: Bege 
* Conexão: Bolsa / Bolsa 
*Temperatura x Pressão:
o 20 ͦC x 24 kgf/cm²
o 70 ͦC x 9 kgf/cm²";"*ABNT NBR 15884 
*ABNT NBR 5626";"*Sem efeito nocivo ao organismo, atóxico. 
*Baixa condutividade térmica, isolante. 
*Resistente a corrosão, não enferruja. 
*Superfície interna lisa, não incrusta.";LUVA DE CORRER ULTRATERM  - 22MM;CPVC - ULTRATERM - CONEXOES;AQ;PC;Caixas;33.6;5.5;33.6;10.0;3917.40.90;7897801319874;17897801319871;27897801319878;LUVA DE CORRER ULTRATERM - 22MM;LUVA;False;22.0;;0.033600000000000005;0.033600000000000005;22.0
1356;LUVA DE CORRER ULTRATERM - 28MM;CPVC - ULTRATERM - CONEXOES;Reparar ramais e sub-ramais de CPVC, instalados de forma embutida. A Estanqueidade é garantida pelos anéis deslizantes.;Utilizada em instalação hidráulica residencial, comercial e industrial na geração de água quente ou sistemas de água fria com alta pressão, Por exemplo: Ramais de água quente, linhas de prumada de água fria.;"*Material: CPVC (Policloreto de Vinila Clorado).
*Processo: Injeção 
*Cor: Bege 
* Conexão: Bolsa / Bolsa 
*Temperatura x Pressão:
o 20 ͦC x 24 kgf/cm²
o 70 ͦC x 9 kgf/cm²";"*ABNT NBR 15884 
*ABNT NBR 5626";"*Sem efeito nocivo ao organismo, atóxico. 
*Baixa condutividade térmica, isolante. 
*Resistente a corrosão, não enferruja. 
*Superfície interna lisa, não incrusta.";LUVA DE CORRER ULTRATERM  - 28MM;CPVC - ULTRATERM - CONEXOES;AQ;PC;Caixas;40.0;60.0;40.0;10.0;3917.40.90;7897801319881;17897801319888;27897801319885;LUVA DE CORRER ULTRATERM - 28MM;LUVA;False;28.0;;0.04;0.04;28.0
1357;LUVA ULTRATERM - 15MM;CPVC - ULTRATERM - CONEXOES;Efetuar a emenda entre tubos, através de suas bolsas soldáveis, para garantir a estanqueidade e conformidade do trecho.;Utilizada em instalação hidráulica residencial, comercial e industrial na geração de água quente ou sistemas de água fria com alta pressão, Por exemplo: Ramais de água quente, linhas de prumada de água fria;"*Material: CPVC (Policloreto de Vinila Clorado).
*Processo: Injeção 
*Cor: Bege 
* Conexão: Bolsa / Bolsa 
*Temperatura x Pressão:
o 20 ͦC x 24 kgf/cm²
o 70 ͦC x 9 kgf/cm²";"*ABNT NBR 15884 
* ABNT NBR 5626";"*Sem efeito nocivo ao organismo, atóxico. 
*Baixa condutividade térmica, isolante. 
*Resistente a corrosão, não enferruja.
* Superfície interna lisa, não incrusta.";LUVA ULTRATERM - 15MM;CPVC - ULTRATERM - CONEXOES;AQ;PC;Sacos;20.0;32.0;20.0;10.0;3917.40.90;7897801319898;17897801319895;27897801319892;LUVA ULTRATERM - 15MM;LUVA;False;15.0;;0.02;0.02;15.0
1358;LUVA ULTRATERM - 22MM;CPVC - ULTRATERM - CONEXOES;Efetuar a emenda entre tubos, através de suas bolsas soldáveis, para garantir a estanqueidade e conformidade do trecho.;Utilizada em instalação hidráulica residencial, comercial e industrial na geração de água quente ou sistemas de água fria com alta pressão, Por exemplo: Ramais de água quente, linhas de prumada de água fria;"*Material: CPVC (Policloreto de Vinila Clorado).
*Processo: Injeção 
*Cor: Bege 
* Conexão: Bolsa / Bolsa 
*Temperatura x Pressão:
o 20 ͦC x 24 kgf/cm²
o 70 ͦC x 9 kgf/cm²";"*ABNT NBR 15884 
* ABNT NBR 5626";"*Sem efeito nocivo ao organismo, atóxico. 
*Baixa condutividade térmica, isolante. 
*Resistente a corrosão, não enferruja.
* Superfície interna lisa, não incrusta.";LUVA ULTRATERM - 22MM;CPVC - ULTRATERM - CONEXOES;AQ;PC;Sacos;27.0;41.0;27.0;10.0;3917.40.90;7897801319904;17897801319901;27897801319908;LUVA ULTRATERM - 22MM;LUVA;False;22.0;;0.027;0.027;22.0
1359;LUVA ULTRATERM - 28MM;CPVC - ULTRATERM - CONEXOES;Efetuar a emenda entre tubos, através de suas bolsas soldáveis, para garantir a estanqueidade e conformidade do trecho.;Utilizada em instalação hidráulica residencial, comercial e industrial na geração de água quente ou sistemas de água fria com alta pressão, Por exemplo: Ramais de água quente, linhas de prumada de água fria;"*Material: CPVC (Policloreto de Vinila Clorado).
*Processo: Injeção 
*Cor: Bege 
* Conexão: Bolsa / Bolsa 
*Temperatura x Pressão:
o 20 ͦC x 24 kgf/cm²
o 70 ͦC x 9 kgf/cm²";"*ABNT NBR 15884 
* ABNT NBR 5626";"*Sem efeito nocivo ao organismo, atóxico. 
*Baixa condutividade térmica, isolante. 
*Resistente a corrosão, não enferruja.
* Superfície interna lisa, não incrusta.";LUVA ULTRATERM - 28MM;CPVC - ULTRATERM - CONEXOES;AQ;PC;Sacos;34.0;52.0;34.0;10.0;3917.40.90;7897801319911;17897801319918;27897801319915;LUVA ULTRATERM - 28MM;LUVA;False;28.0;;0.034;0.034;28.0
136;TUBO PVC ESG SR 6M DN50X6M;TUBOS PVC ESGOTO;Instalações prediais industriais, comerciais e residenciais, principalmente quando se exige maiores esforços.;A linha de Esgoto Série Reforçada é utilizada em instalações prediais de esgoto sanitário, água pluvial e ventilação na qual se necessita de uma maior classe de rigidez. Geralmente utilizada em obras verticais com mais de três pavimentos, como: tubos de queda e subcoletores.;"*Matéria Prima PVC (Policloreto de Vinila) 
*Cor: Cinza Claro
*Processo: Extrusão 
*Temperatura Nominal: 75 ͦC (regime não
contínuo) 
*Escoamento por gravidade, não submetida
a pressão e ventilação. 
*Resistência a classe de rigidez de 3.200Pa para
os tubos esgoto DN 100 e 150 mm.";"*ABNT NBR 5688 
*ABNT NBR 8160";"*Resistente a esforços mecânicos e a
temperatura. 
*Fácil instalação. 
*Simples execução das juntas, leveza dos
materiais. 
*Estanqueidade em junta elástica. 
*Bolsa com dupla ação: junta elástica e
soldável.";TUBO PVC ESG SR 6M DN50X6M;TUBOS PVC ESGOTO;ESGOTO;BR;Amarrados;6000.0;54.0;54.0;5.0;3917.23.00;7897801313766;17897801313763;27897801313760;TUBO PVC ESGOTO SERIE REFORCADA 6M DN50X6M;TUBO;True;;6.0;6.0;6.0;
1360;LUVA TRANSICAO F/F ULTRATERM X SOLD- 15X20MM;CPVC - ULTRATERM - CONEXOES;Efetuar a transição do CPVC para o PVC soldável através de bolsas em CPVC que garantem a estanqueidade da transição.;Utilizada em instalação hidráulica residencial, comercial e industrial na geração de água quente ou sistemas de água fria com alta pressão, Por exemplo: Misturadores de água quente e fria, linhas de brumada de água fria.;"*Material: CPVC (Policloreto de Vinila Clorado).
*Processo: Injeção. 
*Cor: Bege 
*Conexão: Bolsa / Bolsa 
*Temperatura x Pressão 
*20 ͦC x 24 kgf/cm². 
*70 ͦC x 9 kgf/cm²";"* ABNT NBR 15884 
*ABNT NBR 5626";"*Sem efeito nocivo ao organismo, atóxico. 
*Baixa condutividade térmica, isolante. 
*Resistente a corrosão, não enferruja. 
*Superfície interna lisa, não incrusta.";LUVA TRANSICAO F/F ULTRATERM X SOLD- 15X20MM;CPVC - ULTRATERM - CONEXOES;AQ;PC;Caixas;27.0;31.5;27.0;10.0;3917.40.90;7897801319928;17897801319925;27897801319922;LUVA TRANSICAO F F ULTRATERM X SOLDAVEL - 15X20MM;LUVA;False;;;0.027;0.027;
1361;LUVA TRANSICAO F/F ULTRATERM X SOLD- 22X25MM;CPVC - ULTRATERM - CONEXOES;Efetuar a transição do CPVC para o PVC soldável através de bolsas em CPVC que garantem a estanqueidade da transição.;Utilizada em instalação hidráulica residencial, comercial e industrial na geração de água quente ou sistemas de água fria com alta pressão, Por exemplo: Misturadores de água quente e fria, linhas de brumada de água fria.;"*Material: CPVC (Policloreto de Vinila Clorado).
*Processo: Injeção. 
*Cor: Bege 
*Conexão: Bolsa / Bolsa 
*Temperatura x Pressão 
*20 ͦC x 24 kgf/cm². 
*70 ͦC x 9 kgf/cm²";"* ABNT NBR 15884 
*ABNT NBR 5626";"*Sem efeito nocivo ao organismo, atóxico. 
*Baixa condutividade térmica, isolante. 
*Resistente a corrosão, não enferruja. 
*Superfície interna lisa, não incrusta.";LUVA TRANSICAO F/F ULTRATERM X SOLD- 22X25MM;CPVC - ULTRATERM - CONEXOES;AQ;PC;Caixas;32.5;33.9;32.5;10.0;3917.40.90;7897801319935;17897801319932;27897801319939;LUVA TRANSICAO F F ULTRATERM X SOLDAVEL - 22X25MM;LUVA;False;;;0.0325;0.0325;
1362;LUVA DE TRANSICAO RF ULTRATERM - 15 X 1/2;CPVC - ULTRATERM - CONEXOES;Efetuar a transição do CPVC para outros matérias através de um inserto metálico com rosca fêmea que garante a estanqueidade.;Utilizada em instalação hidráulica residencial, comercial e industrial nas tubulações de água quente ou trechos de água fria com alta pressão, Por exemplo: engate em boilers de água quente, registro de misturadores de água.;"*Material: CPVC (Policloreto de Vinila Clorado).
*Processo: Injeção. 
*Cor: Bege 
*Conexão: Bolsa / Bolsa 
*Temperatura x Pressão 
*20 ͦC x 24 kgf/cm². 
*70 ͦC x 9 kgf/cm²";"*ABNT NBR 15884 
*ABNT NBR 5626";"*Sem efeito nocivo ao organismo, atóxico. 
*Baixa condutividade térmica, isolante. 
*Resistente a corrosão, não enferruja. 
*Superfície interna lisa, não incrusta.";LUVA DE TRANSICAO RF ULTRATERM - 15 X 1/2;CPVC - ULTRATERM - CONEXOES;AQ;PC;Caixas;35.0;33.0;35.0;10.0;3917.40.90;7897801319942;17897801319949;27897801319946;LUVA DE TRANSICAO RF ULTRATERM - 15 X 1 2;LUVA;False;;;0.035;0.035;
1363;LUVA DE TRANSICAO RF ULTRATERM - 22 X 1/2;CPVC - ULTRATERM - CONEXOES;Efetuar a transição do CPVC para outros matérias através de um inserto metálico com rosca fêmea que garante a estanqueidade.;Utilizada em instalação hidráulica residencial, comercial e industrial nas tubulações de água quente ou trechos de água fria com alta pressão, Por exemplo: engate em boilers de água quente, registro de misturadores de água.;"*Material: CPVC (Policloreto de Vinila Clorado).
*Processo: Injeção. 
*Cor: Bege 
*Conexão: Bolsa / Bolsa 
*Temperatura x Pressão 
*20 ͦC x 24 kgf/cm². 
*70 ͦC x 9 kgf/cm²";"*ABNT NBR 15884 
*ABNT NBR 5626";"*Sem efeito nocivo ao organismo, atóxico. 
*Baixa condutividade térmica, isolante. 
*Resistente a corrosão, não enferruja. 
*Superfície interna lisa, não incrusta.";LUVA DE TRANSICAO RF ULTRATERM - 22 X 1/2;CPVC - ULTRATERM - CONEXOES;AQ;PC;Caixas;35.0;38.0;35.0;10.0;3917.40.90;7897801319959;17897801319956;27897801319953;LUVA DE TRANSICAO RF ULTRATERM - 22 X 1 2;LUVA;False;;;0.035;0.035;
1364;LUVA DE TRANSICAO RF ULTRATERM - 22 X 3/4;CPVC - ULTRATERM - CONEXOES;Efetuar a transição do CPVC para outros matérias através de um inserto metálico com rosca fêmea que garante a estanqueidade.;Utilizada em instalação hidráulica residencial, comercial e industrial nas tubulações de água quente ou trechos de água fria com alta pressão, Por exemplo: engate em boilers de água quente, registro de misturadores de água.;"*Material: CPVC (Policloreto de Vinila Clorado).
*Processo: Injeção. 
*Cor: Bege 
*Conexão: Bolsa / Bolsa 
*Temperatura x Pressão 
*20 ͦC x 24 kgf/cm². 
*70 ͦC x 9 kgf/cm²";"*ABNT NBR 15884 
*ABNT NBR 5626";"*Sem efeito nocivo ao organismo, atóxico. 
*Baixa condutividade térmica, isolante. 
*Resistente a corrosão, não enferruja. 
*Superfície interna lisa, não incrusta.";LUVA DE TRANSICAO RF ULTRATERM - 22 X 3/4;CPVC - ULTRATERM - CONEXOES;AQ;PC;Caixas;40.0;40.0;40.0;10.0;3917.40.90;7897801319966;17897801319963;27897801319960;LUVA DE TRANSICAO RF ULTRATERM - 22 X 3 4;LUVA;False;;;0.04;0.04;
1365;LUVA DE TRANSICAO RF ULTRATERM - 28 X 1;CPVC - ULTRATERM - CONEXOES;Efetuar a transição do CPVC para outros matérias através de um inserto metálico com rosca fêmea que garante a estanqueidade.;Utilizada em instalação hidráulica residencial, comercial e industrial nas tubulações de água quente ou trechos de água fria com alta pressão, Por exemplo: engate em boilers de água quente, registro de misturadores de água.;"*Material: CPVC (Policloreto de Vinila Clorado).
*Processo: Injeção. 
*Cor: Bege 
*Conexão: Bolsa / Bolsa 
*Temperatura x Pressão 
*20 ͦC x 24 kgf/cm². 
*70 ͦC x 9 kgf/cm²";"*ABNT NBR 15884 
*ABNT NBR 5626";"*Sem efeito nocivo ao organismo, atóxico. 
*Baixa condutividade térmica, isolante. 
*Resistente a corrosão, não enferruja. 
*Superfície interna lisa, não incrusta.";LUVA DE TRANSICAO RF ULTRATERM - 28 X 1;CPVC - ULTRATERM - CONEXOES;AQ;PC;Caixas;50.0;48.0;50.0;10.0;3917.40.90;7897801319973;17897801319970;27897801319977;LUVA DE TRANSICAO RF ULTRATERM - 28 X 1;LUVA;False;;;0.05;0.05;
1366;TE ULTRATERM - 15MM;CPVC - ULTRATERM - CONEXOES;Efetuar a ramificação de tubulações sem alterar o diâmetro, para garantir a distribuição de pontos conforme projeto.;Utilizada em instalação hidráulica residencial, comercial e industrial nas tubulações de água quente ou trechos de água fria com alta pressão, Por exemplo: sub-ramais de água quente, derivações de prumadas de água fria.;"*Material: CPVC (Policloreto de Vinila Clorado).
*Processo: Injeção 
*Cor: Bege 
*Conexão: Bolsa / Bolsa / Bolsa 
*Temperatura x Pressão:
o 20 ͦC x 24 kgf/cm²
o 70 ͦC x 9 kgf/cm²";"*ABNT NBR 15884 
*ABNT NBR 5626";"*Sem efeito nocivo ao organismo, atóxico.
*Baixa condutividade térmica, isolante.
*Resistente a corrosão, não enferruja. 
*Superfície interna lisa, não incrusta.";TE ULTRATERM - 15MM;CPVC - ULTRATERM - CONEXOES;AQ;PC;Sacos;20.0;34.5;48.5;10.0;3917.40.90;7897801319980;17897801319987;27897801319984;TE ULTRATERM - 15MM;TE;False;15.0;;0.02;0.02;15.0
1367;TE ULTRATERM - 22MM;CPVC - ULTRATERM - CONEXOES;Efetuar a ramificação de tubulações sem alterar o diâmetro, para garantir a distribuição de pontos conforme projeto.;Utilizada em instalação hidráulica residencial, comercial e industrial nas tubulações de água quente ou trechos de água fria com alta pressão, Por exemplo: sub-ramais de água quente, derivações de prumadas de água fria.;"*Material: CPVC (Policloreto de Vinila Clorado).
*Processo: Injeção 
*Cor: Bege 
*Conexão: Bolsa / Bolsa / Bolsa 
*Temperatura x Pressão:
o 20 ͦC x 24 kgf/cm²
o 70 ͦC x 9 kgf/cm²";"*ABNT NBR 15884 
*ABNT NBR 5626";"*Sem efeito nocivo ao organismo, atóxico.
*Baixa condutividade térmica, isolante.
*Resistente a corrosão, não enferruja. 
*Superfície interna lisa, não incrusta.";TE ULTRATERM - 22MM;CPVC - ULTRATERM - CONEXOES;AQ;PC;Sacos;27.0;65.0;48.0;10.0;3917.40.90;7897801319997;17897801319994;27897801319991;TE ULTRATERM - 22MM;TE;False;22.0;;0.027;0.027;22.0
1368;TE ULTRATERM - 28MM;CPVC - ULTRATERM - CONEXOES;Efetuar a ramificação de tubulações sem alterar o diâmetro, para garantir a distribuição de pontos conforme projeto.;Utilizada em instalação hidráulica residencial, comercial e industrial nas tubulações de água quente ou trechos de água fria com alta pressão, Por exemplo: sub-ramais de água quente, derivações de prumadas de água fria.;"*Material: CPVC (Policloreto de Vinila Clorado).
*Processo: Injeção 
*Cor: Bege 
*Conexão: Bolsa / Bolsa / Bolsa 
*Temperatura x Pressão:
o 20 ͦC x 24 kgf/cm²
o 70 ͦC x 9 kgf/cm²";"*ABNT NBR 15884 
*ABNT NBR 5626";"*Sem efeito nocivo ao organismo, atóxico.
*Baixa condutividade térmica, isolante.
*Resistente a corrosão, não enferruja. 
*Superfície interna lisa, não incrusta.";TE ULTRATERM - 28MM;CPVC - ULTRATERM - CONEXOES;AQ;PC;Sacos;34.0;81.0;58.0;10.0;3917.40.90;7897801320009;17897801320006;27897801320003;TE ULTRATERM - 28MM;TE;False;28.0;;0.034;0.034;28.0
1369;TE MISTURADOR RF ULTRATERM - 15 X 1/2;CPVC - ULTRATERM - CONEXOES;Promover a mistura de água quente e fria por meio dos registros instalados em seus insertos metálicos com rosca fêmea.;Utilizada em instalação hidráulica residencial, comercial e industrial em pontos de mistura dos sistemas de água quente e água fria. Por exemplo: Chuveiros, linhas de recirculação com controle de temperatura, misturadores, pias.;"*Material: CPVC (Policloreto de Vinila Clorado).
* Processo: Injeção. 
*Cor: Bege
*Rosca Fêmea: NBR ISO-7 / NBR 8133 
*Temperatura x Pressão:
o 20 ͦC x 24 kgf/cm².
o 70 ͦC x 9 kgf/cm²";"*ABNT NBR 15884 
*ABNT NBR 5626";"*Sem efeito nocivo ao organismo, atóxico. 
*Sem efeito nocivo ao organismo, atóxico. 
* Resistente a corrosão, não enferruja
*Superfície interna lisa, não incrusta.";TE MISTURADOR RF ULTRATERM - 15 X 1/2;CPVC - ULTRATERM - CONEXOES;AQ;PC;Caixas;132.0;81.5;32.0;10.0;3917.40.90;7897801320016;17897801320013;27897801320010;TE MISTURADOR RF ULTRATERM - 15 X 1 2;TE;False;;;0.132;0.132;
137;TUBO PVC ESG SR 6M DN75X6M;TUBOS PVC ESGOTO;Instalações prediais industriais, comerciais e residenciais, principalmente quando se exige maiores esforços.;A linha de Esgoto Série Reforçada é utilizada em instalações prediais de esgoto sanitário, água pluvial e ventilação na qual se necessita de uma maior classe de rigidez. Geralmente utilizada em obras verticais com mais de três pavimentos, como: tubos de queda e subcoletores.;"*Matéria Prima PVC (Policloreto de Vinila) 
*Cor: Cinza Claro
*Processo: Extrusão 
*Temperatura Nominal: 75 ͦC (regime não
contínuo) 
*Escoamento por gravidade, não submetida
a pressão e ventilação. 
*Resistência a classe de rigidez de 3.200Pa para
os tubos esgoto DN 100 e 150 mm.";"*ABNT NBR 5688 
*ABNT NBR 8160";"*Resistente a esforços mecânicos e a
temperatura. 
*Fácil instalação. 
*Simples execução das juntas, leveza dos
materiais. 
*Estanqueidade em junta elástica. 
*Bolsa com dupla ação: junta elástica e
soldável.";TUBO PVC ESG SR 6M DN75X6M;TUBOS PVC ESGOTO;ESGOTO;BR;Amarrados;6000.0;88.0;88.0;5.0;3917.23.00;7897801313773;17897801313770;27897801313777;TUBO PVC ESGOTO SERIE REFORCADA 6M DN75X6M;TUBO;True;;6.0;6.0;6.0;
1370;TE MISTURADOR RF ULTRATERM - 22 X 3/4;CPVC - ULTRATERM - CONEXOES;Promover a mistura de água quente e fria por meio dos registros instalados em seus insertos metálicos com rosca fêmea.;Utilizada em instalação hidráulica residencial, comercial e industrial em pontos de mistura dos sistemas de água quente e água fria. Por exemplo: Chuveiros, linhas de recirculação com controle de temperatura, misturadores, pias.;"*Material: CPVC (Policloreto de Vinila Clorado).
* Processo: Injeção. 
*Cor: Bege
*Rosca Fêmea: NBR ISO-7 / NBR 8133 
*Temperatura x Pressão:
o 20 ͦC x 24 kgf/cm².
o 70 ͦC x 9 kgf/cm²";"*ABNT NBR 15884 
*ABNT NBR 5626";"*Sem efeito nocivo ao organismo, atóxico. 
*Sem efeito nocivo ao organismo, atóxico. 
* Resistente a corrosão, não enferruja
*Superfície interna lisa, não incrusta.";TE MISTURADOR RF ULTRATERM - 22 X 3/4;CPVC - ULTRATERM - CONEXOES;AQ;PC;Caixas;132.0;85.5;39.5;10.0;3917.40.90;7897801320023;17897801320020;27897801320027;TE MISTURADOR RF ULTRATERM - 22 X 3 4;TE;False;;;0.132;0.132;
1371;TE DE REDUCAO ULTRATERM - 22 X 15;CPVC - ULTRATERM - CONEXOES;Efetuar a ramificação de tubulações reduzindo o diâmetro, para garantir a vazão nos pontos conforme projeto.;Utilizada em instalação hidráulica residencial, comercial e industrial nas tubulações de água quente ou trechos de água fria com alta pressão, Por exemplo: sub-ramais de água quente, derivações de prumadas de água fria.;"*Material: CPVC (Policloreto de Vinila Clorado).
* Processo: Injeção 
*Cor: Bege 
*Conexão: Bolsa / Bolsa / Bolsa 
*Temperatura x Pressão:
o 20 ͦC x 24 kgf/cm²
o 70 ͦC x 9 kgf/cm²";"*ABNT NBR 15884 
*ABNT NBR 5626";"*Sem efeito nocivo ao organismo, atóxico. 
*Baixa condutividade térmica, isolante. 
*Resistente a corrosão, não enferruja. 
*Superfície interna lisa, não incrusta.";TE DE REDUCAO ULTRATERM -  22 X 15;CPVC - ULTRATERM - CONEXOES;AQ;PC;Sacos;27.0;65.0;41.5;10.0;3917.40.90;7897801320030;17897801320037;27897801320034;TE DE REDUCAO ULTRATERM - 22 X 15;TE;False;;;0.027;0.027;
1372;TE DE REDUCAO ULTRATERM - 28 X 15;CPVC - ULTRATERM - CONEXOES;Efetuar a ramificação de tubulações reduzindo o diâmetro, para garantir a vazão nos pontos conforme projeto.;Utilizada em instalação hidráulica residencial, comercial e industrial nas tubulações de água quente ou trechos de água fria com alta pressão, Por exemplo: sub-ramais de água quente, derivações de prumadas de água fria.;"*Material: CPVC (Policloreto de Vinila Clorado).
* Processo: Injeção 
*Cor: Bege 
*Conexão: Bolsa / Bolsa / Bolsa 
*Temperatura x Pressão:
o 20 ͦC x 24 kgf/cm²
o 70 ͦC x 9 kgf/cm²";"*ABNT NBR 15884 
*ABNT NBR 5626";"*Sem efeito nocivo ao organismo, atóxico. 
*Baixa condutividade térmica, isolante. 
*Resistente a corrosão, não enferruja. 
*Superfície interna lisa, não incrusta.";TE DE REDUCAO ULTRATERM -  28 X 15;CPVC - ULTRATERM - CONEXOES;AQ;PC;Sacos;34.0;81.0;48.0;10.0;3917.40.90;7897801320047;17897801320044;27897801320041;TE DE REDUCAO ULTRATERM - 28 X 15;TE;False;;;0.034;0.034;
1373;TE DE REDUCAO ULTRATERM - 28 X 22;CPVC - ULTRATERM - CONEXOES;Efetuar a ramificação de tubulações reduzindo o diâmetro, para garantir a vazão nos pontos conforme projeto.;Utilizada em instalação hidráulica residencial, comercial e industrial nas tubulações de água quente ou trechos de água fria com alta pressão, Por exemplo: sub-ramais de água quente, derivações de prumadas de água fria.;"*Material: CPVC (Policloreto de Vinila Clorado).
* Processo: Injeção 
*Cor: Bege 
*Conexão: Bolsa / Bolsa / Bolsa 
*Temperatura x Pressão:
o 20 ͦC x 24 kgf/cm²
o 70 ͦC x 9 kgf/cm²";"*ABNT NBR 15884 
*ABNT NBR 5626";"*Sem efeito nocivo ao organismo, atóxico. 
*Baixa condutividade térmica, isolante. 
*Resistente a corrosão, não enferruja. 
*Superfície interna lisa, não incrusta.";TE DE REDUCAO ULTRATERM - 28 X 22;CPVC - ULTRATERM - CONEXOES;AQ;PC;Sacos;34.0;81.0;50.0;10.0;3917.40.90;7897801320054;17897801320051;27897801320058;TE DE REDUCAO ULTRATERM - 28 X 22;TE;False;;;0.034;0.034;
1374;TE DE TRANSICAO ULTRATERM - 15 X 1/2;CPVC - ULTRATERM - CONEXOES;Efetuar a transição do CPVC para outros matérias através de um inserto metálico com rosca fêmea que garante a estanqueidade.;Utilizada em instalação hidráulica residencial, comercial e industrial nas tubulações de água quente ou trechos de água fria com alta pressão, Por exemplo: sub-ramais de água quente, trechos de controle e aferição pressostática.;"*Material: CPVC (Policloreto de Vinila Clorado).
*Processo: Injeção. 
* Cor: Bege 
*Rosca Fêmea: NBR ISO-7 / NBR 8133 
*Temperatura x Pressão:
o 20 ͦC x 24 kgf/cm².
o 70 ͦC x 9 kgf/cm²";"*ABNT NBR 15884 
*ABNT NBR 5626";"*Sem efeito nocivo ao organismo, atóxico. 
*Baixa condutividade térmica, isolante. 
*Resistente a corrosão, não enferruja. 
*Superfície interna lisa, não incrusta.";TE DE TRANSICAO ULTRATERM - 15 X 1/2;CPVC - ULTRATERM - CONEXOES;AQ;PC;Caixas;35.0;52.0;39.0;10.0;3917.40.90;7897801320061;17897801320068;27897801320065;TE DE TRANSICAO ULTRATERM - 15 X 1 2;TE;False;;;0.035;0.035;
1375;TE DE TRANSICAO ULTRATERM - 22 X 1/2;CPVC - ULTRATERM - CONEXOES;Efetuar a transição do CPVC para outros matérias através de um inserto metálico com rosca fêmea que garante a estanqueidade.;Utilizada em instalação hidráulica residencial, comercial e industrial nas tubulações de água quente ou trechos de água fria com alta pressão, Por exemplo: sub-ramais de água quente, trechos de controle e aferição pressostática.;"*Material: CPVC (Policloreto de Vinila Clorado).
*Processo: Injeção. 
* Cor: Bege 
*Rosca Fêmea: NBR ISO-7 / NBR 8133 
*Temperatura x Pressão:
o 20 ͦC x 24 kgf/cm².
o 70 ͦC x 9 kgf/cm²";"*ABNT NBR 15884 
*ABNT NBR 5626";"*Sem efeito nocivo ao organismo, atóxico. 
*Baixa condutividade térmica, isolante. 
*Resistente a corrosão, não enferruja. 
*Superfície interna lisa, não incrusta.";TE DE TRANSICAO ULTRATERM - 22 X 1/2;CPVC - ULTRATERM - CONEXOES;AQ;PC;Caixas;65.0;48.0;34.0;10.0;3917.40.90;7897801320078;17897801320075;27897801320072;TE DE TRANSICAO ULTRATERM - 22 X 1 2;TE;False;;;0.065;0.065;
1376;TE DE TRANSICAO ULTRATERM - 22 X 3/4;CPVC - ULTRATERM - CONEXOES;Efetuar a transição do CPVC para outros matérias através de um inserto metálico com rosca fêmea que garante a estanqueidade.;Utilizada em instalação hidráulica residencial, comercial e industrial nas tubulações de água quente ou trechos de água fria com alta pressão, Por exemplo: sub-ramais de água quente, trechos de controle e aferição pressostática.;"*Material: CPVC (Policloreto de Vinila Clorado).
*Processo: Injeção. 
* Cor: Bege 
*Rosca Fêmea: NBR ISO-7 / NBR 8133 
*Temperatura x Pressão:
o 20 ͦC x 24 kgf/cm².
o 70 ͦC x 9 kgf/cm²";"*ABNT NBR 15884 
*ABNT NBR 5626";"*Sem efeito nocivo ao organismo, atóxico. 
*Baixa condutividade térmica, isolante. 
*Resistente a corrosão, não enferruja. 
*Superfície interna lisa, não incrusta.";TE DE TRANSICAO ULTRATERM - 22 X 3/4;CPVC - ULTRATERM - CONEXOES;AQ;PC;Caixas;43.0;64.0;48.0;10.0;3917.40.90;7897801320085;17897801320082;27897801320089;TE DE TRANSICAO ULTRATERM - 22 X 3 4;TE;False;;;0.043;0.043;
1377;TE MISTURADOR M/F/M ULTRATERM - 15MM;CPVC - ULTRATERM - CONEXOES;Promover a mistura de água quente e fria e permitir a instalação direta de registros em CPVC em suas bolsas fêmeas.;Utilizada em instalação hidráulica residencial, comercial e industrial em pontos de mistura dos sistemas de água quente e água fria. Por exemplo: Chuveiros, linhas de recirculação com controle de temperatura, misturadores, pias.;"* Material: CPVC (Policloreto de Vinila Clorado).
*Processo: Injeção.
*Cor: Bege 
*Conexão: Ponta / Bolsa / Ponta 
*Temperatura x Pressão
*20 ͦC x 24 kgf/cm². 
*70 ͦC x 9 kgf/cm²";"* ABNT NBR 15884 
*ABNT NBR 5626";"*Sem efeito nocivo ao organismo, atóxico.
*Baixa condutividade térmica, isolante.
*Resistente a corrosão, não enferruja. 
*Superfície interna lisa, não incrusta.";TE MISTURADOR M/F/M ULTRATERM - 15MM;CPVC - ULTRATERM - CONEXOES;AQ;PC;Caixas;126.5;70.0;21.5;10.0;3917.40.90;7897801320092;17897801320099;27897801320096;TE MISTURADOR M F M ULTRATERM - 15MM;TE;False;15.0;;0.1265;0.1265;15.0
1378;TE MISTURADOR M/F/M ULTRATERM - 22MM;CPVC - ULTRATERM - CONEXOES;Promover a mistura de água quente e fria e permitir a instalação direta de registros em CPVC em suas bolsas fêmeas.;Utilizada em instalação hidráulica residencial, comercial e industrial em pontos de mistura dos sistemas de água quente e água fria. Por exemplo: Chuveiros, linhas de recirculação com controle de temperatura, misturadores, pias.;"* Material: CPVC (Policloreto de Vinila Clorado).
*Processo: Injeção.
*Cor: Bege 
*Conexão: Ponta / Bolsa / Ponta 
*Temperatura x Pressão
*20 ͦC x 24 kgf/cm². 
*70 ͦC x 9 kgf/cm²";"* ABNT NBR 15884 
*ABNT NBR 5626";"*Sem efeito nocivo ao organismo, atóxico.
*Baixa condutividade térmica, isolante.
*Resistente a corrosão, não enferruja. 
*Superfície interna lisa, não incrusta.";TE MISTURADOR M/F/M ULTRATERM - 22MM;CPVC - ULTRATERM - CONEXOES;AQ;PC;Caixas;130.5;77.5;27.0;10.0;3917.40.90;7897801320108;17897801320105;27897801320102;TE MISTURADOR M F M ULTRATERM - 22MM;TE;False;22.0;;0.1305;0.1305;22.0
1379;UNIAO F/F ULTRATERM - 15MM;CPVC - ULTRATERM - CONEXOES;Efetuar a união de trechos de tubulações, através de seu engate roscável estanque. Permitir a desmontagens desses trechos de tubulação para futuras intervenções de manutenção.;Utilizada em instalação hidráulica residencial, comercial e industrial na geração de água quente ou sistemas de água fria com alta pressão, Por exemplo: Ramais de água quente, linhas de prumada de água fria, casa de maquinas, boilers.;"*Material: CPVC (Policloreto de Vinila Clorado).
*Processo: Injeção 
* Cor: Bege 
*Conexão: Bolsa / Bolsa 
*Temperatura x Pressão:
o 20 ͦC x 24 kgf/cm²
o 70 ͦC x 9 kgf/cm²";"*ABNT NBR 15884 
*ABNT NBR 5626";"*Sem efeito nocivo ao organismo, atóxico. 
* Baixa condutividade térmica, isolante. 
* Resistente a corrosão, não enferruja. 
*Superfície interna lisa, não incrusta.";UNIAO F/F ULTRATERM - 15MM;CPVC - ULTRATERM - CONEXOES;AQ;PC;Caixas;38.5;43.0;38.5;10.0;3917.40.90;7897801320115;17897801320112;27897801320119;UNIAO F F ULTRATERM - 15MM;UNIAO;False;15.0;;0.0385;0.0385;15.0
138;TUBO PVC ESG SR 6M DN100X6M;TUBOS PVC ESGOTO;Instalações prediais industriais, comerciais e residenciais, principalmente quando se exige maiores esforços.;A linha de Esgoto Série Reforçada é utilizada em instalações prediais de esgoto sanitário, água pluvial e ventilação na qual se necessita de uma maior classe de rigidez. Geralmente utilizada em obras verticais com mais de três pavimentos, como: tubos de queda e subcoletores.;"*Matéria Prima PVC (Policloreto de Vinila) 
*Cor: Cinza Claro
*Processo: Extrusão 
*Temperatura Nominal: 75 ͦC (regime não
contínuo) 
*Escoamento por gravidade, não submetida
a pressão e ventilação. 
*Resistência a classe de rigidez de 3.200Pa para
os tubos esgoto DN 100 e 150 mm.";"*ABNT NBR 5688 
*ABNT NBR 8160";"*Resistente a esforços mecânicos e a
temperatura. 
*Fácil instalação. 
*Simples execução das juntas, leveza dos
materiais. 
*Estanqueidade em junta elástica. 
*Bolsa com dupla ação: junta elástica e
soldável.";TUBO PVC ESG SR 6M DN100X6M;TUBOS PVC ESGOTO;ESGOTO;BR;Amarrados;6000.0;101.6;101.6;3.0;3917.23.00;7897801313742;17897801313749;27897801313746;TUBO PVC ESGOTO SERIE REFORCADA 6M DN100X6M;TUBO;True;;6.0;6.0;6.0;
1380;UNIAO F/F ULTRATERM - 22MM;CPVC - ULTRATERM - CONEXOES;Efetuar a união de trechos de tubulações, através de seu engate roscável estanque. Permitir a desmontagens desses trechos de tubulação para futuras intervenções de manutenção.;Utilizada em instalação hidráulica residencial, comercial e industrial na geração de água quente ou sistemas de água fria com alta pressão, Por exemplo: Ramais de água quente, linhas de prumada de água fria, casa de maquinas, boilers.;"*Material: CPVC (Policloreto de Vinila Clorado).
*Processo: Injeção 
* Cor: Bege 
*Conexão: Bolsa / Bolsa 
*Temperatura x Pressão:
o 20 ͦC x 24 kgf/cm²
o 70 ͦC x 9 kgf/cm²";"*ABNT NBR 15884 
*ABNT NBR 5626";"*Sem efeito nocivo ao organismo, atóxico. 
* Baixa condutividade térmica, isolante. 
* Resistente a corrosão, não enferruja. 
*Superfície interna lisa, não incrusta.";UNIAO F/F ULTRATERM - 22MM;CPVC - ULTRATERM - CONEXOES;AQ;PC;Caixas;45.5;47.0;45.5;10.0;3917.40.90;7897801320122;17897801320129;27897801320126;UNIAO F F ULTRATERM - 22MM;UNIAO;False;22.0;;0.0455;0.0455;22.0
1381;UNIAO F/F ULTRATERM - 28MM;CPVC - ULTRATERM - CONEXOES;Efetuar a união de trechos de tubulações, através de seu engate roscável estanque. Permitir a desmontagens desses trechos de tubulação para futuras intervenções de manutenção.;Utilizada em instalação hidráulica residencial, comercial e industrial na geração de água quente ou sistemas de água fria com alta pressão, Por exemplo: Ramais de água quente, linhas de prumada de água fria, casa de maquinas, boilers.;"*Material: CPVC (Policloreto de Vinila Clorado).
*Processo: Injeção 
* Cor: Bege 
*Conexão: Bolsa / Bolsa 
*Temperatura x Pressão:
o 20 ͦC x 24 kgf/cm²
o 70 ͦC x 9 kgf/cm²";"*ABNT NBR 15884 
*ABNT NBR 5626";"*Sem efeito nocivo ao organismo, atóxico. 
* Baixa condutividade térmica, isolante. 
* Resistente a corrosão, não enferruja. 
*Superfície interna lisa, não incrusta.";UNIAO F/F ULTRATERM - 28MM;CPVC - ULTRATERM - CONEXOES;AQ;PC;Caixas;54.5;55.5;54.5;10.0;3917.40.90;7897801320139;17897801320136;27897801320133;UNIAO F F ULTRATERM - 28MM;UNIAO;False;28.0;;0.0545;0.0545;28.0
1382;CURVA 90° ULTRATERM - 15MM;CPVC - ULTRATERM - CONEXOES;Efetuar a mudança de direção do fluido com ângulo 90 ͦ, através de uma curvatura suave, para gerar uma menor perda de carga.;Utilizada em instalação hidráulica residencial, comercial e industrial na geração de água quente ou sistemas de água fria com alta pressão, Por exemplo: Ramais de água quente, linhas de prumada de água fria.;"*Material: CPVC (Policloreto de Vinila Clorado).
*Processo: Extrusão / Conformação.
* Cor: Bege 
*Conexão: Bolsa / Bolsa 
*Temperatura x Pressão 
*20 ͦC x 24 kgf/cm². 
*70 ͦC x 9 kgf/cm²";"*ABNT NBR 15884 
*ABNT NBR 5626";"*Sem efeito nocivo ao organismo, atóxico. 
*Baixa condutividade térmica, isolante.
* Resistente a corrosão, não enferruja. 
*Superfície interna lisa, não incrusta.";CURVA 90° ULTRATERM - 15MM;CPVC - ULTRATERM - CONEXOES;AQ;PC;Sacos;117.38;18.0;117.38;10.0;3917.40.90;7897801320146;17897801320143;27897801320140;CURVA 90 ULTRATERM - 15MM;JOELHO;False;15.0;;0.11738;0.11738;15.0
1383;CURVA 90° ULTRATERM - 22MM;CPVC - ULTRATERM - CONEXOES;Efetuar a mudança de direção do fluido com ângulo 90 ͦ, através de uma curvatura suave, para gerar uma menor perda de carga.;Utilizada em instalação hidráulica residencial, comercial e industrial na geração de água quente ou sistemas de água fria com alta pressão, Por exemplo: Ramais de água quente, linhas de prumada de água fria.;"*Material: CPVC (Policloreto de Vinila Clorado).
*Processo: Extrusão / Conformação.
* Cor: Bege 
*Conexão: Bolsa / Bolsa 
*Temperatura x Pressão 
*20 ͦC x 24 kgf/cm². 
*70 ͦC x 9 kgf/cm²";"*ABNT NBR 15884 
*ABNT NBR 5626";"*Sem efeito nocivo ao organismo, atóxico. 
*Baixa condutividade térmica, isolante.
* Resistente a corrosão, não enferruja. 
*Superfície interna lisa, não incrusta.";CURVA 90° ULTRATERM - 22MM;CPVC - ULTRATERM - CONEXOES;AQ;PC;Sacos;162.63;26.0;162.63;10.0;3917.40.90;7897801320153;17897801320150;27897801320157;CURVA 90 ULTRATERM - 22MM;JOELHO;False;22.0;;0.16263;0.16263;22.0
1384;CURVA 90° ULTRATERM - 28MM;CPVC - ULTRATERM - CONEXOES;Efetuar a mudança de direção do fluido com ângulo 90 ͦ, através de uma curvatura suave, para gerar uma menor perda de carga.;Utilizada em instalação hidráulica residencial, comercial e industrial na geração de água quente ou sistemas de água fria com alta pressão, Por exemplo: Ramais de água quente, linhas de prumada de água fria.;"*Material: CPVC (Policloreto de Vinila Clorado).
*Processo: Extrusão / Conformação.
* Cor: Bege 
*Conexão: Bolsa / Bolsa 
*Temperatura x Pressão 
*20 ͦC x 24 kgf/cm². 
*70 ͦC x 9 kgf/cm²";"*ABNT NBR 15884 
*ABNT NBR 5626";"*Sem efeito nocivo ao organismo, atóxico. 
*Baixa condutividade térmica, isolante.
* Resistente a corrosão, não enferruja. 
*Superfície interna lisa, não incrusta.";CURVA 90° ULTRATERM - 28MM;CPVC - ULTRATERM - CONEXOES;AQ;PC;Sacos;203.65;31.5;203.65;10.0;3917.40.90;7897801320160;17897801320167;27897801320164;CURVA 90 ULTRATERM - 28MM;JOELHO;False;28.0;;0.20365;0.20365;28.0
1385;CURVA DE TRANSPOSICAO ULTRATERM - 15MM;CPVC - ULTRATERM - CONEXOES;Efetuar sobreposição de tubulações, através de seu desenho exclusivo, reduzindo emendas e garantindo a estanqueidade.;Utilizada em instalação hidráulica residencial, comercial e industrial na geração de água quente ou sistemas de água fria com alta pressão, Por exemplo: Ramais de água quente, linhas de brumada de água fria.;"*Material: CPVC (Policloreto de Vinila Clorado).
*Processo: Injeção 
* Cor: Bege 
*Conexão: Bolsa / Bolsa 
*Temperatura x Pressão:
o 20 ͦC x 24 kgf/cm²
o 70 ͦC x 9 kgf/cm²";"*ABNT NBR 15884 
*ABNT NBR 5626";"* Sem efeito nocivo ao organismo, atóxico. 
*Baixa condutividade térmica, isolante. 
* Resistente a corrosão, não enferruja
*Superfície interna lisa, não incrusta.";CURVA DE TRANSPOSICAO ULTRATERM - 15MM;CPVC - ULTRATERM - CONEXOES;AQ;PC;Sacos;137.0;18.0;40.0;10.0;3917.40.90;7897801320177;17897801320174;27897801320171;CURVA DE TRANSPOSICAO ULTRATERM - 15MM;JOELHO;False;15.0;;0.137;0.137;15.0
1386;CURVA DE TRANSPOSICAO ULTRATERM - 22MM;CPVC - ULTRATERM - CONEXOES;Efetuar sobreposição de tubulações, através de seu desenho exclusivo, reduzindo emendas e garantindo a estanqueidade.;Utilizada em instalação hidráulica residencial, comercial e industrial na geração de água quente ou sistemas de água fria com alta pressão, Por exemplo: Ramais de água quente, linhas de brumada de água fria.;"*Material: CPVC (Policloreto de Vinila Clorado).
*Processo: Injeção 
* Cor: Bege 
*Conexão: Bolsa / Bolsa 
*Temperatura x Pressão:
o 20 ͦC x 24 kgf/cm²
o 70 ͦC x 9 kgf/cm²";"*ABNT NBR 15884 
*ABNT NBR 5626";"* Sem efeito nocivo ao organismo, atóxico. 
*Baixa condutividade térmica, isolante. 
* Resistente a corrosão, não enferruja
*Superfície interna lisa, não incrusta.";CURVA DE TRANSPOSICAO ULTRATERM - 22MM;CPVC - ULTRATERM - CONEXOES;AQ;PC;Sacos;170.0;26.0;45.0;10.0;3917.40.90;7897801320184;17897801320181;27897801320188;CURVA DE TRANSPOSICAO ULTRATERM - 22MM;JOELHO;False;22.0;;0.17;0.17;22.0
1387;ADESIVO PLASTICO ULTRATERM - BISNAGA 17G;ADESIVOS E COMPLEMENTOS;;;;;;ADESIVO PLASTICO ULTRATERM - BISNAGA 17G;ADESIVOS E COMPLEMENTOS;AQ;PC;Caixas;116.0;19.0;0.3;48.0;3506.10.90;7897801320191;17897801320198;27897801320195;ADESIVO PLASTICO ULTRATERM - BISNAGA 17G;ADESIVO;False;;;0.116;0.116;
1388;ADESIVO PLASTICO ULTRATERM - BISNAGA 75G;ADESIVOS E COMPLEMENTOS;;;;;;ADESIVO PLASTICO ULTRATERM - BISNAGA 75G;ADESIVOS E COMPLEMENTOS;AQ;PC;Caixas;185.0;37.0;45.0;24.0;3506.10.90;7897801320207;17897801320204;27897801320201;ADESIVO PLASTICO ULTRATERM - BISNAGA 75G;ADESIVO;False;;;0.185;0.185;
1389;ADESI PLAST C PIN APLIC ULTRATERM -FRSC 175G;ADESIVOS E COMPLEMENTOS;;;;;;ADESI PLAST C PIN APLIC ULTRATERM -FRSC 175G;ADESIVOS E COMPLEMENTOS;AQ;PC;Caixas;68.0;103.0;68.0;12.0;3506.91.10;7897801320214;17897801320211;27897801320218;ADESI PLAST C PIN APLIC ULTRATERM - FRSC 175G;;False;;;0.068;0.068;
139;TUBO PVC ESG SR 6M DN150X6M;TUBOS PVC ESGOTO;Instalações prediais industriais, comerciais e residenciais, principalmente quando se exige maiores esforços.;A linha de Esgoto Série Reforçada é utilizada em instalações prediais de esgoto sanitário, água pluvial e ventilação na qual se necessita de uma maior classe de rigidez. Geralmente utilizada em obras verticais com mais de três pavimentos, como: tubos de queda e subcoletores.;"*Matéria Prima PVC (Policloreto de Vinila) 
*Cor: Cinza Claro
*Processo: Extrusão 
*Temperatura Nominal: 75 ͦC (regime não
contínuo) 
*Escoamento por gravidade, não submetida
a pressão e ventilação. 
*Resistência a classe de rigidez de 3.200Pa para
os tubos esgoto DN 100 e 150 mm.";"*ABNT NBR 5688 
*ABNT NBR 8160";"*Resistente a esforços mecânicos e a
temperatura. 
*Fácil instalação. 
*Simples execução das juntas, leveza dos
materiais. 
*Estanqueidade em junta elástica. 
*Bolsa com dupla ação: junta elástica e
soldável.";TUBO PVC ESG SR 6M DN150X6M;TUBOS PVC ESGOTO;ESGOTO;BR;Amarrados;6000.0;151.0;151.0;1.0;3917.23.00;7897801313780;17897801313787;27897801313784;TUBO PVC ESGOTO SERIE REFORCADA 6M DN150X6M;TUBO;True;;6.0;6.0;6.0;
1390;ADESIVO PLASTICO ULTRATERM - FRASCO 850G;ADESIVOS E COMPLEMENTOS;;;;;;ADESIVO PLASTICO ULTRATERM - FRASCO 850G;ADESIVOS E COMPLEMENTOS;AQ;PC;Caixas;94.0;220.0;94.0;6.0;3506.10.90;7897801320221;17897801320228;27897801320225;ADESIVO PLASTICO ULTRATERM - FRASCO 850G;ADESIVO;False;;;0.094;0.094;
1400;BUCHA REDU ESGOTO SERIE REFORCADA DN50X40;CONEXOES ESGOTO PRIMARIO;;;;;;BUCHA REDU ESGOTO SERIE REFORCADA DN50X40;CONEXOES ESGOTO PRIMARIO;ESGOTO;PC;Sacos;64.0;50.0;50.0;10.0;3917.40.90;7897801322645;17897801322642;27897801322649;BUCHA REDU ESGOTO SERIE REFORCADA DN50X40;BUCHA;False;;;0.064;0.064;
1401;CAP ESGOTO SERIE REFORCADA DN 40;CONEXOES ESGOTO PRIMARIO;;;;;;CAP ESGOTO SERIE REFORCADA DN 40;CONEXOES ESGOTO PRIMARIO;ESGOTO;PC;Sacos;47.0;29.0;47.0;5.0;3917.40.90;7897801322638;17897801322635;27897801322632;CAP ESGOTO SERIE REFORCADA DN 40;CAP;False;40.0;;0.047;0.047;40.0
1402;CAP ESGOTO SERIE REFORCADA DN 50;CONEXOES ESGOTO PRIMARIO;;;;;;CAP ESGOTO SERIE REFORCADA DN 50;CONEXOES ESGOTO PRIMARIO;ESGOTO;PC;Sacos;65.0;42.0;65.0;5.0;3917.40.90;7897801322386;17897801322383;27897801322380;CAP ESGOTO SERIE REFORCADA DN 50;CAP;False;50.0;;0.065;0.065;50.0
1403;CAP ESGOTO SERIE REFORCADA DN 75;CONEXOES ESGOTO PRIMARIO;;;;;;CAP ESGOTO SERIE REFORCADA DN 75;CONEXOES ESGOTO PRIMARIO;ESGOTO;PC;Sacos;90.0;47.0;90.0;10.0;3917.40.90;7897801322379;17897801322376;27897801322373;CAP ESGOTO SERIE REFORCADA DN 75;CAP;False;75.0;;0.09;0.09;75.0
1404;CAP ESGOTO SÉRIE REFORÇADA DN 100;CONEXOES ESGOTO PRIMARIO;;;;;;CAP ESGOTO SÉRIE REFORÇADA DN 100;CONEXOES ESGOTO PRIMARIO;ESGOTO;PC;Sacos;115.0;49.0;115.0;10.0;3917.40.90;7897801322317;17897801322314;NÃO APLICA;CAP ESGOTO SERIE REFORCADA DN 100;CAP;False;100.0;;0.115;0.115;100.0
1405;CAP ESGOTO SÉRIE REFORÇADA DN 150;CONEXOES ESGOTO PRIMARIO;;;;;;CAP ESGOTO SÉRIE REFORÇADA DN 150;CONEXOES ESGOTO PRIMARIO;ESGOTO;PC;Sacos;170.0;65.0;170.0;1.0;3917.40.90;7897801322362;17897801322369;27897801322366;CAP ESGOTO SERIE REFORCADA DN 150;CAP;False;150.0;;0.17;0.17;150.0
1407;CURVA 90 ESGOTO SERIE REFORCADA DN 50;CONEXOES ESGOTO PRIMARIO;;;;;;CURVA 90 ESGOTO SERIE REFORCADA DN 50;CONEXOES ESGOTO PRIMARIO;ESGOTO;PC;Sacos;166.0;646.5;79.0;10.0;3917.40.90;7897801322607;17897801322604;27897801322601;CURVA 90 ESGOTO SERIE REFORCADA DN 50;JOELHO;False;50.0;;0.166;0.166;50.0
1409;CURVA 90° CURTA PE COLUNA ESG SER REF DN75;CONEXOES ESGOTO PRIMARIO;;;;;;CURVA 90° CURTA PE COLUNA ESG SER REF DN75;CONEXOES ESGOTO PRIMARIO;ESGOTO;PC;Sacos;166.0;79.0;65.0;10.0;3917.40.90;7897801307383;17897801307380;27897801307387;CURVA 90 CURTA PE COLUNA ESGOTO SER REF DN75;JOELHO;False;75.0;;0.166;0.166;75.0
1410;CURVA 90° CURTA PE COLUNA SERIE REFORC. DN100;CONEXOES ESGOTO PRIMARIO;Permiti a mudança do ângulo da tubulação horizontal, a uma declividade apropriada, sem que seja necessário curvar o tubo junto à bolsa.;Nos pés-de-coluna, onde ocorrer impactos provocados pela queda de resíduos sólidos, normalmente lançados nos esgotos, devem ser utilizadas conexões reforçadas.;"* Material: PVC (Policloreto de Vinila). 
*Processo: Injeção. 
*Cor: Cinza claro 
*Escoamento por gravidade, não submetida a
pressão e ventilação. 
* Temperatura: 75°C";"* ABNT NBR 5688 
* ABNT NBR 5681";"*Resistência a esforços mecânicos e à
temperatura.
* Facilidade de instalação:
*Simples execução das juntas, leveza dos
materiais. 
*Estanqueidade em junta elástica. 
*Bolsa dupla ação – junta elástica e soldável.";CURVA 90° CURTA PE COLUNA SERIE REFORC. DN100;CONEXOES ESGOTO PRIMARIO;ESGOTO;PC;Sacos;230.0;180.0;120.0;10.0;3917.40.90;7897801313865;17897801313862;27897801313869;CURVA 90 CURTA PE COLUNA SERIE REFORC. DN100;JOELHO;False;100.0;;0.23;0.23;100.0
1411;CURVA 90° CURTA PE COLUNA SÉRIE REFORC. DN150;CONEXOES ESGOTO PRIMARIO;;;;;;CURVA 90° CURTA PE COLUNA SÉRIE REFORC. DN150;CONEXOES ESGOTO PRIMARIO;ESGOTO;PC;Sacos;265.0;265.0;170.0;1.0;3917.40.90;7897801322720;17897801322727;27897801322724;CURVA 90 CURTA PE COLUNA SERIE REFORC. DN150;JOELHO;False;150.0;;0.265;0.265;150.0
1413;JOELHO 45° ESGOTO SERIE REFORCADA DN40;CONEXOES ESGOTO PRIMARIO;;;;;;JOELHO 45° ESGOTO SERIE REFORCADA DN40;CONEXOES ESGOTO PRIMARIO;ESGOTO;PC;Sacos;72.0;43.0;6.0;20.0;3917.40.90;7897801322591;17897801322598;27897801322595;JOELHO 45 ESGOTO SERIE REFORCADA DN40;JOELHO;False;40.0;;0.072;0.072;40.0
1414;JOELHO 45° ESGOTO SERIE REFORCADA DN50;CONEXOES ESGOTO PRIMARIO;;;;;;JOELHO 45° ESGOTO SERIE REFORCADA DN50;CONEXOES ESGOTO PRIMARIO;ESGOTO;PC;Sacos;115.0;65.0;65.0;20.0;3917.40.90;7897801322584;17897801322581;27897801322588;JOELHO 45 ESGOTO SERIE REFORCADA DN50;JOELHO;False;50.0;;0.115;0.115;50.0
1415;JOELHO 45° ESGOTO SERIE REFORCADA DN75;CONEXOES ESGOTO PRIMARIO;;;;;;JOELHO 45° ESGOTO SERIE REFORCADA DN75;CONEXOES ESGOTO PRIMARIO;ESGOTO;PC;Sacos;146.0;90.0;90.0;10.0;3917.40.90;7897801322348;17897801322345;NÃO APLICA;JOELHO 45 ESGOTO SERIE REFORCADA DN75;JOELHO;False;75.0;;0.146;0.146;75.0
1416;JOELHO 45° ESGOTO SERIE REFORCADA DN100;CONEXOES ESGOTO PRIMARIO;;;;;;JOELHO 45° ESGOTO SERIE REFORCADA DN100;CONEXOES ESGOTO PRIMARIO;ESGOTO;PC;Sacos;170.0;110.0;110.0;10.0;3917.40.90;7897801313872;17897801313879;27897801313876;JOELHO 45 ESGOTO SERIE REFORCADA DN100;JOELHO;False;100.0;;0.17;0.17;100.0
1417;JOELHO 45° ESGOTO SÉRIE REFORÇADA DN 150;CONEXOES ESGOTO PRIMARIO;;;;;;JOELHO 45° ESGOTO SÉRIE REFORÇADA DN 150;CONEXOES ESGOTO PRIMARIO;ESGOTO;PC;Sacos;220.0;180.0;170.0;1.0;3917.40.90;7897801322331;17897801322338;27897801322335;JOELHO 45 ESGOTO SERIE REFORCADA DN 150;JOELHO;False;150.0;;0.22;0.22;150.0
1419;JOELHO 90° ESGOTO SERIE REFORCADA DN40;CONEXOES ESGOTO PRIMARIO;;;;;;JOELHO 90° ESGOTO SERIE REFORCADA DN40;CONEXOES ESGOTO PRIMARIO;ESGOTO;PC;Sacos;65.0;46.0;46.0;25.0;3917.40.90;7897801322577;17897801322574;27897801322571;JOELHO 90 ESGOTO SERIE REFORCADA DN40;JOELHO;False;40.0;;0.065;0.065;40.0
1420;JOELHO 90° ESGOTO SERIE REFORCADA DN50;CONEXOES ESGOTO PRIMARIO;;;;;;JOELHO 90° ESGOTO SERIE REFORCADA DN50;CONEXOES ESGOTO PRIMARIO;ESGOTO;PC;Sacos;95.0;65.0;100.0;25.0;3917.40.90;7897801307871;17897801307878;27897801307875;JOELHO 90 ESGOTO SERIE REFORCADA DN50;JOELHO;False;50.0;;0.095;0.095;50.0
1421;JOELHO 90° ESGOTO SÉRIE REFORÇADA DN 75;CONEXOES ESGOTO PRIMARIO;;;;;;JOELHO 90° ESGOTO SÉRIE REFORÇADA DN 75;CONEXOES ESGOTO PRIMARIO;ESGOTO;PC;Sacos;123.0;127.0;90.0;20.0;3917.40.90;7897801322324;17897801322321;27897801322328;JOELHO 90 ESGOTO SERIE REFORCADA DN 75;JOELHO;False;75.0;;0.123;0.123;75.0
1422;JOELHO 90° ESGOTO SERIE REFORCADA DN100;CONEXOES ESGOTO PRIMARIO;;;;;;JOELHO 90° ESGOTO SERIE REFORCADA DN100;CONEXOES ESGOTO PRIMARIO;ESGOTO;PC;Sacos;190.0;160.0;120.0;20.0;3917.40.90;7897801313889;17897801313886;27897801313883;JOELHO 90 ESGOTO SERIE REFORCADA DN100;JOELHO;False;100.0;;0.19;0.19;100.0
1423;JOELHO 90° ESGOTO SÉRIE REFORCADA DN 150;CONEXOES ESGOTO PRIMARIO;;;;;;JOELHO 90° ESGOTO SÉRIE REFORCADA DN 150;CONEXOES ESGOTO PRIMARIO;ESGOTO;PC;Sacos;220.0;220.0;170.0;1.0;3917.40.90;7897801319065;17897801319062;27897801319069;JOELHO 90 ESGOTO SERIE REFORCADA DN 150;JOELHO;False;150.0;;0.22;0.22;150.0
1425;CURVA 90 ESGOTO SÉRIE REFORÇADA DN 75;CONEXOES ESGOTO PRIMARIO;;;;;;CURVA 90 ESGOTO SÉRIE REFORÇADA DN 75;CONEXOES ESGOTO PRIMARIO;ESGOTO;PC;Sacos;145.0;160.0;90.0;10.0;3917.40.90;7897801322355;17897801322352;27897801322359;CURVA 90 ESGOTO SERIE REFORCADA DN 75;JOELHO;False;75.0;;0.145;0.145;75.0
1426;JUNÇÃO DUPLA ESGOTO SÉRIE REFORÇADA DN 100;CONEXOES ESGOTO PRIMARIO;;;;;;JUNÇÃO DUPLA ESGOTO SÉRIE REFORÇADA DN 100;CONEXOES ESGOTO PRIMARIO;ESGOTO;PC;Sacos;340.0;115.0;260.0;5.0;3917.40.90;7897801322423;17897801322420;NÃO APLICA;JUNCAO DUPLA ESGOTO SERIE REFORCADA DN 100;;False;100.0;;0.34;0.34;100.0
1427;JUNCAO SIMPLES ESGOTO SERIE REFORCADA DN40;CONEXOES ESGOTO PRIMARIO;;;;;;JUNCAO SIMPLES ESGOTO SERIE REFORCADA DN40;CONEXOES ESGOTO PRIMARIO;ESGOTO;PC;Sacos;500.0;1000.0;900.0;10.0;3917.40.90;7897801322560;17897801322567;27897801322564;JUNCAO SIMPLES ESGOTO SERIE REFORCADA DN40;;False;40.0;;0.5;0.5;40.0
1428;JUNCAO SIMPLES ESGOTO SERIE REFORCADA DN50;CONEXOES ESGOTO PRIMARIO;;;;;;JUNCAO SIMPLES ESGOTO SERIE REFORCADA DN50;CONEXOES ESGOTO PRIMARIO;ESGOTO;PC;Sacos;65.0;165.0;120.0;10.0;3917.40.90;7897801322546;17897801322543;27897801322540;JUNCAO SIMPLES ESGOTO SERIE REFORCADA DN50;;False;50.0;;0.065;0.065;50.0
1429;JUNCAO SIMPLES ESGOTO SERIE REFORCADA DN75;CONEXOES ESGOTO PRIMARIO;;;;;;JUNCAO SIMPLES ESGOTO SERIE REFORCADA DN75;CONEXOES ESGOTO PRIMARIO;ESGOTO;PC;Sacos;200.0;165.0;90.0;10.0;3917.40.90;7897801319058;17897801319055;27897801319052;JUNCAO SIMPLES ESGOTO SERIE REFORCADA DN75;;False;75.0;;0.2;0.2;75.0
1430;JUNCAO SIMPLES ESGOTO SERIE REFORCADA DN100;CONEXOES ESGOTO PRIMARIO;;;;;;JUNCAO SIMPLES ESGOTO SERIE REFORCADA DN100;CONEXOES ESGOTO PRIMARIO;ESGOTO;PC;Sacos;246.0;122.0;240.0;5.0;3917.40.90;7897801313896;17897801313893;27897801313890;JUNCAO SIMPLES ESGOTO SERIE REFORCADA DN100;;False;100.0;;0.246;0.246;100.0
1431;JUNCAO SIMPLES ESGOTO SERIE REFORÇADA DN 150;CONEXOES ESGOTO PRIMARIO;;;;;;JUNCAO SIMPLES ESGOTO SERIE REFORÇADA DN 150;CONEXOES ESGOTO PRIMARIO;ESGOTO;PC;Sacos;345.0;173.0;310.0;1.0;3917.40.90;7897801318716;17897801318713;27897801318710;JUNCAO SIMPLES ESGOTO SERIE REFORCADA DN 150;;False;150.0;;0.345;0.345;150.0
1433;JUNCAO SIMP.RED. ESG. SER. REFORC. DN75X50;CONEXOES ESGOTO PRIMARIO;;;;;;JUNCAO SIMP.RED. ESG. SER. REFORC. DN75X50;CONEXOES ESGOTO PRIMARIO;ESGOTO;PC;Sacos;167.0;95.0;150.0;10.0;3917.40.90;7897801322539;17897801322536;NÃO APLICA;JUNCAO SIMP.RED. ESGOTO. SER. REFORC. DN75X50;;False;;;0.167;0.167;
1434;JUNCAO SIMP.RED. ESG. SER. REFORC. DN100X50;CONEXOES ESGOTO PRIMARIO;;;;;;JUNCAO SIMP.RED. ESG. SER. REFORC. DN100X50;CONEXOES ESGOTO PRIMARIO;ESGOTO;PC;Sacos;111.0;170.0;170.0;10.0;3917.40.90;7897801322652;17897801322659;27897801322656;JUNCAO SIMP.RED. ESGOTO. SER. REFORC. DN100X50;;False;;;0.111;0.111;
1435;JUNCAO SIMP.RED. ESG. SER. REFORC. DN100X75;CONEXOES ESGOTO PRIMARIO;;;;;;JUNCAO SIMP.RED. ESG. SER. REFORC. DN100X75;CONEXOES ESGOTO PRIMARIO;ESGOTO;PC;Sacos;200.0;100.0;200.0;5.0;3917.40.90;7897801313902;17897801313909;27897801313906;JUNCAO SIMP.RED. ESGOTO. SER. REFORC. DN100X75;;False;;;0.2;0.2;
1436;JUNÇÃO SIMP. RED. ESG. SER. REFORC. DN150X100;CONEXOES ESGOTO PRIMARIO;;;;;;JUNÇÃO SIMP. RED. ESG. SER. REFORC. DN150X100;CONEXOES ESGOTO PRIMARIO;ESGOTO;PC;Sacos;300.0;170.0;270.0;1.0;3917.40.90;7897801322614;17897801322611;NÃO APLICA;JUNCAO SIMP. RED. ESGOTO. SER. REFORC. DN150X100;;False;;;0.3;0.3;
1438;LUVA SIMPLES ESGOTO SERIE REFORCADA DN40;CONEXOES ESGOTO PRIMARIO;;;;;;LUVA SIMPLES ESGOTO SERIE REFORCADA DN40;CONEXOES ESGOTO PRIMARIO;ESGOTO;PC;Sacos;450.0;450.0;400.0;20.0;3917.40.90;7897801322621;17897801322628;27897801322625;LUVA SIMPLES ESGOTO SERIE REFORCADA DN40;LUVA;False;40.0;;0.45;0.45;40.0
1439;LUVA SIMPLES ESGOTO SERIE REFORCADA DN50;CONEXOES ESGOTO PRIMARIO;;;;;;LUVA SIMPLES ESGOTO SERIE REFORCADA DN50;CONEXOES ESGOTO PRIMARIO;ESGOTO;PC;Sacos;63.0;62.0;63.0;25.0;3917.40.90;7897801322713;17897801322710;27897801322717;LUVA SIMPLES ESGOTO SERIE REFORCADA DN50;LUVA;False;50.0;;0.063;0.063;50.0
1440;LUVA SIMPLES ESGOTO SERIE REFORCADA DN75;CONEXOES ESGOTO PRIMARIO;;;;;;LUVA SIMPLES ESGOTO SERIE REFORCADA DN75;CONEXOES ESGOTO PRIMARIO;ESGOTO;PC;Sacos;90.0;80.0;90.0;10.0;3917.40.90;7897801319072;17897801319079;27897801319076;LUVA SIMPLES ESGOTO SERIE REFORCADA DN75;LUVA;False;75.0;;0.09;0.09;75.0
1441;LUVA SIMPLES ESGOTO SERIE REFORCADA DN100;CONEXOES ESGOTO PRIMARIO;;;;;;LUVA SIMPLES ESGOTO SERIE REFORCADA DN100;CONEXOES ESGOTO PRIMARIO;ESGOTO;PC;Sacos;80.0;110.0;110.0;10.0;3917.40.90;7897801313919;17897801313916;27897801313913;LUVA SIMPLES ESGOTO SERIE REFORCADA DN100;LUVA;False;100.0;;0.08;0.08;100.0
1442;LUVA SIMPLES ESGOTO SERIE REFORCADA DN 150;CONEXOES ESGOTO PRIMARIO;;;;;;LUVA SIMPLES ESGOTO SERIE REFORCADA DN 150;CONEXOES ESGOTO PRIMARIO;ESGOTO;PC;Sacos;115.0;170.0;170.0;1.0;3917.40.90;7897801322706;17897801322703;27897801322700;LUVA SIMPLES ESGOTO SERIE REFORCADA DN 150;LUVA;False;150.0;;0.115;0.115;150.0
1444;LUVA CORRER P/ TUBO ESGOTO SÉRIE REFORCADA DN 40;CONEXOES ESGOTO PRIMARIO;;;;;;LUVA CORRER P/ TUBO ESGOTO SÉRIE REFORCADA DN 40;CONEXOES ESGOTO PRIMARIO;ESGOTO;PC;Sacos;66.0;45.0;45.0;10.0;3917.40.90;7897801322522;17897801322529;27897801322526;LUVA CORRER P TUBO ESGOTO SERIE REFORCADA DN 40;TUBO;True;40.0;;0.066;0.066;40.0
1445;LUVA CORRER P/ TUBO ESGOTO SERIE REFORCADA DN 50;CONEXOES ESGOTO PRIMARIO;;;;;;LUVA CORRER P/ TUBO ESGOTO SERIE REFORCADA DN 50;CONEXOES ESGOTO PRIMARIO;ESGOTO;PC;Sacos;80.0;80.0;68.0;10.0;3917.40.90;7897801322515;17897801322512;27897801322519;LUVA CORRER P TUBO ESGOTO SERIE REFORCADA DN 50;TUBO;True;50.0;;0.08;0.08;50.0
1446;LUVA CORRER P/ TUBO ESGOTO SÉRIE REFORCADA DN 75;CONEXOES ESGOTO PRIMARIO;;;;;;LUVA CORRER P/ TUBO ESGOTO SÉRIE REFORCADA DN 75;CONEXOES ESGOTO PRIMARIO;ESGOTO;PC;Sacos;90.0;90.0;90.0;10.0;3917.40.90;7897801322508;17897801322505;27897801322502;LUVA CORRER P TUBO ESGOTO SERIE REFORCADA DN 75;TUBO;True;75.0;;0.09;0.09;75.0
1447;LUVA CORRER P/ TUBO ESGOTO SÉRIE REFORÇADA DN 100;CONEXOES ESGOTO PRIMARIO;;;;;;LUVA CORRER P/ TUBO ESGOTO SÉRIE REFORÇADA DN 100;CONEXOES ESGOTO PRIMARIO;ESGOTO;PC;Sacos;134.0;118.0;118.0;10.0;3917.40.90;7897801322461;17897801322468;NÃO APLICA;LUVA CORRER P TUBO ESGOTO SERIE REFORCADA DN 100;TUBO;True;100.0;;0.134;0.134;100.0
1448;LUVA CORRER P/ TUBO ESGOTO SERIE REFORCADA DN 150;CONEXOES ESGOTO PRIMARIO;;;;;;LUVA CORRER P/ TUBO ESGOTO SERIE REFORCADA DN 150;CONEXOES ESGOTO PRIMARIO;ESGOTO;PC;Sacos;145.0;175.0;175.0;1.0;3917.40.90;7897801322690;17897801322697;27897801322694;LUVA CORRER P TUBO ESGOTO SERIE REFORCADA DN 150;TUBO;True;150.0;;0.145;0.145;150.0
1450;RED. EXCENTRICA ESGOTO SERIE REFOC. DN75X50;CONEXOES ESGOTO PRIMARIO;;;;;;RED. EXCENTRICA ESGOTO SERIE REFOC. DN75X50;CONEXOES ESGOTO PRIMARIO;ESGOTO;PC;Sacos;103.0;75.0;75.0;10.0;3917.40.90;7897801322492;17897801322499;27897801322496;RED. EXCENTRICA ESGOTO SERIE REFOC. DN75X50;;False;;;0.103;0.103;
1451;RED. EXCÊNTRICA ESGOTO SÉRIE REFOC. DN200X150;CONEXOES ESGOTO PRIMARIO;;;;;;RED. EXCÊNTRICA ESGOTO SÉRIE REFOC. DN200X150;CONEXOES ESGOTO PRIMARIO;ESGOTO;PC;Sacos;172.0;200.0;200.0;1.0;3917.40.90;7897801322683;17897801322680;27897801322687;RED. EXCENTRICA ESGOTO SERIE REFOC. DN200X150;;False;;;0.172;0.172;
1452;RED. EXCENTRICA ESGOTO SERIE REFOC. DN100X75;CONEXOES ESGOTO PRIMARIO;;;;;;RED. EXCENTRICA ESGOTO SERIE REFOC. DN100X75;CONEXOES ESGOTO PRIMARIO;ESGOTO;PC;Sacos;120.0;110.0;90.0;10.0;3917.40.90;7897801313926;17897801313923;27897801313920;RED. EXCENTRICA ESGOTO SERIE REFOC. DN100X75;;False;;;0.12;0.12;
1453;RED. EXCÊNTRICA ESGOTO SÉRIE REFOC. DN150X100;CONEXOES ESGOTO PRIMARIO;;;;;;RED. EXCÊNTRICA ESGOTO SÉRIE REFOC. DN150X100;CONEXOES ESGOTO PRIMARIO;ESGOTO;PC;Sacos;150.0;145.0;150.0;5.0;3917.40.90;7897801322454;17897801322451;NÃO APLICA;RED. EXCENTRICA ESGOTO SERIE REFOC. DN150X100;;False;;;0.15;0.15;
1456;TE ESGOTO SERIE REFORCADA DN40;CONEXOES ESGOTO PRIMARIO;;;;;;TE ESGOTO SERIE REFORCADA DN40;CONEXOES ESGOTO PRIMARIO;ESGOTO;PC;Sacos;79.0;61.0;46.0;10.0;3917.40.90;7897801322553;17897801322550;27897801322557;TE ESGOTO SERIE REFORCADA DN40;TE;False;40.0;;0.079;0.079;40.0
1457;TE ESGOTO SERIE REFORCADA DN50;CONEXOES ESGOTO PRIMARIO;;;;;;TE ESGOTO SERIE REFORCADA DN50;CONEXOES ESGOTO PRIMARIO;ESGOTO;PC;Sacos;145.0;63.0;115.0;10.0;3917.40.90;7897801322485;17897801322482;27897801322489;TE ESGOTO SERIE REFORCADA DN50;TE;False;50.0;;0.145;0.145;50.0
1458;TE ESGOTO SERIE REFORCADA DN75;CONEXOES ESGOTO PRIMARIO;;;;;;TE ESGOTO SERIE REFORCADA DN75;CONEXOES ESGOTO PRIMARIO;ESGOTO;PC;Sacos;180.0;150.0;90.0;10.0;3917.40.90;7897801313933;17897801313930;27897801313937;TE ESGOTO SERIE REFORCADA DN75;TE;False;75.0;;0.18;0.18;75.0
1459;TE ESGOTO SERIE REFORCADA DN100;CONEXOES ESGOTO PRIMARIO;;;;;;TE ESGOTO SERIE REFORCADA DN100;CONEXOES ESGOTO PRIMARIO;ESGOTO;PC;Sacos;165.0;210.0;110.0;4.0;3917.40.90;7897801313940;17897801313947;27897801313944;TE ESGOTO SERIE REFORCADA DN100;TE;False;100.0;;0.165;0.165;100.0
1460;TE ESGOTO SERIE REFORCADA DN150;CONEXOES ESGOTO PRIMARIO;;;;;;TE ESGOTO SERIE REFORCADA DN150;CONEXOES ESGOTO PRIMARIO;ESGOTO;PC;Sacos;290.0;250.0;172.0;1.0;3917.40.90;7897801322676;17897801322673;27897801322670;TE ESGOTO SERIE REFORCADA DN150;TE;False;150.0;;0.29;0.29;150.0
1462;TE DE REDUÇÃO SÉRIE REFORÇADA 75X50;CONEXOES ESGOTO PRIMARIO;;;;;;TE DE REDUÇÃO SÉRIE REFORÇADA 75X50;CONEXOES ESGOTO PRIMARIO;ESGOTO;PC;Sacos;151.0;130.0;90.0;10.0;3917.40.90;7897801322478;17897801322475;27897801322472;TE DE REDUCAO SERIE REFORCADA 75X50;TE;False;;;0.151;0.151;
1463;TE DE RED SR 100x50mm;CONEXOES ESGOTO PRIMARIO;;;;;;TE DE RED SR 100x50mm;CONEXOES ESGOTO PRIMARIO;ESGOTO;PC;Sacos;160.0;120.0;150.0;5.0;3917.40.90;7897801313957;17897801313954;27897801313951;TE DE RED SERIE REFORCADA 100X50MM;TE;False;;;0.16;0.16;
1464;TE DE REDUCAO ESGOTO SERIE REFORCADA DN100X75;CONEXOES ESGOTO PRIMARIO;;;;;;TE DE REDUCAO ESGOTO SERIE REFORCADA DN100X75;CONEXOES ESGOTO PRIMARIO;ESGOTO;PC;Sacos;185.0;115.0;160.0;1.0;3917.40.90;7897801322447;17897801322444;27897801322441;TE DE REDUCAO ESGOTO SERIE REFORCADA DN100X75;TE;False;;;0.185;0.185;
1465;TE DE REDUÇÃO ESGOTO SÉRIE REFORÇADA 150x100;CONEXOES ESGOTO PRIMARIO;;;;;;TE DE REDUÇÃO ESGOTO SÉRIE REFORÇADA 150x100;CONEXOES ESGOTO PRIMARIO;ESGOTO;PC;Sacos;170.0;240.0;220.0;1.0;3917.40.90;7897801322430;17897801322437;27897801322434;TE DE REDUCAO ESGOTO SERIE REFORCADA 150X100;TE;False;;;0.17;0.17;
1467;TE DE INSPECAO ESGOTO SÉRIE REFORÇADA DN75x75;CONEXOES ESGOTO PRIMARIO;;;;;;TE DE INSPECAO ESGOTO SÉRIE REFORÇADA DN75x75;CONEXOES ESGOTO PRIMARIO;ESGOTO;PC;Sacos;180.0;100.0;90.0;10.0;3917.40.90;7897801322416;17897801322413;NÃO APLICA;TE DE INSPECAO ESGOTO SERIE REFORCADA DN75X75;TE;False;;;0.18;0.18;
1468;TE DE INSPECAO ESGOTO SERIE REFORCADA DN100x75;CONEXOES ESGOTO PRIMARIO;;;;;;TE DE INSPECAO ESGOTO SERIE REFORCADA DN100x75;CONEXOES ESGOTO PRIMARIO;ESGOTO;PC;Sacos;182.0;117.0;126.0;1.0;3917.40.90;7897801322409;17897801322406;27897801322403;TE DE INSPECAO ESGOTO SERIE REFORCADA DN100X75;TE;False;;;0.182;0.182;
1469;TE DE INSPECAO ESGOTO SERIE REFORCADA DN150x100;CONEXOES ESGOTO PRIMARIO;;;;;;TE DE INSPECAO ESGOTO SERIE REFORCADA DN150x100;CONEXOES ESGOTO PRIMARIO;ESGOTO;PC;Sacos;250.0;172.0;190.0;1.0;3917.40.90;7897801322393;17897801322390;27897801322397;TE DE INSPECAO ESGOTO SERIE REFORCADA DN150X100;TE;False;;;0.25;0.25;
147;TUBO PPR PN20 20MMX3M;TUBOS PPR;Os Tubos PN20 e PN25 são produzidos em PPR e sua instalação permite encaminhar água quente ou fria aos pontos de consumo;Utilizado em instalação de água quente residencial, comercial, industrial e pode ser embutida em parede de alvenaria, enterrada, parede oca (drywall) e instalações aparentes.;"*Material: Polipropileno Copolímero Random
PPR. 
*Material: Polipropileno Copolímero Random
PPR.";"*ABNT NBR 15813
○ Parte 1
○ Parte 2
○ Parte 3
*ABNT NBR 7198
* DIN 8077
*DIN 8078
*DIN 16962";"*Consulte a tabela de resistência química do
PPR disponível no catálogo técnico da linha.
*Fácil instalação. 
* Baixa condutividade térmica.
*Economia de energia.";TUBO PPR PN20 20MMX3M;TUBOS PPR;AQ;BR;Amarrados;3000.0;20.3;20.3;30.0;3917.22.90;7897801314114;17897801314111;27897801314118;TUBO PPR PN20 20MMX3M;TUBO;True;;;3.0;3.0;
1472;JOELHO 90 VISITA ESG SR DN100X75;CONEXOES ESGOTO PRIMARIO;;;;;;JOELHO 90 VISITA ESG SR DN100X75;CONEXOES ESGOTO PRIMARIO;ESGOTO;PC;Sacos;210.0;118.0;150.0;10.0;3917.40.90;7897801322669;17897801322666;NÃO APLICA;JOELHO 90 VISITA ESGOTO SERIE REFORCADA DN100X75;JOELHO;False;;;0.21;0.21;
148;TUBO PPR PN20 25MMX3M;TUBOS PPR;Os Tubos PN20 e PN25 são produzidos em PPR e sua instalação permite encaminhar água quente ou fria aos pontos de consumo;Utilizado em instalação de água quente residencial, comercial, industrial e pode ser embutida em parede de alvenaria, enterrada, parede oca (drywall) e instalações aparentes.;"*Material: Polipropileno Copolímero Random
PPR. 
*Material: Polipropileno Copolímero Random
PPR.";"*ABNT NBR 15813
○ Parte 1
○ Parte 2
○ Parte 3
*ABNT NBR 7198
* DIN 8077
*DIN 8078
*DIN 16962";"*Consulte a tabela de resistência química do
PPR disponível no catálogo técnico da linha.
*Fácil instalação. 
* Baixa condutividade térmica.
*Economia de energia.";TUBO PPR PN20 25MMX3M;TUBOS PPR;AQ;BR;Amarrados;3000.0;25.3;25.3;25.0;3917.22.90;7897801314121;17897801314128;27897801314125;TUBO PPR PN20 25MMX3M;TUBO;True;;;3.0;3.0;
1481;CAIXA DE GORDURA DN300;CAIXAS DE GORDURA;Reter partículas de gorduras, graxas e óleos provenientes de pias de cozinha. A retenção e acúmulo são realizados pelo sifão e cesto interno da caixa, onde se formam camadas que devem ser removidas periodicamente, evitando que estes componentes escoem livremente pela rede, podendo obstruir a mesma.;Utilizada em sistema de esgoto residencial, comercial e industrial, coletando resíduos provenientes de uma pia de cozinha e retendo no cesto interno as partículas de gordura evitando que estes escoam livre pela rede e poluindo o meio ambiente.;"* Material: PVC rígido (Policloreto de Vinila)
*Processo Injeção.
*Cor: Cinza.
*Volume útil: 18 litros, conforme norma.
*Tampa para tráfego: 650kg.
* Formato Tampa: Quadrado para facilitar a
instalação de acabamentos cerâmicos.
*3 entradas em bolsa soldável bitola de
50mm e 3 de 75mm e 1 saída em ponta
100mm.
*Tamanho (diâmetro): 300mm
*Temperatura: 45°";"*ABNT NBR 8160
*ABNT NBR 7367
*ABNT NBR 5688";"*Facilidade de instalação.
*Leve.
*Resistente.
*Segura .
*Estanque.
* Ajustável.
*Racional.";CAIXA DE GORDURA DN300;CAIXAS DE GORDURA;ESGOTO;PC;Caixas;36.0;52.5;36.0;1.0;3917.40.90;7897801320337;17897801320334;27897801320331;CAIXA DE GORDURA DN300;;False;300.0;;0.036;0.036;300.0
1482;CAIXA DE INSPECAO DE ESGOTO DN300;CAIXAS DE GORDURA;Destinada a permitir a inspeção, limpeza, desobstrução, junção, mudanças de declividade e/ou direção das tubulações.;Utilizada em sistema de esgoto residencial, comercial e industrial, sempre ao lado externo da edificação e enterrada. Ela recebe as águas servidas (lavatório e chuveiros) e águas negras (vasos sanitários);"* Material: PVC rígido (Policloreto de Vinila)
*Processo Injeção.
*Cor: Cinza.
*Capacidade: não armazena água, pois seu
fundo possui declividade para dar vazão
aos líquidos.
*Tampa para tráfego: 650kg.
* Formato Tampa: Quadrado para facilitar a
instalação de acabamentos.
*3 entradas em bolsa soldável bitola de
100mm e 1 saída em ponta 100mm.
*Tamanho (diâmetro): 300mm
*Temperatura: 45°";"* ABNT NBR 8160
*ABNT NBR 7367
*ABNT NBR 5688";"* Facilidade de instalação.
*Leve.
*Resistente.
*Segura .
* Estanque.
* Ajustável";CAIXA DE INSPECAO DE ESGOTO DN300;CAIXAS DE GORDURA;ESGOTO;PC;Caixas;360.0;195.0;360.0;1.0;3917.40.90;7897801320443;17897801320440;27897801320447;CAIXA DE INSPECAO DE ESGOTO DN300;;False;300.0;;0.36;0.36;300.0
1483;CAIXA DE AREIA DN300;CAIXAS DE GORDURA;Destinada a recolher e conduzir águas superficiais bem como permitir deposição de detritos por folhas, areia em seu fundo, onde se formam camadas que devem ser removidas periodicamente, evitando que estes componentes escoam livremente pela rede, podendo obstruir a mesma.;Utilizada em sistema de esgoto residencial, comercial e industrial, coletando resíduos provenientes de água superficial, calçadas, terreno, horta e destinando ao sistema de coleta pluvial do município.;"* Material: PVC rígido (Policloreto de Vinila)
*Processo Injeção.
*Cor: Cinza.
*Capacidade: armazena aprox. 7,5l no
fundo da caixa.
*Grelha para tráfego: 500kg.
* Formato Tampa: Quadrado para facilitar
a instalação de acabamentos,
acompanha tela anti-mosquito.
*3 entradas em bolsa soldável bitola de
100mm e 1 saída em ponta 100mm.
*Tamanho (diâmetro): 300mm
*Temperatura: 45°";"*ABNT NBR 10844
*ABNT NBR 5688";"* Facilidade de instalação.
*Leve.
*Resistente.
*Segura .
*Estanque.
*Ajustável.
*Protegida.";CAIXA DE AREIA DN300;CAIXAS DE GORDURA;ESGOTO;PC;Caixas;360.0;340.0;360.0;1.0;3917.40.90;7897801320450;17897801320457;27897801320454;CAIXA DE AREIA DN300;;False;300.0;;0.36;0.36;300.0
1484;CAIXA COLETORA DE AGUA PLUVIAL DN300;CAIXAS DE GORDURA;Responsável por permitir a inspeção, limpeza, desobstrução, junção, mudanças de declividade e/ou direção das tubulações dos sistemas pluviais/água da chuva.;Utilizada em sistema água pluvial residencial, comercial ou industrial, coletando líquidos de água superficial como: jardim, calçadas, terreno, calhas e destinando ao sistema de coleta pluvial urbano.;"* Material: PVC rígido (Policloreto de Vinila)
*Processo Injeção.
*Cor: Cinza.
*Capacidade: não armazena água, pois seu
fundo possui declividade para dar vazão
aos líquidos.
*Tampa para tráfego: 500kg.
* Formato Tampa: Quadrado para facilitar
a instalação de acabamentos.
*3 entradas em bolsa soldável bitola de
100mm e 1 saída em ponta 100mm.
*Tamanho (diâmetro): 300mm
*Temperatura: 45°";"* ABNT NBR 10844
*ABNT NBR 5688";"* Facilidade de instalação.
*Leve.
*Resistente.
*Segura .
*Estanque.
* Ajustável.
*Protegida.";CAIXA COLETORA DE AGUA PLUVIAL DN300;CAIXAS DE GORDURA;ESGOTO;PC;Caixas;37.0;17.0;37.0;1.0;3917.40.90;7897801320467;17897801320464;27897801320461;CAIXA COLETORA DE AGUA PLUVIAL DN300;;False;300.0;;0.037;0.037;300.0
1485;PROLONGADOR DN300;CAIXAS DE GORDURA;;;;;;PROLONGADOR DN300;CAIXAS DE GORDURA;ESGOTO;PC;Caixas;300.0;210.0;300.0;2.0;3917.40.90;7897801320597;17897801320594;27897801320591;PROLONGADOR DN300;;False;300.0;;0.3;0.3;300.0
1486;KIT TAMPA DN 300;CAIXAS DE GORDURA;;;;;;KIT TAMPA DN 300;CAIXAS DE GORDURA;ESGOTO;PC;CAIXAS;320.0;320.0;42.0;1.0;3917.40.90;7897801321433;17897801321430;27897801321437;KIT TAMPA DN 300;TAMPA;False;300.0;;0.32;0.32;300.0
1487;KIT GRELHA DN 300;CAIXAS DE GORDURA;;;;;;KIT GRELHA DN 300;CAIXAS DE GORDURA;ESGOTO;PC;CAIXAS;320.0;320.0;42.0;1.0;3917.40.90;7897801321440;17897801321447;27897801321444;KIT GRELHA DN 300;;False;300.0;;0.32;0.32;300.0
1488;KIT PORTA-TAMPA/GRELHA DN 300;CAIXAS DE GORDURA;Destinada a recolher e conduzir águas superficiais bem como permitir deposição de detritos por folhas, areia em seu fundo, onde se formam camadas que devem ser removidas periodicamente, evitando que estes componentes escoam livremente pela rede, podendo obstruir a mesma.;Utilizada em sistema de esgoto residencial, comercial e industrial, coletando resíduos provenientes de água superficial, calçadas, terreno, horta e destinando ao sistema de coleta pluvial do município.;"* Material: PVC rígido (Policloreto de Vinila)
*Processo Injeção.
*Cor: Cinza.
*Capacidade: armazena aprox. 7,5l no
fundo da caixa.
*Grelha para tráfego: 500kg.
* Formato Tampa: Quadrado para facilitar
a instalação de acabamentos,
acompanha tela anti-mosquito.
*3 entradas em bolsa soldável bitola de
100mm e 1 saída em ponta 100mm.
*Tamanho (diâmetro): 300mm
*Temperatura: 45°";"*ABNT NBR 10844
*ABNT NBR 5688";"* Facilidade de instalação.
*Leve.
*Resistente.
*Segura .
*Estanque.
*Ajustável.
*Protegida.";KIT PORTA-TAMPA/GRELHA DN 300;CAIXAS DE GORDURA;ESGOTO;PC;CAIXAS;277.0;277.0;441.0;1.0;3917.40.90;7897801321464;17897801321461;27897801321468;KIT PORTA - TAMPA GRELHA DN 300;TAMPA;False;300.0;;0.277;0.277;300.0
1489;KIT CESTO PARA CAIXA DE GORDURA;CAIXAS DE GORDURA;;;;;;KIT CESTO PARA CAIXA DE GORDURA;CAIXAS DE GORDURA;ESGOTO;PC;CAIXAS;360.0;360.0;65.0;1.0;3917.40.90;7897801321457;17897801321454;27897801321451;KIT CESTO PARA CAIXA DE GORDURA;;False;;;0.36;0.36;
149;TUBO PPR PN20 32MMX3M;TUBOS PPR;Os Tubos PN20 e PN25 são produzidos em PPR e sua instalação permite encaminhar água quente ou fria aos pontos de consumo;Utilizado em instalação de água quente residencial, comercial, industrial e pode ser embutida em parede de alvenaria, enterrada, parede oca (drywall) e instalações aparentes.;"*Material: Polipropileno Copolímero Random
PPR. 
*Material: Polipropileno Copolímero Random
PPR.";"*ABNT NBR 15813
○ Parte 1
○ Parte 2
○ Parte 3
*ABNT NBR 7198
* DIN 8077
*DIN 8078
*DIN 16962";"*Consulte a tabela de resistência química do
PPR disponível no catálogo técnico da linha.
*Fácil instalação. 
* Baixa condutividade térmica.
*Economia de energia.";TUBO PPR PN20 32MMX3M;TUBOS PPR;AQ;BR;Amarrados;3000.0;32.3;32.3;15.0;3917.22.90;7897801314138;17897801314135;27897801314132;TUBO PPR PN20 32MMX3M;TUBO;True;;;3.0;3.0;
1490;KIT TELA ANTI-INSETO CAIXA DE AREIA;CAIXAS DE GORDURA;;;;;;KIT TELA ANTI-INSETO CAIXA DE AREIA;CAIXAS DE GORDURA;ESGOTO;PC;CAIXAS;292.0;292.0;24.0;3.0;3917.40.90;7897801321471;17897801321478;27897801321475;KIT TELA ANTI - INSETO CAIXA DE AREIA;;False;;;0.292;0.292;
1499;ADAPTADOR TRANS F/F PPR 20X1/2;CONEXOES PPR;;;;;;ADAPTADOR TRANS F/F PPR 20X1/2;CONEXOES PPR;AQ;PC;Sacos;42.0;39.0;39.0;10.0;3917.40.90;7897801316712;17897801316719;27897801316716;ADAPTADOR TRANS F F PPR 20X1 2;ADAPTADOR;False;;;0.042;0.042;
150;TUBO PPR PN20 40MMX3M;TUBOS PPR;Os Tubos PN20 e PN25 são produzidos em PPR e sua instalação permite encaminhar água quente ou fria aos pontos de consumo;Utilizado em instalação de água quente residencial, comercial, industrial e pode ser embutida em parede de alvenaria, enterrada, parede oca (drywall) e instalações aparentes.;"*Material: Polipropileno Copolímero Random
PPR. 
*Material: Polipropileno Copolímero Random
PPR.";"*ABNT NBR 15813
○ Parte 1
○ Parte 2
○ Parte 3
*ABNT NBR 7198
* DIN 8077
*DIN 8078
*DIN 16962";"*Consulte a tabela de resistência química do
PPR disponível no catálogo técnico da linha.
*Fácil instalação. 
* Baixa condutividade térmica.
*Economia de energia.";TUBO PPR PN20 40MMX3M;TUBOS PPR;AQ;BR;Amarrados;3000.0;40.4;40.4;10.0;3917.22.90;7897801314145;17897801314142;27897801314149;TUBO PPR PN20 40MMX3M;TUBO;True;;;3.0;3.0;
1501;ADAPTADOR TRANS F/F PPR 25X1/2;CONEXOES PPR;;;;;;ADAPTADOR TRANS F/F PPR 25X1/2;CONEXOES PPR;AQ;PC;Sacos;43.0;40.0;40.0;10.0;3917.40.90;7897801314305;17897801314302;27897801314309;ADAPTADOR TRANS F F PPR 25X1 2;ADAPTADOR;False;;;0.043;0.043;
1502;ADAPTADOR TRANS F/F PPR 20X3/4;CONEXOES PPR;;;;;;ADAPTADOR TRANS F/F PPR 20X3/4;CONEXOES PPR;AQ;PC;Sacos;42.0;47.0;47.0;10.0;3917.40.90;7897801314312;17897801314319;27897801314316;ADAPTADOR TRANS F F PPR 20X3 4;ADAPTADOR;False;;;0.042;0.042;
1503;ADAPTADOR TRANS F/F PPR 25X3/4;CONEXOES PPR;;;;;;ADAPTADOR TRANS F/F PPR 25X3/4;CONEXOES PPR;AQ;PC;Sacos;44.0;47.0;47.0;10.0;3917.40.90;7897801314329;17897801314326;27897801314323;ADAPTADOR TRANS F F PPR 25X3 4;ADAPTADOR;False;;;0.044;0.044;
1504;ADAPTADOR TRANS F/F PPR 32X3/4;CONEXOES PPR;;;;;;ADAPTADOR TRANS F/F PPR 32X3/4;CONEXOES PPR;AQ;PC;Sacos;44.0;47.0;47.0;5.0;3917.40.90;7897801314336;17897801314333;27897801314330;ADAPTADOR TRANS F F PPR 32X3 4;ADAPTADOR;False;;;0.044;0.044;
1505;ADAPTADOR TRANS F/F PPR 32X1;CONEXOES PPR;;;;;;ADAPTADOR TRANS F/F PPR 32X1;CONEXOES PPR;AQ;PC;Sacos;56.0;56.0;56.0;5.0;3917.40.90;7897801314343;17897801314340;27897801314347;ADAPTADOR TRANS F F PPR 32X1;ADAPTADOR;False;;;0.056;0.056;
1506;ADAPTADOR TRANS F/F PPR 40X1.1/4;CONEXOES PPR;;;;;;ADAPTADOR TRANS F/F PPR 40X1.1/4;CONEXOES PPR;AQ;PC;Sacos;61.0;59.0;59.0;2.0;3917.40.90;7897801314350;17897801314357;27897801314354;ADAPTADOR TRANS F F PPR 40X1.1 4;ADAPTADOR;False;;;0.061;0.061;
1507;ADAPTADOR TRANS F/F PPR 50X1.1/2;CONEXOES PPR;;;;;;ADAPTADOR TRANS F/F PPR 50X1.1/2;CONEXOES PPR;AQ;PC;Sacos;67.0;80.0;80.0;2.0;3917.40.90;7897801314367;17897801314364;27897801314361;ADAPTADOR TRANS F F PPR 50X1.1 2;ADAPTADOR;False;;;0.067;0.067;
1508;ADAPTADOR TRANS F/F PPR 63X2;CONEXOES PPR;;;;;;ADAPTADOR TRANS F/F PPR 63X2;CONEXOES PPR;AQ;PC;Sacos;74.0;91.0;91.0;1.0;3917.40.90;7897801314374;17897801314371;27897801314378;ADAPTADOR TRANS F F PPR 63X2;ADAPTADOR;False;;;0.074;0.074;
1509;ADAPTADOR TRANS F/F PPR 75X2.1/2;CONEXOES PPR;;;;;;ADAPTADOR TRANS F/F PPR 75X2.1/2;CONEXOES PPR;AQ;PC;Sacos;116.0;116.0;69.0;1.0;3917.40.90;7897801315944;17897801315941;27897801315948;ADAPTADOR TRANS F F PPR 75X2.1 2;ADAPTADOR;False;;;0.116;0.116;
151;TUBO PPR PN20 50MMX3M;TUBOS PPR;Os Tubos PN20 e PN25 são produzidos em PPR e sua instalação permite encaminhar água quente ou fria aos pontos de consumo;Utilizado em instalação de água quente residencial, comercial, industrial e pode ser embutida em parede de alvenaria, enterrada, parede oca (drywall) e instalações aparentes.;"*Material: Polipropileno Copolímero Random
PPR. 
*Material: Polipropileno Copolímero Random
PPR.";"*ABNT NBR 15813
○ Parte 1
○ Parte 2
○ Parte 3
*ABNT NBR 7198
* DIN 8077
*DIN 8078
*DIN 16962";"*Consulte a tabela de resistência química do
PPR disponível no catálogo técnico da linha.
*Fácil instalação. 
* Baixa condutividade térmica.
*Economia de energia.";TUBO PPR PN20 50MMX3M;TUBOS PPR;AQ;BR;Amarrados;3000.0;50.5;50.5;5.0;3917.22.90;7897801314152;17897801314159;27897801314156;TUBO PPR PN20 50MMX3M;TUBO;True;;;3.0;3.0;
1510;ADAPTADOR TRANS F/F PPR 90X3;CONEXOES PPR;;;;;;ADAPTADOR TRANS F/F PPR 90X3;CONEXOES PPR;AQ;PC;Sacos;143.0;143.0;85.0;1.0;3917.40.90;7897801315951;17897801315958;27897801315955;ADAPTADOR TRANS F F PPR 90X3;ADAPTADOR;False;;;0.143;0.143;
1512;ADAPTADOR TRANS F/M PPR 20X1/2;CONEXOES PPR;;;;;;ADAPTADOR TRANS F/M PPR 20X1/2;CONEXOES PPR;AQ;PC;Sacos;38.0;38.0;55.0;10.0;3917.40.90;7897801314381;17897801314388;27897801314385;ADAPTADOR TRANS F M PPR 20X1 2;ADAPTADOR;False;;;0.038;0.038;
1513;ADAPTADOR TRANS F/M PPR 20X3/4;CONEXOES PPR;;;;;;ADAPTADOR TRANS F/M PPR 20X3/4;CONEXOES PPR;AQ;PC;Sacos;45.0;45.0;57.0;10.0;3917.40.90;7897801314398;17897801314395;27897801314392;ADAPTADOR TRANS F M PPR 20X3 4;ADAPTADOR;False;;;0.045;0.045;
1514;ADAPTADOR TRANS F/M PPR 25X1/2;CONEXOES PPR;;;;;;ADAPTADOR TRANS F/M PPR 25X1/2;CONEXOES PPR;AQ;PC;Sacos;40.0;40.0;56.0;10.0;3917.40.90;7897801314404;17897801314401;27897801314408;ADAPTADOR TRANS F M PPR 25X1 2;ADAPTADOR;False;;;0.04;0.04;
1515;ADAPTADOR TRANS F/M PPR 25X3/4;CONEXOES PPR;;;;;;ADAPTADOR TRANS F/M PPR 25X3/4;CONEXOES PPR;AQ;PC;Sacos;46.0;46.0;58.0;10.0;3917.40.90;7897801314411;17897801314418;27897801314415;ADAPTADOR TRANS F M PPR 25X3 4;ADAPTADOR;False;;;0.046;0.046;
1516;ADAPTADOR TRANS F/M PPR 32X3/4;CONEXOES PPR;;;;;;ADAPTADOR TRANS F/M PPR 32X3/4;CONEXOES PPR;AQ;PC;Sacos;44.0;44.0;59.0;5.0;3917.40.90;7897801314428;17897801314425;27897801314422;ADAPTADOR TRANS F M PPR 32X3 4;ADAPTADOR;False;;;0.044;0.044;
1517;ADAPTADOR TRANS F/M PPR 32X1;CONEXOES PPR;;;;;;ADAPTADOR TRANS F/M PPR 32X1;CONEXOES PPR;AQ;PC;Sacos;56.0;56.0;73.0;2.0;3917.40.90;7897801314435;17897801314432;27897801314439;ADAPTADOR TRANS F M PPR 32X1;ADAPTADOR;False;;;0.056;0.056;
1518;ADAPTADOR TRANS F/M PPR 40X1.1/4;CONEXOES PPR;;;;;;ADAPTADOR TRANS F/M PPR 40X1.1/4;CONEXOES PPR;AQ;PC;Sacos;69.0;69.0;81.0;2.0;3917.40.90;7897801314442;17897801314449;27897801314446;ADAPTADOR TRANS F M PPR 40X1.1 4;ADAPTADOR;False;;;0.069;0.069;
1519;ADAPTADOR TRANS F/M PPR 50X1.1/2;CONEXOES PPR;;;;;;ADAPTADOR TRANS F/M PPR 50X1.1/2;CONEXOES PPR;AQ;PC;Sacos;85.4;82.0;81.0;2.0;3917.40.90;7897801314459;17897801314456;27897801314453;ADAPTADOR TRANS F M PPR 50X1.1 2;ADAPTADOR;False;;;0.0854;0.0854;
152;TUBO PPR PN20 63MMX3M;TUBOS PPR;Os Tubos PN20 e PN25 são produzidos em PPR e sua instalação permite encaminhar água quente ou fria aos pontos de consumo;Utilizado em instalação de água quente residencial, comercial, industrial e pode ser embutida em parede de alvenaria, enterrada, parede oca (drywall) e instalações aparentes.;"*Material: Polipropileno Copolímero Random
PPR. 
*Material: Polipropileno Copolímero Random
PPR.";"*ABNT NBR 15813
○ Parte 1
○ Parte 2
○ Parte 3
*ABNT NBR 7198
* DIN 8077
*DIN 8078
*DIN 16962";"*Consulte a tabela de resistência química do
PPR disponível no catálogo técnico da linha.
*Fácil instalação. 
* Baixa condutividade térmica.
*Economia de energia.";TUBO PPR PN20 63MMX3M;TUBOS PPR;AQ;BR;Amarrados;3000.0;63.6;63.6;4.0;3917.22.90;7897801314169;17897801314166;27897801314163;TUBO PPR PN20 63MMX3M;TUBO;True;;;3.0;3.0;
1520;ADAPTADOR TRANS F/M PPR 63X2;CONEXOES PPR;;;;;;ADAPTADOR TRANS F/M PPR 63X2;CONEXOES PPR;AQ;PC;Sacos;99.0;99.0;99.0;1.0;3917.40.90;7897801314466;17897801314463;27897801314460;ADAPTADOR TRANS F M PPR 63X2;ADAPTADOR;False;;;0.099;0.099;
1521;ADAPTADOR TRANS F/M PPR 75X2 1.2;CONEXOES PPR;;;;;;ADAPTADOR TRANS F/M PPR 75X2 1.2;CONEXOES PPR;AQ;PC;Sacos;116.0;116.0;95.0;1.0;3917.40.90;7897801315975;17897801315972;27897801315979;ADAPTADOR TRANS F M PPR 75X2 1.2;ADAPTADOR;False;;;0.116;0.116;
1522;ADAPTADOR TRANS F/M PPR 90X3;CONEXOES PPR;;;;;;ADAPTADOR TRANS F/M PPR 90X3;CONEXOES PPR;AQ;PC;Sacos;143.0;143.0;117.0;1.0;3917.40.90;7897801315982;17897801315989;27897801315986;ADAPTADOR TRANS F M PPR 90X3;ADAPTADOR;False;;;0.143;0.143;
1524;BUCHA REDU M/F PPR 25X20MM;CONEXOES PPR;;;;;;BUCHA REDU M/F PPR 25X20MM;CONEXOES PPR;AQ;PC;Sacos;34.0;27.0;27.0;10.0;3917.40.90;7897801314473;17897801314470;27897801314477;BUCHA REDU M F PPR 25X20MM;BUCHA;False;;;0.034;0.034;
1525;BUCHA REDU M/F PPR 32X20MM;CONEXOES PPR;;;;;;BUCHA REDU M/F PPR 32X20MM;CONEXOES PPR;AQ;PC;Sacos;36.0;33.0;33.0;10.0;3917.40.90;7897801314480;17897801314487;27897801314484;BUCHA REDU M F PPR 32X20MM;BUCHA;False;;;0.036;0.036;
1526;BUCHA REDU M/F PPR 32X25MM;CONEXOES PPR;;;;;;BUCHA REDU M/F PPR 32X25MM;CONEXOES PPR;AQ;PC;Sacos;38.0;33.0;33.0;10.0;3917.40.90;7897801314497;17897801314494;27897801314491;BUCHA REDU M F PPR 32X25MM;BUCHA;False;;;0.038;0.038;
1527;BUCHA REDU M/F PPR 40X25MM;CONEXOES PPR;;;;;;BUCHA REDU M/F PPR 40X25MM;CONEXOES PPR;AQ;PC;Sacos;40.0;40.0;40.0;5.0;3917.40.90;7897801314503;17897801314500;27897801314507;BUCHA REDU M F PPR 40X25MM;BUCHA;False;;;0.04;0.04;
1528;BUCHA REDU M/F PPR 40X32MM;CONEXOES PPR;;;;;;BUCHA REDU M/F PPR 40X32MM;CONEXOES PPR;AQ;PC;Sacos;42.0;42.0;44.0;5.0;3917.40.90;7897801314510;17897801314517;27897801314514;BUCHA REDU M F PPR 40X32MM;BUCHA;False;;;0.042;0.042;
1529;BUCHA REDU M/F PPR 50X25MM;CONEXOES PPR;;;;;;BUCHA REDU M/F PPR 50X25MM;CONEXOES PPR;AQ;PC;Sacos;51.0;47.0;51.0;2.0;3917.40.90;7897801314527;17897801314524;27897801314521;BUCHA REDU M F PPR 50X25MM;BUCHA;False;;;0.051;0.051;
153;TUBO PPR PN20 75MMX3M;TUBOS PPR;Os Tubos PN20 e PN25 são produzidos em PPR e sua instalação permite encaminhar água quente ou fria aos pontos de consumo;Utilizado em instalação de água quente residencial, comercial, industrial e pode ser embutida em parede de alvenaria, enterrada, parede oca (drywall) e instalações aparentes.;"*Material: Polipropileno Copolímero Random
PPR. 
*Material: Polipropileno Copolímero Random
PPR.";"*ABNT NBR 15813
○ Parte 1
○ Parte 2
○ Parte 3
*ABNT NBR 7198
* DIN 8077
*DIN 8078
*DIN 16962";"*Consulte a tabela de resistência química do
PPR disponível no catálogo técnico da linha.
*Fácil instalação. 
* Baixa condutividade térmica.
*Economia de energia.";TUBO PPR PN20 75MMX3M;TUBOS PPR;AQ;BR;Amarrados;3000.0;75.7;75.7;3.0;3917.22.90;7897801314176;17897801314173;27897801314170;TUBO PPR PN20 75MMX3M;TUBO;True;;;3.0;3.0;
1530;BUCHA REDU M/F PPR 50X32MM;CONEXOES PPR;;;;;;BUCHA REDU M/F PPR 50X32MM;CONEXOES PPR;AQ;PC;Sacos;46.0;51.0;51.0;2.0;3917.40.90;7897801314534;17897801314531;27897801314538;BUCHA REDU M F PPR 50X32MM;BUCHA;False;;;0.046;0.046;
1531;BUCHA REDU M/F PPR 50X40MM;CONEXOES PPR;;;;;;BUCHA REDU M/F PPR 50X40MM;CONEXOES PPR;AQ;PC;Sacos;50.0;52.0;52.0;2.0;3917.40.90;7897801314541;17897801314548;27897801314545;BUCHA REDU M F PPR 50X40MM;BUCHA;False;;;0.05;0.05;
1532;BUCHA REDU M/F PPR 63X40MM;CONEXOES PPR;;;;;;BUCHA REDU M/F PPR 63X40MM;CONEXOES PPR;AQ;PC;Sacos;52.0;65.0;65.0;1.0;3917.40.90;7897801314558;17897801314555;27897801314552;BUCHA REDU M F PPR 63X40MM;BUCHA;False;;;0.052;0.052;
1533;BUCHA REDU M/F PPR 63X50MM;CONEXOES PPR;;;;;;BUCHA REDU M/F PPR 63X50MM;CONEXOES PPR;AQ;PC;Sacos;58.0;65.0;65.0;1.0;3917.40.90;7897801314565;17897801314562;27897801314569;BUCHA REDU M F PPR 63X50MM;BUCHA;False;;;0.058;0.058;
1534;BUCHA REDU M/F PPR 75X50MM;CONEXOES PPR;;;;;;BUCHA REDU M/F PPR 75X50MM;CONEXOES PPR;AQ;PC;Sacos;37.0;25.0;34.0;1.0;3917.40.90;7897801314572;17897801314579;27897801314576;BUCHA REDU M F PPR 75X50MM;BUCHA;False;;;0.037;0.037;
1535;BUCHA REDU M/F PPR 75X63MM;CONEXOES PPR;;;;;;BUCHA REDU M/F PPR 75X63MM;CONEXOES PPR;AQ;PC;Sacos;84.0;84.0;69.0;1.0;3917.40.90;7897801314589;17897801314586;27897801314583;BUCHA REDU M F PPR 75X63MM;BUCHA;False;;;0.084;0.084;
1536;BUCHA REDU M/F PPR 90X63MM;CONEXOES PPR;;;;;;BUCHA REDU M/F PPR 90X63MM;CONEXOES PPR;AQ;PC;Sacos;37.0;345.0;265.0;1.0;3917.40.90;7897801314596;17897801314593;27897801314590;BUCHA REDU M F PPR 90X63MM;BUCHA;False;;;0.037;0.037;
1537;BUCHA REDU M/F PPR 90X75MM;CONEXOES PPR;;;;;;BUCHA REDU M/F PPR 90X75MM;CONEXOES PPR;AQ;PC;Sacos;79.0;101.0;101.0;1.0;3917.40.90;7897801314602;17897801314609;27897801314606;BUCHA REDU M F PPR 90X75MM;BUCHA;False;;;0.079;0.079;
1538;BUCHA REDU M/F PPR 110X75MM;CONEXOES PPR;;;;;;BUCHA REDU M/F PPR 110X75MM;CONEXOES PPR;AQ;PC;Sacos;76.0;111.0;111.0;1.0;3917.40.90;7897801314619;17897801314616;27897801314613;BUCHA REDU M F PPR 110X75MM;BUCHA;False;;;0.076;0.076;
1539;BUCHA REDU M/F PPR 110X90MM;CONEXOES PPR;;;;;;BUCHA REDU M/F PPR 110X90MM;CONEXOES PPR;AQ;PC;Sacos;120.0;120.0;91.0;1.0;3917.40.90;7897801314626;17897801314623;27897801314620;BUCHA REDU M F PPR 110X90MM;BUCHA;False;;;0.12;0.12;
154;TUBO PPR PN20 90MMX3M;TUBOS PPR;Os Tubos PN20 e PN25 são produzidos em PPR e sua instalação permite encaminhar água quente ou fria aos pontos de consumo;Utilizado em instalação de água quente residencial, comercial, industrial e pode ser embutida em parede de alvenaria, enterrada, parede oca (drywall) e instalações aparentes.;"*Material: Polipropileno Copolímero Random
PPR. 
*Material: Polipropileno Copolímero Random
PPR.";"*ABNT NBR 15813
○ Parte 1
○ Parte 2
○ Parte 3
*ABNT NBR 7198
* DIN 8077
*DIN 8078
*DIN 16962";"*Consulte a tabela de resistência química do
PPR disponível no catálogo técnico da linha.
*Fácil instalação. 
* Baixa condutividade térmica.
*Economia de energia.";TUBO PPR PN20 90MMX3M;TUBOS PPR;AQ;BR;Amarrados;3000.0;90.9;90.9;2.0;3917.22.90;7897801314183;17897801314180;27897801314187;TUBO PPR PN20 90MMX3M;TUBO;True;;;3.0;3.0;
1540;CAP PPR 20MM;CONEXOES PPR;;;;;;CAP PPR 20MM;CONEXOES PPR;AQ;PC;Sacos;23.0;26.0;26.0;10.0;3917.40.90;7897801314633;17897801314630;27897801314637;CAP PPR 20MM;CAP;False;20.0;;0.023;0.023;20.0
1541;CAP PPR 25MM;CONEXOES PPR;;;;;;CAP PPR 25MM;CONEXOES PPR;AQ;PC;Sacos;27.0;33.0;33.0;10.0;3917.40.90;7897801314640;17897801314647;27897801314644;CAP PPR 25MM;CAP;False;25.0;;0.027;0.027;25.0
1542;CAP PPR 32MM;CONEXOES PPR;;;;;;CAP PPR 32MM;CONEXOES PPR;AQ;PC;Sacos;32.0;42.0;42.0;10.0;3917.40.90;7897801314657;17897801314654;27897801314651;CAP PPR 32MM;CAP;False;32.0;;0.032;0.032;32.0
1543;CAP PPR 40MM;CONEXOES PPR;;;;;;CAP PPR 40MM;CONEXOES PPR;AQ;PC;Sacos;36.0;53.0;53.0;5.0;3917.40.90;7897801314664;17897801314661;27897801314668;CAP PPR 40MM;CAP;False;40.0;;0.036;0.036;40.0
1544;CAP PPR 50MM;CONEXOES PPR;;;;;;CAP PPR 50MM;CONEXOES PPR;AQ;PC;Sacos;41.0;66.0;66.0;2.0;3917.40.90;7897801314671;17897801314678;27897801314675;CAP PPR 50MM;CAP;False;50.0;;0.041;0.041;50.0
1545;CAP PPR 63MM;CONEXOES PPR;;;;;;CAP PPR 63MM;CONEXOES PPR;AQ;PC;Sacos;85.0;85.0;50.0;1.0;3917.40.90;7897801314688;17897801314685;27897801314682;CAP PPR 63MM;CAP;False;63.0;;0.085;0.085;63.0
1546;CAP PPR 75MM;CONEXOES PPR;;;;;;CAP PPR 75MM;CONEXOES PPR;AQ;PC;Sacos;50.0;100.0;100.0;1.0;3917.40.90;7897801314695;17897801314692;27897801314699;CAP PPR 75MM;CAP;False;75.0;;0.05;0.05;75.0
1547;CAP PPR 90MM;CONEXOES PPR;;;;;;CAP PPR 90MM;CONEXOES PPR;AQ;PC;Sacos;52.0;120.0;120.0;1.0;3917.40.90;7897801314701;17897801314708;27897801314705;CAP PPR 90MM;CAP;False;90.0;;0.052;0.052;90.0
1548;CAP PPR 110MM;CONEXOES PPR;;;;;;CAP PPR 110MM;CONEXOES PPR;AQ;PC;Sacos;63.0;147.0;147.0;1.0;3917.40.90;7897801314718;17897801314715;27897801314712;CAP PPR 110MM;CAP;False;110.0;;0.063;0.063;110.0
1549;CURVA 90 F/F PPR 20MM;CONEXOES PPR;;;;;;CURVA 90 F/F PPR 20MM;CONEXOES PPR;AQ;PC;Sacos;26.0;37.0;101.0;10.0;3917.40.90;7897801314725;17897801314722;27897801314729;CURVA 90 F F PPR 20MM;JOELHO;False;20.0;;0.026;0.026;20.0
155;TUBO PPR PN20 110MMX3M;TUBOS PPR;Os Tubos PN20 e PN25 são produzidos em PPR e sua instalação permite encaminhar água quente ou fria aos pontos de consumo;Utilizado em instalação de água quente residencial, comercial, industrial e pode ser embutida em parede de alvenaria, enterrada, parede oca (drywall) e instalações aparentes.;"*Material: Polipropileno Copolímero Random
PPR. 
*Material: Polipropileno Copolímero Random
PPR.";"*ABNT NBR 15813
○ Parte 1
○ Parte 2
○ Parte 3
*ABNT NBR 7198
* DIN 8077
*DIN 8078
*DIN 16962";"*Consulte a tabela de resistência química do
PPR disponível no catálogo técnico da linha.
*Fácil instalação. 
* Baixa condutividade térmica.
*Economia de energia.";TUBO PPR PN20 110MMX3M;TUBOS PPR;AQ;BR;Amarrados;3000.0;11.4;11.4;1.0;3917.22.90;7897801314190;17897801314197;27897801314194;TUBO PPR PN20 110MMX3M;TUBO;True;;;3.0;3.0;
1550;CURVA 90 F/F PPR 25MM;CONEXOES PPR;;;;;;CURVA 90 F/F PPR 25MM;CONEXOES PPR;AQ;PC;Sacos;46.0;34.0;117.0;10.0;3917.40.90;7897801314732;17897801314739;27897801314736;CURVA 90 F F PPR 25MM;JOELHO;False;25.0;;0.046;0.046;25.0
1551;CURVA 90 F/F PPR 32MM;CONEXOES PPR;;;;;;CURVA 90 F/F PPR 32MM;CONEXOES PPR;AQ;PC;Sacos;43.0;60.0;140.0;10.0;3917.40.90;7897801314749;17897801314746;27897801314743;CURVA 90 F F PPR 32MM;JOELHO;False;32.0;;0.043;0.043;32.0
1552;CURVA TRANSP F/F PPR 20MM;CONEXOES PPR;Transpõe uma instalação em determinado ponto que que a mesma cruza com outra instalação.;Utilizado em instalação de água quente residencial, comercial, industrial e pode ser embutida em parede de alvenaria, enterrada, parede oca (drywall) e instalações aparentes.;"*Material: Polipropileno Copolímero Random
PPR. 
*Temperatura x Pressão Nominal:";"*ABNT NBR 15813
○ Parte 1
○ Parte 2
○ Parte 3
*ABNT NBR 7198
* DIN 8077
*DIN 8078
*DIN 16962";"*Consulte a tabela de resistência química do
PPR disponível no catálogo técnico da linha.
*Fácil instalação
* Baixa condutividade térmica. 
*Economia de energia.";CURVA TRANSP F/F PPR 20MM;CONEXOES PPR;AQ;PC;Sacos;35.0;53.0;127.0;10.0;3917.40.90;7897801314756;17897801314753;27897801314750;CURVA TRANSP F F PPR 20MM;JOELHO;False;20.0;;0.035;0.035;20.0
1553;CURVA TRANSP F/F PPR 25MM;CONEXOES PPR;Transpõe uma instalação em determinado ponto que que a mesma cruza com outra instalação.;Utilizado em instalação de água quente residencial, comercial, industrial e pode ser embutida em parede de alvenaria, enterrada, parede oca (drywall) e instalações aparentes.;"*Material: Polipropileno Copolímero Random
PPR. 
*Temperatura x Pressão Nominal:";"*ABNT NBR 15813
○ Parte 1
○ Parte 2
○ Parte 3
*ABNT NBR 7198
* DIN 8077
*DIN 8078
*DIN 16962";"*Consulte a tabela de resistência química do
PPR disponível no catálogo técnico da linha.
*Fácil instalação
* Baixa condutividade térmica. 
*Economia de energia.";CURVA TRANSP F/F PPR 25MM;CONEXOES PPR;AQ;PC;Sacos;35.0;59.0;127.0;10.0;3917.40.90;7897801314763;17897801314760;27897801314767;CURVA TRANSP F F PPR 25MM;JOELHO;False;25.0;;0.035;0.035;25.0
1554;CURVA TRANSP F/F PPR 32MM;CONEXOES PPR;Transpõe uma instalação em determinado ponto que que a mesma cruza com outra instalação.;Utilizado em instalação de água quente residencial, comercial, industrial e pode ser embutida em parede de alvenaria, enterrada, parede oca (drywall) e instalações aparentes.;"*Material: Polipropileno Copolímero Random
PPR. 
*Temperatura x Pressão Nominal:";"*ABNT NBR 15813
○ Parte 1
○ Parte 2
○ Parte 3
*ABNT NBR 7198
* DIN 8077
*DIN 8078
*DIN 16962";"*Consulte a tabela de resistência química do
PPR disponível no catálogo técnico da linha.
*Fácil instalação
* Baixa condutividade térmica. 
*Economia de energia.";CURVA TRANSP F/F PPR 32MM;CONEXOES PPR;AQ;PC;Sacos;43.0;65.0;164.0;10.0;3917.40.90;7897801314770;17897801314777;27897801314774;CURVA TRANSP F F PPR 32MM;JOELHO;False;32.0;;0.043;0.043;32.0
1555;JOELHO 45 F/F PPR 20MM;CONEXOES PPR;;;;;;JOELHO 45 F/F PPR 20MM;CONEXOES PPR;AQ;PC;Sacos;37.0;28.0;45.0;10.0;3917.40.90;7897801314787;17897801314784;27897801314781;JOELHO 45 F F PPR 20MM;JOELHO;False;20.0;;0.037;0.037;20.0
1556;JOELHO 45 F/F PPR 25MM;CONEXOES PPR;;;;;;JOELHO 45 F/F PPR 25MM;CONEXOES PPR;AQ;PC;Sacos;44.0;35.0;51.0;10.0;3917.40.90;7897801314794;17897801314791;27897801314798;JOELHO 45 F F PPR 25MM;JOELHO;False;25.0;;0.044;0.044;25.0
1557;JOELHO 45 F/F PPR 32MM;CONEXOES PPR;;;;;;JOELHO 45 F/F PPR 32MM;CONEXOES PPR;AQ;PC;Sacos;42.0;50.0;61.0;10.0;3917.40.90;7897801314800;17897801314807;27897801314804;JOELHO 45 F F PPR 32MM;JOELHO;False;32.0;;0.042;0.042;32.0
1558;JOELHO 45 F/F PPR 40MM;CONEXOES PPR;;;;;;JOELHO 45 F/F PPR 40MM;CONEXOES PPR;AQ;PC;Sacos;54.0;67.0;74.0;5.0;3917.40.90;7897801314817;17897801314814;27897801314811;JOELHO 45 F F PPR 40MM;JOELHO;False;40.0;;0.054;0.054;40.0
1559;JOELHO 45 F/F PPR 50MM;CONEXOES PPR;;;;;;JOELHO 45 F/F PPR 50MM;CONEXOES PPR;AQ;PC;Sacos;68.0;80.0;93.0;2.0;3917.40.90;7897801314824;17897801314821;27897801314828;JOELHO 45 F F PPR 50MM;JOELHO;False;50.0;;0.068;0.068;50.0
156;TUBO PPR PN25 20MMX3M;TUBOS PPR;Os Tubos PN20 e PN25 são produzidos em PPR e sua instalação permite encaminhar água quente ou fria aos pontos de consumo;Utilizado em instalação de água quente residencial, comercial, industrial e pode ser embutida em parede de alvenaria, enterrada, parede oca (drywall) e instalações aparentes.;"*Material: Polipropileno Copolímero Random
PPR. 
*Material: Polipropileno Copolímero Random
PPR.";"*ABNT NBR 15813
○ Parte 1
○ Parte 2
○ Parte 3
*ABNT NBR 7198
* DIN 8077
*DIN 8078
*DIN 16962";"*Consulte a tabela de resistência química do
PPR disponível no catálogo técnico da linha.
*Fácil instalação. 
* Baixa condutividade térmica.
*Economia de energia.";TUBO PPR PN25 20MMX3M;TUBOS PPR;AQ;BR;Amarrados;3000.0;20.3;20.3;30.0;3917.22.90;7897801314206;17897801314203;27897801314200;TUBO PPR PN25 20MMX3M;TUBO;True;;;3.0;3.0;
1560;JOELHO 45 F/F PPR 63MM;CONEXOES PPR;;;;;;JOELHO 45 F/F PPR 63MM;CONEXOES PPR;AQ;PC;Sacos;86.0;95.0;112.0;1.0;3917.40.90;7897801314831;17897801314838;27897801314835;JOELHO 45 F F PPR 63MM;JOELHO;False;63.0;;0.086;0.086;63.0
1561;JOELHO 45 F/F PPR 75MM;CONEXOES PPR;;;;;;JOELHO 45 F/F PPR 75MM;CONEXOES PPR;AQ;PC;Sacos;115.0;127.0;102.0;1.0;3917.40.90;7897801314848;17897801314845;27897801314842;JOELHO 45 F F PPR 75MM;JOELHO;False;75.0;;0.115;0.115;75.0
1562;JOELHO 45 F/F PPR 90MM;CONEXOES PPR;;;;;;JOELHO 45 F/F PPR 90MM;CONEXOES PPR;AQ;PC;Sacos;144.0;148.0;122.0;1.0;3917.40.90;7897801314855;17897801314852;27897801314859;JOELHO 45 F F PPR 90MM;JOELHO;False;90.0;;0.144;0.144;90.0
1563;JOELHO 45 F/F PPR 110MM;CONEXOES PPR;;;;;;JOELHO 45 F/F PPR 110MM;CONEXOES PPR;AQ;PC;Sacos;180.0;170.0;150.0;1.0;3917.40.90;7897801314862;17897801314869;27897801314866;JOELHO 45 F F PPR 110MM;JOELHO;False;110.0;;0.18;0.18;110.0
1564;JOELHO 45 F/M PPR 20MM;CONEXOES PPR;;;;;;JOELHO 45 F/M PPR 20MM;CONEXOES PPR;AQ;PC;Sacos;36.0;27.0;42.0;10.0;3917.40.90;7897801314879;17897801314876;27897801314873;JOELHO 45 F M PPR 20MM;JOELHO;False;20.0;;0.036;0.036;20.0
1565;JOELHO 45 F/M PPR 25MM;CONEXOES PPR;;;;;;JOELHO 45 F/M PPR 25MM;CONEXOES PPR;AQ;PC;Sacos;33.0;43.0;52.0;10.0;3917.40.90;7897801314886;17897801314883;27897801314880;JOELHO 45 F M PPR 25MM;JOELHO;False;25.0;;0.033;0.033;25.0
1566;JOELHO 90 F/F INS MET PPR 20X1/2;CONEXOES PPR;;;;;;JOELHO 90 F/F INS MET PPR 20X1/2;CONEXOES PPR;AQ;PC;Sacos;38.0;44.0;46.0;10.0;3917.40.90;7897801314893;17897801314890;27897801314897;JOELHO 90 F F INS MET PPR 20X1 2;JOELHO;False;;;0.038;0.038;
1567;JOELHO 90 F/F INS MET PPR 25X3/4;CONEXOES PPR;;;;;;JOELHO 90 F/F INS MET PPR 25X3/4;CONEXOES PPR;AQ;PC;Sacos;45.0;51.0;55.0;5.0;3917.40.90;7897801314909;17897801314906;27897801314903;JOELHO 90 F F INS MET PPR 25X3 4;JOELHO;False;;;0.045;0.045;
1568;JOELHO 90 F/F INS MET PPR 32X3/4;CONEXOES PPR;;;;;;JOELHO 90 F/F INS MET PPR 32X3/4;CONEXOES PPR;AQ;PC;Sacos;57.0;65.0;47.0;5.0;3917.40.90;7897801314916;17897801314913;27897801314910;JOELHO 90 F F INS MET PPR 32X3 4;JOELHO;False;;;0.057;0.057;
1569;JOELHO 90 F/F INS MET PPR 32X1;CONEXOES PPR;;;;;;JOELHO 90 F/F INS MET PPR 32X1;CONEXOES PPR;AQ;PC;Sacos;55.0;63.0;75.0;5.0;3917.40.90;7897801314923;17897801314920;27897801314927;JOELHO 90 F F INS MET PPR 32X1;JOELHO;False;;;0.055;0.055;
157;TUBO PPR PN25 25MMX3M;TUBOS PPR;Os Tubos PN20 e PN25 são produzidos em PPR e sua instalação permite encaminhar água quente ou fria aos pontos de consumo;Utilizado em instalação de água quente residencial, comercial, industrial e pode ser embutida em parede de alvenaria, enterrada, parede oca (drywall) e instalações aparentes.;"*Material: Polipropileno Copolímero Random
PPR. 
*Material: Polipropileno Copolímero Random
PPR.";"*ABNT NBR 15813
○ Parte 1
○ Parte 2
○ Parte 3
*ABNT NBR 7198
* DIN 8077
*DIN 8078
*DIN 16962";"*Consulte a tabela de resistência química do
PPR disponível no catálogo técnico da linha.
*Fácil instalação. 
* Baixa condutividade térmica.
*Economia de energia.";TUBO PPR PN25 25MMX3M;TUBOS PPR;AQ;BR;Amarrados;3000.0;25.3;25.3;25.0;3917.22.90;7897801314213;17897801314210;27897801314217;TUBO PPR PN25 25MMX3M;TUBO;True;;;3.0;3.0;
1570;JOELHO 90 F/F PPR 20MM;CONEXOES PPR;;;;;;JOELHO 90 F/F PPR 20MM;CONEXOES PPR;AQ;PC;Sacos;28.0;40.0;40.0;10.0;3917.40.90;7897801314930;17897801314937;27897801314934;JOELHO 90 F F PPR 20MM;JOELHO;False;20.0;;0.028;0.028;20.0
1571;JOELHO 90 F/F PPR 25MM;CONEXOES PPR;;;;;;JOELHO 90 F/F PPR 25MM;CONEXOES PPR;AQ;PC;Sacos;47.0;47.0;33.0;10.0;3917.40.90;7897801314947;17897801314944;27897801314941;JOELHO 90 F F PPR 25MM;JOELHO;False;25.0;;0.047;0.047;25.0
1572;JOELHO 90 F/F PPR 32MM;CONEXOES PPR;;;;;;JOELHO 90 F/F PPR 32MM;CONEXOES PPR;AQ;PC;Sacos;43.0;58.0;58.0;10.0;3917.40.90;7897801314954;17897801314951;27897801314958;JOELHO 90 F F PPR 32MM;JOELHO;False;32.0;;0.043;0.043;32.0
1573;JOELHO 90 F/F PPR 40MM;CONEXOES PPR;;;;;;JOELHO 90 F/F PPR 40MM;CONEXOES PPR;AQ;PC;Sacos;53.0;69.0;69.0;5.0;3917.40.90;7897801314961;17897801314968;27897801314965;JOELHO 90 F F PPR 40MM;JOELHO;False;40.0;;0.053;0.053;40.0
1574;JOELHO 90 F/F PPR 50MM;CONEXOES PPR;;;;;;JOELHO 90 F/F PPR 50MM;CONEXOES PPR;AQ;PC;Sacos;68.0;88.0;88.0;2.0;3917.40.90;7897801314978;17897801314975;27897801314972;JOELHO 90 F F PPR 50MM;JOELHO;False;50.0;;0.068;0.068;50.0
1575;JOELHO 90 F/F PPR 63MM;CONEXOES PPR;;;;;;JOELHO 90 F/F PPR 63MM;CONEXOES PPR;AQ;PC;Sacos;85.0;105.0;105.0;1.0;3917.40.90;7897801314985;17897801314982;27897801314989;JOELHO 90 F F PPR 63MM;JOELHO;False;63.0;;0.085;0.085;63.0
1576;JOELHO 90 F/F PPR 75MM;CONEXOES PPR;;;;;;JOELHO 90 F/F PPR 75MM;CONEXOES PPR;AQ;PC;Sacos;121.0;102.0;102.0;1.0;3917.40.90;7897801314992;17897801314999;27897801314996;JOELHO 90 F F PPR 75MM;JOELHO;False;75.0;;0.121;0.121;75.0
1577;JOELHO 90 F/F PPR 90MM;CONEXOES PPR;;;;;;JOELHO 90 F/F PPR 90MM;CONEXOES PPR;AQ;PC;Sacos;123.0;142.0;142.0;1.0;3917.40.90;7897801315005;17897801315002;27897801315009;JOELHO 90 F F PPR 90MM;JOELHO;False;90.0;;0.123;0.123;90.0
1578;JOELHO 90 F/F PPR 110MM;CONEXOES PPR;;;;;;JOELHO 90 F/F PPR 110MM;CONEXOES PPR;AQ;PC;Sacos;170.0;170.0;148.0;1.0;3917.40.90;7897801315012;17897801315019;27897801315016;JOELHO 90 F F PPR 110MM;JOELHO;False;110.0;;0.17;0.17;110.0
1579;JOELHO 90 F/M INS MET PPR 20X1/2;CONEXOES PPR;;;;;;JOELHO 90 F/M INS MET PPR 20X1/2;CONEXOES PPR;AQ;PC;Sacos;38.0;43.0;59.0;10.0;3917.40.90;7897801315029;17897801315026;27897801315023;JOELHO 90 F M INS MET PPR 20X1 2;JOELHO;False;;;0.038;0.038;
158;TUBO PPR PN25 32MMX3M;TUBOS PPR;Os Tubos PN20 e PN25 são produzidos em PPR e sua instalação permite encaminhar água quente ou fria aos pontos de consumo;Utilizado em instalação de água quente residencial, comercial, industrial e pode ser embutida em parede de alvenaria, enterrada, parede oca (drywall) e instalações aparentes.;"*Material: Polipropileno Copolímero Random
PPR. 
*Material: Polipropileno Copolímero Random
PPR.";"*ABNT NBR 15813
○ Parte 1
○ Parte 2
○ Parte 3
*ABNT NBR 7198
* DIN 8077
*DIN 8078
*DIN 16962";"*Consulte a tabela de resistência química do
PPR disponível no catálogo técnico da linha.
*Fácil instalação. 
* Baixa condutividade térmica.
*Economia de energia.";TUBO PPR PN25 32MMX3M;TUBOS PPR;AQ;BR;Amarrados;3000.0;32.3;32.3;15.0;3917.22.90;7897801314220;17897801314227;27897801314224;TUBO PPR PN25 32MMX3M;TUBO;True;;;3.0;3.0;
1580;JOELHO 90 F/M INS MET PPR 25X3/4;CONEXOES PPR;;;;;;JOELHO 90 F/M INS MET PPR 25X3/4;CONEXOES PPR;AQ;PC;Sacos;46.0;70.0;52.0;10.0;3917.40.90;7897801315036;17897801315033;27897801315030;JOELHO 90 F M INS MET PPR 25X3 4;JOELHO;False;;;0.046;0.046;
1581;JOELHO 90 F/M INS MET PPR 32X3/4;CONEXOES PPR;;;;;;JOELHO 90 F/M INS MET PPR 32X3/4;CONEXOES PPR;AQ;PC;Sacos;47.0;57.0;80.0;5.0;3917.40.90;7897801315043;17897801315040;27897801315047;JOELHO 90 F M INS MET PPR 32X3 4;JOELHO;False;;;0.047;0.047;
1582;JOELHO 90 F/M INS MET PPR 32X1;CONEXOES PPR;;;;;;JOELHO 90 F/M INS MET PPR 32X1;CONEXOES PPR;AQ;PC;Sacos;65.0;57.0;92.0;5.0;3917.40.90;7897801315050;17897801315057;27897801315054;JOELHO 90 F M INS MET PPR 32X1;JOELHO;False;;;0.065;0.065;
1583;JOELHO 90 F/M PPR 20MM;CONEXOES PPR;;;;;;JOELHO 90 F/M PPR 20MM;CONEXOES PPR;AQ;PC;Sacos;28.0;39.0;43.0;10.0;3917.40.90;7897801315067;17897801315064;27897801315061;JOELHO 90 F M PPR 20MM;JOELHO;False;20.0;;0.028;0.028;20.0
1584;JOELHO 90 F/M PPR 25MM;CONEXOES PPR;;;;;;JOELHO 90 F/M PPR 25MM;CONEXOES PPR;AQ;PC;Sacos;46.0;52.0;34.0;10.0;3917.40.90;7897801315074;17897801315071;27897801315078;JOELHO 90 F M PPR 25MM;JOELHO;False;25.0;;0.046;0.046;25.0
1585;JOELHO 90 F/M PPR 32MM;CONEXOES PPR;;;;;;JOELHO 90 F/M PPR 32MM;CONEXOES PPR;AQ;PC;Sacos;40.0;55.0;63.0;10.0;3917.40.90;7897801315081;17897801315088;27897801315085;JOELHO 90 F M PPR 32MM;JOELHO;False;32.0;;0.04;0.04;32.0
1586;LUVA REDU F/F PPR 25X20MM;CONEXOES PPR;;;;;;LUVA REDU F/F PPR 25X20MM;CONEXOES PPR;AQ;PC;Sacos;38.0;33.0;33.0;10.0;3917.40.90;7897801315098;17897801315095;27897801315092;LUVA REDU F F PPR 25X20MM;LUVA;False;;;0.038;0.038;
1587;LUVA REDU F/F PPR 32X20MM;CONEXOES PPR;;;;;;LUVA REDU F/F PPR 32X20MM;CONEXOES PPR;AQ;PC;Sacos;40.0;43.0;43.0;10.0;3917.40.90;7897801315104;17897801315101;27897801315108;LUVA REDU F F PPR 32X20MM;LUVA;False;;;0.04;0.04;
1588;LUVA REDU F/F PPR 32X25MM;CONEXOES PPR;;;;;;LUVA REDU F/F PPR 32X25MM;CONEXOES PPR;AQ;PC;Sacos;41.0;43.0;43.0;10.0;3917.40.90;7897801315111;17897801315118;27897801315115;LUVA REDU F F PPR 32X25MM;LUVA;False;;;0.041;0.041;
1589;LUVA SIMPLES F/F PPR 20MM;CONEXOES PPR;;;;;;LUVA SIMPLES F/F PPR 20MM;CONEXOES PPR;AQ;PC;Sacos;35.0;27.0;27.0;10.0;3917.40.90;7897801315128;17897801315125;27897801315122;LUVA SIMPLES F F PPR 20MM;LUVA;False;20.0;;0.035;0.035;20.0
159;TUBO PPR PN25 40MMX3M;TUBOS PPR;Os Tubos PN20 e PN25 são produzidos em PPR e sua instalação permite encaminhar água quente ou fria aos pontos de consumo;Utilizado em instalação de água quente residencial, comercial, industrial e pode ser embutida em parede de alvenaria, enterrada, parede oca (drywall) e instalações aparentes.;"*Material: Polipropileno Copolímero Random
PPR. 
*Material: Polipropileno Copolímero Random
PPR.";"*ABNT NBR 15813
○ Parte 1
○ Parte 2
○ Parte 3
*ABNT NBR 7198
* DIN 8077
*DIN 8078
*DIN 16962";"*Consulte a tabela de resistência química do
PPR disponível no catálogo técnico da linha.
*Fácil instalação. 
* Baixa condutividade térmica.
*Economia de energia.";TUBO PPR PN25 40MMX3M;TUBOS PPR;AQ;BR;Amarrados;3000.0;40.4;40.4;10.0;3917.22.90;7897801314237;17897801314234;27897801314231;TUBO PPR PN25 40MMX3M;TUBO;True;;;3.0;3.0;
1590;LUVA SIMPLES F/F PPR 25MM;CONEXOES PPR;;;;;;LUVA SIMPLES F/F PPR 25MM;CONEXOES PPR;AQ;PC;Sacos;33.0;33.0;37.0;10.0;3917.40.90;7897801315135;17897801315132;27897801315139;LUVA SIMPLES F F PPR 25MM;LUVA;False;25.0;;0.033;0.033;25.0
1591;LUVA SIMPLES F/F PPR 32MM;CONEXOES PPR;;;;;;LUVA SIMPLES F/F PPR 32MM;CONEXOES PPR;AQ;PC;Sacos;42.0;45.0;45.0;10.0;3917.40.90;7897801315142;17897801315149;27897801315146;LUVA SIMPLES F F PPR 32MM;LUVA;False;32.0;;0.042;0.042;32.0
1592;LUVA SIMPLES F/F PPR 40MM;CONEXOES PPR;;;;;;LUVA SIMPLES F/F PPR 40MM;CONEXOES PPR;AQ;PC;Sacos;53.0;53.0;46.0;5.0;3917.40.90;7897801315159;17897801315156;27897801315153;LUVA SIMPLES F F PPR 40MM;LUVA;False;40.0;;0.053;0.053;40.0
1593;LUVA SIMPLES F/F PPR 50MM;CONEXOES PPR;;;;;;LUVA SIMPLES F/F PPR 50MM;CONEXOES PPR;AQ;PC;Sacos;53.0;68.0;68.0;2.0;3917.40.90;7897801315166;17897801315163;27897801315160;LUVA SIMPLES F F PPR 50MM;LUVA;False;50.0;;0.053;0.053;50.0
1594;LUVA SIMPLES F/F PPR 63MM;CONEXOES PPR;;;;;;LUVA SIMPLES F/F PPR 63MM;CONEXOES PPR;AQ;PC;Sacos;60.0;85.0;85.0;1.0;3917.40.90;7897801315173;17897801315170;27897801315177;LUVA SIMPLES F F PPR 63MM;LUVA;False;63.0;;0.06;0.06;63.0
1595;LUVA SIMPLES F/F PPR 75MM;CONEXOES PPR;;;;;;LUVA SIMPLES F/F PPR 75MM;CONEXOES PPR;AQ;PC;Sacos;68.0;99.0;99.0;1.0;3917.40.90;7897801315180;17897801315187;27897801315184;LUVA SIMPLES F F PPR 75MM;LUVA;False;75.0;;0.068;0.068;75.0
1596;LUVA SIMPLES F/F PPR 90MM;CONEXOES PPR;;;;;;LUVA SIMPLES F/F PPR 90MM;CONEXOES PPR;AQ;PC;Sacos;78.0;120.0;120.0;1.0;3917.40.90;7897801315197;17897801315194;27897801315191;LUVA SIMPLES F F PPR 90MM;LUVA;False;90.0;;0.078;0.078;90.0
1597;LUVA SIMPLES F/F PPR 110MM;CONEXOES PPR;;;;;;LUVA SIMPLES F/F PPR 110MM;CONEXOES PPR;AQ;PC;Sacos;37.0;25.0;34.0;1.0;3917.40.90;7897801315203;17897801315200;27897801315207;LUVA SIMPLES F F PPR 110MM;LUVA;False;110.0;;0.037;0.037;110.0
1598;MISTURADOR M/F/M PPR 20MM;CONEXOES PPR;Permite fazer ligações onde é necessário promover a mistura de água quente e fria;Utilizado em instalação de água quente residencial, comercial, industrial e pode ser embutida em parede de alvenaria, enterrada, parede oca (drywall) e instalações aparentes.;"*Material: Polipropileno Copolímero Random
PPR
*Temperatura x Pressão Nominal:";"*ABNT NBR 15813
○ Parte 1
○ Parte 2
○ Parte 3
*ABNT NBR 7198
* DIN 8077
* DIN 8078
*DIN 16962";"*Consulte a tabela de resistência química do
PPR disponível no catálogo técnico da linha
*Fácil instalação
* Baixa condutividade térmica. 
*Economia de energia.";MISTURADOR F/M/M PPR 20MM;CONEXOES PPR;AQ;PC;Sacos;30.0;71.0;109.0;10.0;3917.40.90;7897801315210;17897801315217;27897801315214;MISTURADOR M F M PPR 20MM;;False;20.0;;0.03;0.03;20.0
1599;MISTURADOR M/F/M PPR 25MM;CONEXOES PPR;Permite fazer ligações onde é necessário promover a mistura de água quente e fria;Utilizado em instalação de água quente residencial, comercial, industrial e pode ser embutida em parede de alvenaria, enterrada, parede oca (drywall) e instalações aparentes.;"*Material: Polipropileno Copolímero Random
PPR
*Temperatura x Pressão Nominal:";"*ABNT NBR 15813
○ Parte 1
○ Parte 2
○ Parte 3
*ABNT NBR 7198
* DIN 8077
* DIN 8078
*DIN 16962";"*Consulte a tabela de resistência química do
PPR disponível no catálogo técnico da linha
*Fácil instalação
* Baixa condutividade térmica. 
*Economia de energia.";MISTURADOR F/M/M PPR 25MM;CONEXOES PPR;AQ;PC;Sacos;36.0;73.0;107.0;10.0;3917.40.90;7897801315227;17897801315224;27897801315221;MISTURADOR M F M PPR 25MM;;False;25.0;;0.036;0.036;25.0
160;TUBO PPR PN25 50MMX3M;TUBOS PPR;Os Tubos PN20 e PN25 são produzidos em PPR e sua instalação permite encaminhar água quente ou fria aos pontos de consumo;Utilizado em instalação de água quente residencial, comercial, industrial e pode ser embutida em parede de alvenaria, enterrada, parede oca (drywall) e instalações aparentes.;"*Material: Polipropileno Copolímero Random
PPR. 
*Material: Polipropileno Copolímero Random
PPR.";"*ABNT NBR 15813
○ Parte 1
○ Parte 2
○ Parte 3
*ABNT NBR 7198
* DIN 8077
*DIN 8078
*DIN 16962";"*Consulte a tabela de resistência química do
PPR disponível no catálogo técnico da linha.
*Fácil instalação. 
* Baixa condutividade térmica.
*Economia de energia.";TUBO PPR PN25 50MMX3M;TUBOS PPR;AQ;BR;Amarrados;3000.0;50.5;50.5;5.0;3917.22.90;7897801314244;17897801314241;27897801314248;TUBO PPR PN25 50MMX3M;TUBO;True;;;3.0;3.0;
1606;BUCHA RED. ROSC. - 1 X 1/2 AZUL;CONEXOES ROSCAVEIS;;;;;;BUCHA RED. ROSC. - 1 X 1/2 AZUL;CONEXOES ROSCAVEIS;AF;PC;Sacos;40.0;30.0;40.0;16.0;3917.40.90;7897801321280;17897801321287;27897801321284;BUCHA RED. ROSCAVEL. - 1 X 1 2 AZUL;BUCHA;False;;;0.04;0.04;
1607;BUCHA RED. ROSC. - 1 X 3/4 AZUL;CONEXOES ROSCAVEIS;;;;;;BUCHA RED. ROSC. - 1 X 3/4 AZUL;CONEXOES ROSCAVEIS;AF;PC;Sacos;36.0;30.0;36.0;24.0;3917.40.90;7897801321297;17897801321294;27897801321291;BUCHA RED. ROSCAVEL. - 1 X 3 4 AZUL;BUCHA;False;;;0.036;0.036;
1608;BUCHA RED. ROSC. - 1.1/4 X 1 AZUL;CONEXOES ROSCAVEIS;;;;;;BUCHA RED. ROSC. - 1.1/4 X 1 AZUL;CONEXOES ROSCAVEIS;AF;PC;Sacos;30.0;50.0;40.0;16.0;3917.40.90;7897801321303;17897801321300;27897801321307;BUCHA RED. ROSCAVEL. - 1.1 4 X 1 AZUL;BUCHA;False;;;0.03;0.03;
1609;ADAPTADOR SOLD. P/CX.DAGUA 20MM X 1/2 AZUL;CONEXOES SOLDAVEIS;;;;;;ADAPTADOR SOLD. P/CX.DAGUA 20MM X 1/2 AZUL;CONEXOES SOLDAVEIS;AF;PC;Sacos;60.0;65.0;65.0;12.0;3917.40.90;7897801303095;17897801303092;27897801303099;ADAPTADOR SOLDAVEL. P CX.DAGUA 20MM X 1 2 AZUL;ADAPTADOR;False;20.0;;0.06;0.06;20.0
161;TUBO PPR PN25 63MMX3M;TUBOS PPR;Os Tubos PN20 e PN25 são produzidos em PPR e sua instalação permite encaminhar água quente ou fria aos pontos de consumo;Utilizado em instalação de água quente residencial, comercial, industrial e pode ser embutida em parede de alvenaria, enterrada, parede oca (drywall) e instalações aparentes.;"*Material: Polipropileno Copolímero Random
PPR. 
*Material: Polipropileno Copolímero Random
PPR.";"*ABNT NBR 15813
○ Parte 1
○ Parte 2
○ Parte 3
*ABNT NBR 7198
* DIN 8077
*DIN 8078
*DIN 16962";"*Consulte a tabela de resistência química do
PPR disponível no catálogo técnico da linha.
*Fácil instalação. 
* Baixa condutividade térmica.
*Economia de energia.";TUBO PPR PN25 63MMX3M;TUBOS PPR;AQ;BR;Amarrados;3000.0;63.6;63.6;4.0;3917.22.90;7897801314251;17897801314258;27897801314255;TUBO PPR PN25 63MMX3M;TUBO;True;;;3.0;3.0;
1613;ADAPTADOR SOLD. P/CX.DAGUA 50MM X 1.1/2 AZUL;CONEXOES SOLDAVEIS;;;;;;ADAPTADOR SOLD. P/CX.DAGUA 50MM X 1.1/2  AZUL;CONEXOES SOLDAVEIS;AF;PC;Sacos;95.0;70.0;70.0;6.0;3917.40.90;7897801303132;17897801303139;27897801303136;ADAPTADOR SOLDAVEL. P CX.DAGUA 50MM X 1.1 2 AZUL;ADAPTADOR;False;50.0;;0.095;0.095;50.0
1615;BUCHA RED. ROSC. - 1.1/4 X 3/4 AZUL;CONEXOES ROSCAVEIS;;;;;;BUCHA RED. ROSC. - 1.1/4 X 3/4 AZUL;CONEXOES ROSCAVEIS;AF;PC;Sacos;30.0;30.0;40.0;16.0;3917.40.90;7897801321310;17897801321317;27897801321314;BUCHA RED. ROSCAVEL. - 1.1 4 X 3 4 AZUL;BUCHA;False;;;0.03;0.03;
1616;BUCHA RED. ROSC. - 1.1/2 X 1/2 AZUL;CONEXOES ROSCAVEIS;;;;;;BUCHA RED. ROSC. - 1.1/2 X 1/2 AZUL;CONEXOES ROSCAVEIS;AF;PC;Sacos;50.0;30.0;50.0;16.0;3917.40.90;7897801321327;17897801321324;27897801321321;BUCHA RED. ROSCAVEL. - 1.1 2 X 1 2 AZUL;BUCHA;False;;;0.05;0.05;
1617;BUCHA RED. ROSC. - 1.1/2 X 3/4 AZUL;CONEXOES ROSCAVEIS;;;;;;BUCHA RED. ROSC. - 1.1/2 X 3/4 AZUL;CONEXOES ROSCAVEIS;AF;PC;Sacos;50.0;31.0;50.0;16.0;3917.40.90;7897801321334;17897801321331;27897801321338;BUCHA RED. ROSCAVEL. - 1.1 2 X 3 4 AZUL;BUCHA;False;;;0.05;0.05;
162;TUBO PPR PN25 75MMX3M;TUBOS PPR;Os Tubos PN20 e PN25 são produzidos em PPR e sua instalação permite encaminhar água quente ou fria aos pontos de consumo;Utilizado em instalação de água quente residencial, comercial, industrial e pode ser embutida em parede de alvenaria, enterrada, parede oca (drywall) e instalações aparentes.;"*Material: Polipropileno Copolímero Random
PPR. 
*Material: Polipropileno Copolímero Random
PPR.";"*ABNT NBR 15813
○ Parte 1
○ Parte 2
○ Parte 3
*ABNT NBR 7198
* DIN 8077
*DIN 8078
*DIN 16962";"*Consulte a tabela de resistência química do
PPR disponível no catálogo técnico da linha.
*Fácil instalação. 
* Baixa condutividade térmica.
*Economia de energia.";TUBO PPR PN25 75MMX3M;TUBOS PPR;AQ;BR;Amarrados;3000.0;75.7;75.7;3.0;3917.22.90;7897801314268;17897801314265;27897801314262;TUBO PPR PN25 75MMX3M;TUBO;True;;;3.0;3.0;
1620;BUCHA RED.SOLD.CURTA 40 X 32MM AZUL;CONEXOES SOLDAVEIS;;;;;;BUCHA RED.SOLD.CURTA  40 X 32MM AZUL;CONEXOES SOLDAVEIS;AF;PC;Sacos;40.0;30.0;40.0;10.0;3917.40.90;7897801303163;17897801303160;27897801303167;BUCHA RED.SOLDAVEL.CURTA 40 X 32MM AZUL;BUCHA;False;32.0;;0.04;0.04;32.0
1629;BUCHA RED. ROSC. - 1.1/2 X 1.1/4 AZUL;CONEXOES ROSCAVEIS;;;;;;BUCHA RED. ROSC. - 1.1/2 X 1.1/4 AZUL;CONEXOES ROSCAVEIS;AF;PC;Sacos;35.0;55.0;55.0;12.0;3917.40.90;7897801321358;17897801321355;27897801321352;BUCHA RED. ROSCAVEL. - 1.1 2 X 1.1 4 AZUL;BUCHA;False;;;0.035;0.035;
163;TUBO PPR PN25 90MMX3M;TUBOS PPR;Os Tubos PN20 e PN25 são produzidos em PPR e sua instalação permite encaminhar água quente ou fria aos pontos de consumo;Utilizado em instalação de água quente residencial, comercial, industrial e pode ser embutida em parede de alvenaria, enterrada, parede oca (drywall) e instalações aparentes.;"*Material: Polipropileno Copolímero Random
PPR. 
*Material: Polipropileno Copolímero Random
PPR.";"*ABNT NBR 15813
○ Parte 1
○ Parte 2
○ Parte 3
*ABNT NBR 7198
* DIN 8077
*DIN 8078
*DIN 16962";"*Consulte a tabela de resistência química do
PPR disponível no catálogo técnico da linha.
*Fácil instalação. 
* Baixa condutividade térmica.
*Economia de energia.";TUBO PPR PN25 90MMX3M;TUBOS PPR;AQ;BR;Amarrados;3000.0;90.0;90.0;2.0;3917.22.90;7897801314275;17897801314272;27897801314279;TUBO PPR PN25 90MMX3M;TUBO;True;;;3.0;3.0;
164;TUBO PPR PN25 110MMX3M;TUBOS PPR;Os Tubos PN20 e PN25 são produzidos em PPR e sua instalação permite encaminhar água quente ou fria aos pontos de consumo;Utilizado em instalação de água quente residencial, comercial, industrial e pode ser embutida em parede de alvenaria, enterrada, parede oca (drywall) e instalações aparentes.;"*Material: Polipropileno Copolímero Random
PPR. 
*Material: Polipropileno Copolímero Random
PPR.";"*ABNT NBR 15813
○ Parte 1
○ Parte 2
○ Parte 3
*ABNT NBR 7198
* DIN 8077
*DIN 8078
*DIN 16962";"*Consulte a tabela de resistência química do
PPR disponível no catálogo técnico da linha.
*Fácil instalação. 
* Baixa condutividade térmica.
*Economia de energia.";TUBO PPR PN25 110MMX3M;TUBOS PPR;AQ;BR;Amarrados;2980.0;110.0;110.0;1.0;3917.22.90;7897801314282;17897801314289;27897801314286;TUBO PPR PN25 110MMX3M;TUBO;True;;;2.98;2.98;
1641;CAP ROSCAVEL 1/2 AZUL;CONEXOES ROSCAVEIS;;;;;;CAP ROSCAVEL 1/2 AZUL;CONEXOES ROSCAVEIS;AF;PC;Sacos;32.0;28.0;32.0;30.0;3917.40.90;7897801321181;17897801321188;27897801321185;CAP ROSCAVEL 1 2 AZUL;CAP;False;;;0.032;0.032;
1642;CAP ROSCAVEL 3/4 AZUL;CONEXOES ROSCAVEIS;;;;;;CAP ROSCAVEL 3/4 AZUL;CONEXOES ROSCAVEIS;AF;PC;Sacos;36.0;23.0;36.0;30.0;3917.40.90;7897801321198;17897801321195;27897801321192;CAP ROSCAVEL 3 4 AZUL;CAP;False;;;0.036;0.036;
1643;CAP ROSCAVEL 1 AZUL;CONEXOES ROSCAVEIS;;;;;;CAP ROSCAVEL 1 AZUL;CONEXOES ROSCAVEIS;AF;PC;Sacos;44.0;30.0;42.0;15.0;3917.40.90;7897801321204;17897801321201;27897801321208;CAP ROSCAVEL 1 AZUL;CAP;False;;;0.044;0.044;
1651;PLUG ROSCAVEL 1.1/4 - AZUL;CONEXOES ROSCAVEIS;;;;;;PLUG ROSCAVEL 1.1/4 - AZUL;CONEXOES ROSCAVEIS;AF;PC;Sacos;40.0;40.0;40.0;20.0;3917.40.90;7897801320979;17897801320976;27897801320973;PLUG ROSCAVEL 1.1 4 - AZUL;;False;;;0.04;0.04;
1653;PLUG ROSCAVEL 1 - AZUL;CONEXOES ROSCAVEIS;;;;;;PLUG ROSCAVEL 1 - AZUL;CONEXOES ROSCAVEIS;AF;PC;Sacos;30.0;33.0;33.0;50.0;3917.40.90;7897801320993;17897801320990;27897801320997;PLUG ROSCAVEL 1 - AZUL;;False;;;0.03;0.03;
1660;CAIXA DE EMBUTIR PARA LAVANDERIA;COMPLEMENTOS;;;;;;CAIXA DE EMBUTIR PARA LAVANDERIA;COMPLEMENTOS;ACESSÓRIOS;PC;Sacos;345.0;295.0;90.0;10.0;3925.90.90;7897801325301;17897801325308;NÃO APLICA;CAIXA DE EMBUTIR PARA LAVANDERIA;;False;;;0.345;0.345;
1688;LUVA ROSCAVEL 1/2 - AZUL;CONEXOES ROSCAVEIS;;;;;;LUVA ROSCAVEL 1/2 - AZUL;CONEXOES ROSCAVEIS;AF;PC;Sacos;35.0;280.0;280.0;50.0;3917.40.90;7897801320948;17897801320945;27897801320942;LUVA ROSCAVEL 1 2 - AZUL;LUVA;False;;;0.035;0.035;
1689;LUVA ROSCAVEL 3/4 - AZUL;CONEXOES ROSCAVEIS;;;;;;LUVA ROSCAVEL 3/4 - AZUL;CONEXOES ROSCAVEIS;AF;PC;Sacos;36.0;34.0;34.0;50.0;3917.40.90;7897801320955;17897801320952;27897801320959;LUVA ROSCAVEL 3 4 - AZUL;LUVA;False;;;0.036;0.036;
1704;TE SOLDAVEL - 40MM AZUL;CONEXOES ROSCAVEIS;;;;;;TE SOLDAVEL - 40MM  AZUL;CONEXOES ROSCAVEIS;AF;PC;Sacos;82.0;21.0;62.0;10.0;3917.40.90;7897801303453;17897801303450;27897801303457;TE SOLDAVEL - 40MM AZUL;TE;False;40.0;;0.082;0.082;40.0
1705;TE SOLDAVEL - 50MM AZUL;CONEXOES SOLDAVEIS;;;;;;TE SOLDAVEL - 50MM AZUL;CONEXOES SOLDAVEIS;AF;PC;Sacos;115.0;65.0;90.0;10.0;3917.40.90;7897801303460;17897801303467;27897801303464;TE SOLDAVEL - 50MM AZUL;TE;False;50.0;;0.115;0.115;50.0
1706;TE ROSCAVEL 1/2 AZUL;CONEXOES ROSCAVEIS;;;;;;TE ROSCAVEL 1/2 AZUL;CONEXOES ROSCAVEIS;AF;PC;Sacos;55.0;30.0;45.0;20.0;3917.40.90;7897801321419;17897801321416;27897801321413;TE ROSCAVEL 1 2 AZUL;TE;False;;;0.055;0.055;
1738;LUVA SOLD E ROSCA (LR) 50MM X 1.1/2 - AZUL;CONEXOES LR;;;;;;LUVA SOLD E ROSCA (LR) 50MM X 1.1/2 - AZUL;CONEXOES LR;AF;PC;Sacos;60.0;60.0;60.0;10.0;3917.40.90;7897801317283;17897801317280;27897801317287;LUVA SOLDAVEL E ROSCA LR 50MM X 1.1 2 - AZUL;LUVA;False;50.0;;0.06;0.06;50.0
1741;TUBO PVC ROSC EXP PY 1/2;TUBOS PVC BRANCO;;;;;;TUBO PVC ROSC EXP PY 1/2;TUBOS PVC BRANCO;AF;BR;Amarrados;21.2;21.2;6000.0;10.0;3917.23.00;7897801313377;17897801313374;27897801313371;TUBO PVC ROSCAVEL EXP PY 1 2;TUBO;True;;;0.0212;0.0212;
1742;TUBO PVC ROSC EXP PY 3/4;TUBOS PVC BRANCO;;;;;;TUBO PVC ROSC EXP PY 3/4;TUBOS PVC BRANCO;AF;BR;Amarrados;6000.0;26.8;26.8;10.0;3917.23.00;7897801313384;17897801313381;27897801313388;TUBO PVC ROSCAVEL EXP PY 3 4;TUBO;True;;;6.0;6.0;
1749;TUBO PVC SOLD 20MM PY;TUBOS PVC SOLDAVEL;;;;;;TUBO PVC SOLD 20MM PY;TUBOS PVC SOLDAVEL;AF;BR;Amarrados;6000.0;20.0;20.0;12.0;3917.23.00;7897801313544;17897801313541;27897801313548;TUBO PVC SOLDAVEL 20MM PY;TUBO;True;20.0;;6.0;6.0;20.0
1750;TUBO PVC SOLD 25MM PY;TUBOS PVC SOLDAVEL;;;;;;TUBO PVC SOLD 25MM PY;TUBOS PVC SOLDAVEL;AF;BR;Amarrados;6000.0;25.0;25.0;8.0;3917.23.00;7897801313551;17897801313558;27897801313555;TUBO PVC SOLDAVEL 25MM PY;TUBO;True;25.0;;6.0;6.0;25.0
1751;TUBO PVC SOLD 32MM PY;TUBOS PVC SOLDAVEL;;;;;;TUBO PVC SOLD 32MM PY;TUBOS PVC SOLDAVEL;AF;BR;Amarrados;6000.0;32.0;32.0;10.0;3917.23.00;7897801313568;17897801313565;27897801313562;TUBO PVC SOLDAVEL 32MM PY;TUBO;True;32.0;;6.0;6.0;32.0
1752;TUBO PVC SOLD 40MM PY;TUBOS PVC SOLDAVEL;;;;;;TUBO PVC SOLD 40MM PY;TUBOS PVC SOLDAVEL;AF;BR;Amarrados;6000.0;40.0;40.0;5.0;3917.23.00;7897801313575;17897801313572;27897801313579;TUBO PVC SOLDAVEL 40MM PY;TUBO;True;40.0;;6.0;6.0;40.0
1753;TUBO PVC SOLD 50MM PY;TUBOS PVC SOLDAVEL;;;;;;TUBO PVC SOLD 50MM PY;TUBOS PVC SOLDAVEL;AF;BR;Amarrados;6000.0;50.0;50.0;5.0;3917.23.00;7897801313582;17897801313589;27897801313586;TUBO PVC SOLDAVEL 50MM PY;TUBO;True;50.0;;6.0;6.0;50.0
1754;TUBO PVC SOLD 60MM PY;TUBOS PVC SOLDAVEL;;;;;;TUBO PVC SOLD 60MM PY;TUBOS PVC SOLDAVEL;AF;BR;Amarrados;6000.01;60.2;60.2;3.0;3917.23.00;7897801313537;17897801313534;27897801313531;TUBO PVC SOLDAVEL 60MM PY;TUBO;True;60.0;;6.0000100000000005;6.0000100000000005;60.0
1758;TUBO PVC ESG DN40 PY;TUBOS PVC ESGOTO;;;;;;TUBO PVC ESG DN40 PY;TUBOS PVC ESGOTO;ESGOTO;BR;Amarrados;6000.0;40.0;40.0;10.0;3917.23.00;7897801313599;17897801313596;27897801313593;TUBO PVC ESGOTO DN40 PY;TUBO;True;40.0;;6.0;6.0;40.0
1759;TUBO PVC ESG DN50 PY;TUBOS PVC ESGOTO;;;;;;TUBO PVC ESG DN50 PY;TUBOS PVC ESGOTO;ESGOTO;BR;Amarrados;6000.01;50.1;50.1;10.0;3917.23.00;7897801313605;17897801313602;27897801313609;TUBO PVC ESGOTO DN50 PY;TUBO;True;50.0;;6.0000100000000005;6.0000100000000005;50.0
1761;TUBO PVC ESG DN100 PY;TUBOS PVC ESGOTO;;;;;;TUBO PVC ESG DN100 PY;TUBOS PVC ESGOTO;ESGOTO;BR;Amarrados;6000.01;100.2;100.2;5.0;3917.23.00;7897801313612;17897801313619;27897801313616;TUBO PVC ESGOTO DN100 PY;TUBO;True;100.0;;6.0000100000000005;6.0000100000000005;100.0
1762;REGISTRO ESF.ROSC. C/ UNIAO - 1.1/2 - AZUL;REGISTROS ESFERA C/UNIAO;;;;;;REGISTRO ESF.ROSC. C/ UNIAO - 1.1/2 - AZUL;REGISTROS ESFERA C/UNIAO;AF;PC;Sacos;135.0;135.0;98.0;2.0;8481.80.95;7897801321105;17897801321102;27897801321109;REGISTRO ESF.ROSCAVEL. C UNIAO - 1.1 2 - AZUL;REGISTRO;False;;;0.135;0.135;
1763;REGISTRO ESF.ROSC. C/ UNIAO - 1- AZUL;REGISTROS ESFERA C/UNIAO;;;;;;REGISTRO ESF.ROSC. C/ UNIAO - 1- AZUL;REGISTROS ESFERA C/UNIAO;AF;PC;Sacos;110.0;70.0;100.0;5.0;8481.80.95;7897801321112;17897801321119;27897801321116;REGISTRO ESF.ROSCAVEL. C UNIAO - 1 - AZUL;REGISTRO;False;;;0.11;0.11;
1764;REGISTRO ESF.SOLD. C/ UNIAO - 20 MM - AZUL;REGISTROS ESFERA C/UNIAO;;;;;;REGISTRO ESF.SOLD. C/ UNIAO - 20 MM - AZUL;REGISTROS ESFERA C/UNIAO;AF;PC;Sacos;75.0;48.5;75.0;10.0;8481.80.95;7897801321136;17897801321133;27897801321130;REGISTRO ESF.SOLDAVEL. C UNIAO - 20MM - AZUL;REGISTRO;False;20.0;;0.075;0.075;20.0
1767;REGISTRO ESF.SOLD. C/ UNIAO - 40 MM - AZUL;REGISTROS ESFERA C/UNIAO;;;;;;REGISTRO ESF.SOLD. C/ UNIAO - 40 MM - AZUL;REGISTROS ESFERA C/UNIAO;AF;PC;Sacos;110.0;114.0;110.0;5.0;8481.80.95;7897801321167;17897801321164;27897801321161;REGISTRO ESF.SOLDAVEL. C UNIAO - 40MM - AZUL;REGISTRO;False;40.0;;0.11;0.11;40.0
1769;REGISTRO ESF.ROSC. C/ UNIAO - 2- AZUL;REGISTROS ESFERA C/UNIAO;;;;;;REGISTRO ESF.ROSC. C/ UNIAO - 2- AZUL;REGISTROS ESFERA C/UNIAO;AF;PC;Sacos;11.0;10.0;10.0;2.0;8481.80.95;7897801321129;17897801321126;27897801321123;REGISTRO ESF.ROSCAVEL. C UNIAO - 2 - AZUL;REGISTRO;False;;;0.011;0.011;
1770;MISTURADOR INS MET F/F/F PPR 20X1/2;CONEXOES PPR;Permite fazer ligações onde é necessário promover a mistura de água quente e fria;Utilizado em instalação de água quente residencial, comercial, industrial e pode ser embutida em parede de alvenaria, enterrada, parede oca (drywall) e instalações aparentes.;"*Material: Polipropileno Copolímero Random
PPR.
*Temperatura x Pressão Nominal:";"*ABNT NBR 15813
○ Parte 1
○ Parte 2
○ Parte 3
*ABNT NBR 7198
* DIN 8077
*DIN 8078
*DIN 16962";"*Consulte a tabela de resistência química do
PPR disponível no catálogo técnico da linha
*Fácil instalação
* Baixa condutividade térmica. 
*Economia de energia.";MISTURADOR INS MET F/F/F PPR 20X1/2;CONEXOES PPR;AQ;PC;Sacos;36.0;77.0;127.0;10.0;3917.40.90;7897801315234;17897801315231;27897801315238;MISTURADOR INS MET F F F PPR 20X1 2;;False;;;0.036;0.036;
1771;MISTURADOR INS MET F/F/F PPR 25X3/4;CONEXOES PPR;Permite fazer ligações onde é necessário promover a mistura de água quente e fria;Utilizado em instalação de água quente residencial, comercial, industrial e pode ser embutida em parede de alvenaria, enterrada, parede oca (drywall) e instalações aparentes.;"*Material: Polipropileno Copolímero Random
PPR.
*Temperatura x Pressão Nominal:";"*ABNT NBR 15813
○ Parte 1
○ Parte 2
○ Parte 3
*ABNT NBR 7198
* DIN 8077
*DIN 8078
*DIN 16962";"*Consulte a tabela de resistência química do
PPR disponível no catálogo técnico da linha
*Fácil instalação
* Baixa condutividade térmica. 
*Economia de energia.";MISTURADOR INS MET F/F/F PPR 25X3/4;CONEXOES PPR;AQ;PC;Sacos;43.0;80.0;124.0;10.0;3917.40.90;7897801315241;17897801315248;27897801315245;MISTURADOR INS MET F F F PPR 25X3 4;;False;;;0.043;0.043;
1772;PLUG PPR 1/2;CONEXOES PPR;;;;;;PLUG PPR 1/2;CONEXOES PPR;AQ;PC;Sacos;25.0;27.0;27.0;10.0;3917.40.90;7897801315258;17897801315255;27897801315252;PLUG PPR 1 2;;False;;;0.025;0.025;
1773;PLUG PPR 3/4;CONEXOES PPR;;;;;;PLUG PPR 3/4;CONEXOES PPR;AQ;PC;Sacos;30.0;25.0;25.0;10.0;3917.40.90;7897801315265;17897801315262;27897801315269;PLUG PPR 3 4;;False;;;0.03;0.03;
1774;UNIAO ROSCAVEL 1/2 - AZUL;CONEXOES ROSCAVEIS;;;;;;UNIAO ROSCAVEL 1/2 - AZUL;CONEXOES ROSCAVEIS;AF;PC;Sacos;43.0;43.0;41.0;20.0;3917.40.90;7897801321013;17897801321010;27897801321017;UNIAO ROSCAVEL 1 2 - AZUL;UNIAO;False;;;0.043;0.043;
1775;UNIAO ROSCAVEL  3/4 - AZUL;CONEXOES ROSCAVEIS;;;;;;UNIAO ROSCAVEL  3/4 - AZUL;CONEXOES ROSCAVEIS;AF;PC;Sacos;45.0;52.0;52.0;20.0;3917.40.90;7897801321020;17897801321027;27897801321024;UNIAO ROSCAVEL 3 4 - AZUL;UNIAO;False;;;0.045;0.045;
1776;UNIAO ROSCAVEL  1.1/2 - AZUL;CONEXOES ROSCAVEIS;;;;;;UNIAO ROSCAVEL  1.1/2 - AZUL;CONEXOES ROSCAVEIS;AF;PC;Sacos;99.5;66.0;96.5;5.0;3917.40.90;7897801321037;17897801321034;27897801321031;UNIAO ROSCAVEL 1.1 2 - AZUL;UNIAO;False;;;0.0995;0.0995;
1778;UNIAO ROSCAVEL  1.1/4 - AZUL;CONEXOES ROSCAVEIS;;;;;;UNIAO ROSCAVEL  1.1/4 - AZUL;CONEXOES ROSCAVEIS;AF;PC;Sacos;75.0;63.0;75.0;8.0;3917.40.90;7897801321051;17897801321058;27897801321055;UNIAO ROSCAVEL 1.1 4 - AZUL;UNIAO;False;;;0.075;0.075;
1786;TARUGOS PARA REPAROS PPR 8MM;CONEXOES PPR;;;;;;TARUGOS PARA REPAROS PPR 8MM;CONEXOES PPR;AQ;PC;Sacos;102.0;11.0;11.0;10.0;3917.40.90;7897801315395;17897801315392;27897801315399;TARUGOS PARA REPAROS PPR 8MM;;False;8.0;;0.102;0.102;8.0
1787;TE F/F/F CENT INS MET PPR 20X1/2X20;CONEXOES PPR;;;;;;TE F/F/F CENT INS MET PPR 20X1/2X20;CONEXOES PPR;AQ;PC;Sacos;39.0;50.0;49.0;10.0;3917.40.90;7897801315401;17897801315408;27897801315405;TE F F F CENT INS MET PPR 20X1 2X20;TE;False;;;0.039;0.039;
1788;TE F/F/F CENT INS MET PPR 25X1/2X25;CONEXOES PPR;;;;;;TE F/F/F CENT INS MET PPR 25X1/2X25;CONEXOES PPR;AQ;PC;Sacos;39.0;54.0;54.0;10.0;3917.40.90;7897801315418;17897801315415;27897801315412;TE F F F CENT INS MET PPR 25X1 2X25;TE;False;;;0.039;0.039;
1789;TE F/F/F CENT INS MET PPR 25X3/4X25;CONEXOES PPR;;;;;;TE F/F/F CENT INS MET PPR 25X3/4X25;CONEXOES PPR;AQ;PC;Sacos;46.0;56.0;59.0;10.0;3917.40.90;7897801315425;17897801315422;27897801315429;TE F F F CENT INS MET PPR 25X3 4X25;TE;False;;;0.046;0.046;
1790;TE F/F/F CENT INS MET PPR 32X1/2X32;CONEXOES PPR;;;;;;TE F/F/F CENT INS MET PPR 32X1/2X32;CONEXOES PPR;AQ;PC;Sacos;45.0;63.0;65.0;5.0;3917.40.90;7897801315432;17897801315439;27897801315436;TE F F F CENT INS MET PPR 32X1 2X32;TE;False;;;0.045;0.045;
1791;TE F/F/F CENT INS MET PPR 32X3/4X32;CONEXOES PPR;;;;;;TE F/F/F CENT INS MET PPR 32X3/4X32;CONEXOES PPR;AQ;PC;Sacos;66.0;46.0;64.0;5.0;3917.40.90;7897801315449;17897801315446;27897801315443;TE F F F CENT INS MET PPR 32X3 4X32;TE;False;;;0.066;0.066;
1792;TE F/F/F CENT INS MET PPR 32X1X32;CONEXOES PPR;;;;;;TE F/F/F CENT INS MET PPR 32X1X32;CONEXOES PPR;AQ;PC;Sacos;57.0;75.0;74.0;5.0;3917.40.90;7897801315456;17897801315453;27897801315450;TE F F F CENT INS MET PPR 32X1X32;TE;False;;;0.057;0.057;
1793;TE F/F/F PPR 20MM;CONEXOES PPR;;;;;;TE F/F/F PPR 20MM;CONEXOES PPR;AQ;PC;Sacos;28.0;40.0;53.0;10.0;3917.40.90;7897801315463;17897801315460;27897801315467;TE F F F PPR 20MM;TE;False;20.0;;0.028;0.028;20.0
1794;TE F/F/F PPR 25MM;CONEXOES PPR;;;;;;TE F/F/F PPR 25MM;CONEXOES PPR;AQ;PC;Sacos;35.0;63.0;49.0;10.0;3917.40.90;7897801315470;17897801315477;27897801315474;TE F F F PPR 25MM;TE;False;25.0;;0.035;0.035;25.0
1795;TE F/F/F PPR 32MM;CONEXOES PPR;;;;;;TE F/F/F PPR 32MM;CONEXOES PPR;AQ;PC;Sacos;58.0;44.0;72.0;10.0;3917.40.90;7897801315487;17897801315484;27897801315481;TE F F F PPR 32MM;TE;False;32.0;;0.058;0.058;32.0
1796;TE F/F/F PPR 40MM;CONEXOES PPR;;;;;;TE F/F/F PPR 40MM;CONEXOES PPR;AQ;PC;Sacos;53.0;70.0;86.0;5.0;3917.40.90;7897801315494;17897801315491;27897801315498;TE F F F PPR 40MM;TE;False;40.0;;0.053;0.053;40.0
1797;TE F/F/F PPR 50MM;CONEXOES PPR;;;;;;TE F/F/F PPR 50MM;CONEXOES PPR;AQ;PC;Sacos;67.0;83.0;100.0;2.0;3917.40.90;7897801315500;17897801315507;27897801315504;TE F F F PPR 50MM;TE;False;50.0;;0.067;0.067;50.0
1798;TE F/F/F PPR 63MM;CONEXOES PPR;;;;;;TE F/F/F PPR 63MM;CONEXOES PPR;AQ;PC;Sacos;86.0;105.0;124.0;1.0;3917.40.90;7897801315517;17897801315514;27897801315511;TE F F F PPR 63MM;TE;False;63.0;;0.086;0.086;63.0
1799;TE F/F/F PPR 75MM;CONEXOES PPR;;;;;;TE F/F/F PPR 75MM;CONEXOES PPR;AQ;PC;Sacos;120.0;102.0;140.0;1.0;3917.40.90;7897801315524;17897801315521;27897801315528;TE F F F PPR 75MM;TE;False;75.0;;0.12;0.12;75.0
180;TUBO PVC BRANCO - 6M - 25MM;TUBOS PVC BRANCO;;;;;;;;;;;;;;;;;;;TUBO PVC BRANCO - 6M - 25MM;TUBO;True;25.0;6.0;;6.0;25.0
1802;TE F/F/F REDU CENT PPR 25X20X25MM;CONEXOES PPR;;;;;;TE F/F/F REDU CENT PPR 25X20X25MM;CONEXOES PPR;AQ;PC;Sacos;33.0;45.0;56.0;10.0;3917.40.90;7897801315555;17897801315552;27897801315559;TE F F F REDU CENT PPR 25X20X25MM;TE;False;;;0.033;0.033;
1803;TE F/F/F REDU CENT PPR 32X20X32MM;CONEXOES PPR;;;;;;TE F/F/F REDU CENT PPR 32X20X32MM;CONEXOES PPR;AQ;PC;Sacos;55.0;43.0;60.0;5.0;3917.40.90;7897801315562;17897801315569;27897801315566;TE F F F REDU CENT PPR 32X20X32MM;TE;False;;;0.055;0.055;
1804;TE F/F/F REDU CENT PPR 32X25X32MM;CONEXOES PPR;;;;;;TE F/F/F REDU CENT PPR 32X25X32MM;CONEXOES PPR;AQ;PC;Sacos;42.0;57.0;65.0;5.0;3917.40.90;7897801315579;17897801315576;27897801315573;TE F F F REDU CENT PPR 32X25X32MM;TE;False;;;0.042;0.042;
1805;TE F/F/F REDU CENT PPR 40X25X40MM;CONEXOES PPR;;;;;;TE F/F/F REDU CENT PPR 40X25X40MM;CONEXOES PPR;AQ;PC;Sacos;54.0;66.0;70.0;5.0;3917.40.90;7897801315586;17897801315583;27897801315580;TE F F F REDU CENT PPR 40X25X40MM;TE;False;;;0.054;0.054;
1806;TE F/F/F REDU CENT PPR 40X32X40MM;CONEXOES PPR;;;;;;TE F/F/F REDU CENT PPR 40X32X40MM;CONEXOES PPR;AQ;PC;Sacos;67.0;54.0;77.0;5.0;3917.40.90;7897801315593;17897801315590;27897801315597;TE F F F REDU CENT PPR 40X32X40MM;TE;False;;;0.067;0.067;
1807;TE F/F/F REDU CENT PPR 50X25X50MM;CONEXOES PPR;;;;;;TE F/F/F REDU CENT PPR 50X25X50MM;CONEXOES PPR;AQ;PC;Sacos;67.0;76.0;76.0;2.0;3917.40.90;7897801315609;17897801315606;27897801315603;TE F F F REDU CENT PPR 50X25X50MM;TE;False;;;0.067;0.067;
1808;TE F/F/F REDU CENT PPR 50X32X50MM;CONEXOES PPR;;;;;;TE F/F/F REDU CENT PPR 50X32X50MM;CONEXOES PPR;AQ;PC;Sacos;68.0;79.0;84.0;2.0;3917.40.90;7897801315616;17897801315613;27897801315610;TE F F F REDU CENT PPR 50X32X50MM;TE;False;;;0.068;0.068;
1809;TE F/F/F REDU CENT PPR 50X40X50MM;CONEXOES PPR;;;;;;TE F/F/F REDU CENT PPR 50X40X50MM;CONEXOES PPR;AQ;PC;Sacos;67.0;81.0;92.0;2.0;3917.40.90;7897801315623;17897801315620;27897801315627;TE F F F REDU CENT PPR 50X40X50MM;TE;False;;;0.067;0.067;
181;TUBO PVC BRANCO - 6M - 40MM;TUBOS PVC BRANCO;;;;;;;;;;;;;;;;;;;TUBO PVC BRANCO - 6M - 40MM;TUBO;True;40.0;6.0;;6.0;40.0
1810;TE F/F/F REDU CENT PPR 63X40X63MM;CONEXOES PPR;;;;;;TE F/F/F REDU CENT PPR 63X40X63MM;CONEXOES PPR;AQ;PC;Sacos;85.0;96.0;100.0;1.0;3917.40.90;7897801315630;17897801315637;27897801315634;TE F F F REDU CENT PPR 63X40X63MM;TE;False;;;0.085;0.085;
1811;TE F/F/F REDU CENT PPR 63X50X63MM;CONEXOES PPR;;;;;;TE F/F/F REDU CENT PPR 63X50X63MM;CONEXOES PPR;AQ;PC;Sacos;37.0;25.0;35.0;1.0;3917.40.90;7897801315647;17897801315644;27897801315641;TE F F F REDU CENT PPR 63X50X63MM;TE;False;;;0.037;0.037;
1812;TE F/F/F REDU CENT PPR 75X50X75MM;CONEXOES PPR;;;;;;TE F/F/F REDU CENT PPR 75X50X75MM;CONEXOES PPR;AQ;PC;Sacos;101.0;113.0;116.0;1.0;3917.40.90;7897801315654;17897801315651;27897801315658;TE F F F REDU CENT PPR 75X50X75MM;TE;False;;;0.101;0.101;
1813;TE F/F/F REDU CENT PPR 75X63X75MM;CONEXOES PPR;;;;;;TE F/F/F REDU CENT PPR 75X63X75MM;CONEXOES PPR;AQ;PC;Sacos;118.0;102.0;129.0;1.0;3917.40.90;7897801315661;17897801315668;27897801315665;TE F F F REDU CENT PPR 75X63X75MM;TE;False;;;0.118;0.118;
1814;TE F/F/F REDU CENT PPR 90X63X90MM;CONEXOES PPR;;;;;;TE F/F/F REDU CENT PPR 90X63X90MM;CONEXOES PPR;AQ;PC;Sacos;121.0;135.0;136.0;1.0;3917.40.90;7897801315678;17897801315675;27897801315672;TE F F F REDU CENT PPR 90X63X90MM;TE;False;;;0.121;0.121;
1815;TE F/F/F REDU CENT PPR 90X75X90MM;CONEXOES PPR;;;;;;TE F/F/F REDU CENT PPR 90X75X90MM;CONEXOES PPR;AQ;PC;Sacos;121.0;135.0;147.0;1.0;3917.40.90;7897801315685;17897801315682;27897801315689;TE F F F REDU CENT PPR 90X75X90MM;TE;False;;;0.121;0.121;
1816;TE F/F/F REDU CENT PPR 110X75X110MM;CONEXOES PPR;;;;;;TE F/F/F REDU CENT PPR 110X75X110MM;CONEXOES PPR;AQ;PC;Sacos;161.0;148.0;156.0;1.0;3917.40.90;7897801315692;17897801315699;27897801315696;TE F F F REDU CENT PPR 110X75X110MM;TE;False;;;0.161;0.161;
1817;TE F/F/F REDU CENT PPR 110X90X110MM;CONEXOES PPR;;;;;;TE F/F/F REDU CENT PPR 110X90X110MM;CONEXOES PPR;AQ;PC;Sacos;148.0;165.0;170.0;1.0;3917.40.90;7897801315708;17897801315705;27897801315702;TE F F F REDU CENT PPR 110X90X110MM;TE;False;;;0.148;0.148;
1818;TE F/M/F CENT INS MET PPR 20X1/2X20;CONEXOES PPR;;;;;;TE F/M/F CENT INS MET PPR 20X1/2X20;CONEXOES PPR;AQ;PC;Sacos;62.0;39.0;50.0;5.0;3917.40.90;7897801315715;17897801315712;27897801315719;TE F M F CENT INS MET PPR 20X1 2X20;TE;False;;;0.062;0.062;
1819;TE F/M/F CENT INS MET PPR 25X1/2X25;CONEXOES PPR;;;;;;TE F/M/F CENT INS MET PPR 25X1/2X25;CONEXOES PPR;AQ;PC;Sacos;33.0;54.0;68.0;5.0;3917.40.90;7897801315722;17897801315729;27897801315726;TE F M F CENT INS MET PPR 25X1 2X25;TE;False;;;0.033;0.033;
182;TUBO PVC BRANCO - 6M - 50MM;TUBOS PVC BRANCO;;;;;;;;;;;;;;;;;;;TUBO PVC BRANCO - 6M - 50MM;TUBO;True;50.0;6.0;;6.0;50.0
1820;TE F/M/F CENT INS MET PPR 25X3/4X25;CONEXOES PPR;;;;;;TE F/M/F CENT INS MET PPR 25X3/4X25;CONEXOES PPR;AQ;PC;Sacos;45.0;71.0;60.0;5.0;3917.40.90;7897801315739;17897801315736;27897801315733;TE F M F CENT INS MET PPR 25X3 4X25;TE;False;;;0.045;0.045;
1821;TE F/M/F CENT INS MET PPR 32X1/2X32;CONEXOES PPR;;;;;;TE F/M/F CENT INS MET PPR 32X1/2X32;CONEXOES PPR;AQ;PC;Sacos;46.0;78.0;63.0;5.0;3917.40.90;7897801315746;17897801315743;27897801315740;TE F M F CENT INS MET PPR 32X1 2X32;TE;False;;;0.046;0.046;
1822;TE F/M/F CENT INS MET PPR 32X3/4X32;CONEXOES PPR;;;;;;TE F/M/F CENT INS MET PPR 32X3/4X32;CONEXOES PPR;AQ;PC;Sacos;80.0;45.0;64.0;5.0;3917.40.90;7897801315753;17897801315750;27897801315757;TE F M F CENT INS MET PPR 32X3 4X32;TE;False;;;0.08;0.08;
1823;TE F/M/F CENT INS MET PPR 32X1X32;CONEXOES PPR;;;;;;TE F/M/F CENT INS MET PPR 32X1X32;CONEXOES PPR;AQ;PC;Sacos;92.0;57.0;74.0;5.0;3917.40.90;7897801315760;17897801315767;27897801315764;TE F M F CENT INS MET PPR 32X1X32;TE;False;;;0.092;0.092;
1824;UNIAO PPR 20MM;CONEXOES PPR;Permite a manutenção da rede estando as extremidades fixas. Ideal para acoplar à dispositivos que necessitam de manutenção após a instalação junto ao sistema de água quente ou fria.;Utilizado em instalação de água quente residencial, comercial, industrial e pode ser embutida em parede de alvenaria, enterrada, parede oca (drywall) e instalações aparentes.;"*Material: Polipropileno Copolímero Random
PPR. 
*Temperatura x Pressão Nominal:";"*ABNT NBR 15813
○ Parte 1
○ Parte 2
○ Parte 3
*ABNT NBR 7198
* DIN 8077
*DIN 8078
*DIN 16962";"*Consulte a tabela de resistência química do
PPR disponível no catálogo técnico da linha.
*Fácil instalação. 
* Baixa condutividade térmica.
*Economia de energia.";UNIAO PPR 20MM;CONEXOES PPR;AQ;PC;Sacos;45.0;46.0;46.0;5.0;3917.40.90;7897801315777;17897801315774;27897801315771;UNIAO PPR 20MM;UNIAO;False;20.0;;0.045;0.045;20.0
1825;UNIAO PPR 25MM;CONEXOES PPR;Permite a manutenção da rede estando as extremidades fixas. Ideal para acoplar à dispositivos que necessitam de manutenção após a instalação junto ao sistema de água quente ou fria.;Utilizado em instalação de água quente residencial, comercial, industrial e pode ser embutida em parede de alvenaria, enterrada, parede oca (drywall) e instalações aparentes.;"*Material: Polipropileno Copolímero Random
PPR. 
*Temperatura x Pressão Nominal:";"*ABNT NBR 15813
○ Parte 1
○ Parte 2
○ Parte 3
*ABNT NBR 7198
* DIN 8077
*DIN 8078
*DIN 16962";"*Consulte a tabela de resistência química do
PPR disponível no catálogo técnico da linha.
*Fácil instalação. 
* Baixa condutividade térmica.
*Economia de energia.";UNIAO PPR 25MM;CONEXOES PPR;AQ;PC;Sacos;53.0;53.0;53.0;5.0;3917.40.90;7897801315784;17897801315781;27897801315788;UNIAO PPR 25MM;UNIAO;False;25.0;;0.053;0.053;25.0
1826;UNIAO PPR 32MM;CONEXOES PPR;Permite a manutenção da rede estando as extremidades fixas. Ideal para acoplar à dispositivos que necessitam de manutenção após a instalação junto ao sistema de água quente ou fria.;Utilizado em instalação de água quente residencial, comercial, industrial e pode ser embutida em parede de alvenaria, enterrada, parede oca (drywall) e instalações aparentes.;"*Material: Polipropileno Copolímero Random
PPR. 
*Temperatura x Pressão Nominal:";"*ABNT NBR 15813
○ Parte 1
○ Parte 2
○ Parte 3
*ABNT NBR 7198
* DIN 8077
*DIN 8078
*DIN 16962";"*Consulte a tabela de resistência química do
PPR disponível no catálogo técnico da linha.
*Fácil instalação. 
* Baixa condutividade térmica.
*Economia de energia.";UNIAO PPR 32MM;CONEXOES PPR;AQ;PC;Sacos;62.0;64.0;64.0;5.0;3917.40.90;7897801315791;17897801315798;27897801315795;UNIAO PPR 32MM;UNIAO;False;32.0;;0.062;0.062;32.0
1827;BOCAL M/F 20MM;FERRAMENTAS PPR;Executa com exclusividade a termofusão de tubos e conexões em PPR seguindo as instruções no manual de uso.;O processo de termofusão é simples e de fácil aplicação, conforme o passo a passo que consta no catálogo técnico da linha PPR disponível em nosso site no link DOWNLOADS.;*;"*ABNT NBR 15813
○ Parte 1
○ Parte 2
○ Parte 3
*ABNT NBR 7198
* DIN 8077
*DIN 8078
*DIN 16962";"*Consulte a tabela de resistência química do
PPR disponível no catálogo técnico da linha. 
*Fácil instalação. 
* Baixa condutividade térmica.
*Economia de energia.";BOCAL M/F 20MM;FERRAMENTAS PPR;AQ;PC;Sacos;50.0;57.0;60.0;1.0;8515.90.00;7897801315807;17897801315804;27897801315801;BOCAL M F 20MM;;False;20.0;;0.05;0.05;20.0
1828;BOCAL M/F 25MM;FERRAMENTAS PPR;Executa com exclusividade a termofusão de tubos e conexões em PPR seguindo as instruções no manual de uso.;O processo de termofusão é simples e de fácil aplicação, conforme o passo a passo que consta no catálogo técnico da linha PPR disponível em nosso site no link DOWNLOADS.;*;"*ABNT NBR 15813
○ Parte 1
○ Parte 2
○ Parte 3
*ABNT NBR 7198
* DIN 8077
*DIN 8078
*DIN 16962";"*Consulte a tabela de resistência química do
PPR disponível no catálogo técnico da linha. 
*Fácil instalação. 
* Baixa condutividade térmica.
*Economia de energia.";BOCAL M/F 25MM;FERRAMENTAS PPR;AQ;PC;Sacos;50.0;57.0;60.0;1.0;8515.90.00;7897801315814;17897801315811;27897801315818;BOCAL M F 25MM;;False;25.0;;0.05;0.05;25.0
1829;BOCAL M/F 32MM;FERRAMENTAS PPR;Executa com exclusividade a termofusão de tubos e conexões em PPR seguindo as instruções no manual de uso.;O processo de termofusão é simples e de fácil aplicação, conforme o passo a passo que consta no catálogo técnico da linha PPR disponível em nosso site no link DOWNLOADS.;*;"*ABNT NBR 15813
○ Parte 1
○ Parte 2
○ Parte 3
*ABNT NBR 7198
* DIN 8077
*DIN 8078
*DIN 16962";"*Consulte a tabela de resistência química do
PPR disponível no catálogo técnico da linha. 
*Fácil instalação. 
* Baixa condutividade térmica.
*Economia de energia.";BOCAL M/F 32MM;FERRAMENTAS PPR;AQ;PC;Sacos;50.0;57.0;60.0;1.0;8515.90.00;7897801315821;17897801315828;27897801315825;BOCAL M F 32MM;;False;32.0;;0.05;0.05;32.0
183;TUBO PVC BRANCO - 6M - 75MM;TUBOS PVC BRANCO;;;;;;;;;;;;;;;;;;;TUBO PVC BRANCO - 6M - 75MM;TUBO;True;75.0;6.0;;6.0;75.0
1830;BOCAL M/F 40MM;FERRAMENTAS PPR;Executa com exclusividade a termofusão de tubos e conexões em PPR seguindo as instruções no manual de uso.;O processo de termofusão é simples e de fácil aplicação, conforme o passo a passo que consta no catálogo técnico da linha PPR disponível em nosso site no link DOWNLOADS.;*;"*ABNT NBR 15813
○ Parte 1
○ Parte 2
○ Parte 3
*ABNT NBR 7198
* DIN 8077
*DIN 8078
*DIN 16962";"*Consulte a tabela de resistência química do
PPR disponível no catálogo técnico da linha. 
*Fácil instalação. 
* Baixa condutividade térmica.
*Economia de energia.";BOCAL M/F 40MM;FERRAMENTAS PPR;AQ;PC;Sacos;50.0;57.0;60.0;1.0;8515.90.00;7897801315838;17897801315835;27897801315832;BOCAL M F 40MM;;False;40.0;;0.05;0.05;40.0
1831;BOCAL M/F 50MM;FERRAMENTAS PPR;Executa com exclusividade a termofusão de tubos e conexões em PPR seguindo as instruções no manual de uso.;O processo de termofusão é simples e de fácil aplicação, conforme o passo a passo que consta no catálogo técnico da linha PPR disponível em nosso site no link DOWNLOADS.;*;"*ABNT NBR 15813
○ Parte 1
○ Parte 2
○ Parte 3
*ABNT NBR 7198
* DIN 8077
*DIN 8078
*DIN 16962";"*Consulte a tabela de resistência química do
PPR disponível no catálogo técnico da linha. 
*Fácil instalação. 
* Baixa condutividade térmica.
*Economia de energia.";BOCAL M/F 50MM;FERRAMENTAS PPR;AQ;PC;Sacos;50.0;95.0;90.0;1.0;8515.90.00;7897801315845;17897801315842;27897801315849;BOCAL M F 50MM;;False;50.0;;0.05;0.05;50.0
1832;BOCAL M/F 63MM;FERRAMENTAS PPR;Executa com exclusividade a termofusão de tubos e conexões em PPR seguindo as instruções no manual de uso.;O processo de termofusão é simples e de fácil aplicação, conforme o passo a passo que consta no catálogo técnico da linha PPR disponível em nosso site no link DOWNLOADS.;*;"*ABNT NBR 15813
○ Parte 1
○ Parte 2
○ Parte 3
*ABNT NBR 7198
* DIN 8077
*DIN 8078
*DIN 16962";"*Consulte a tabela de resistência química do
PPR disponível no catálogo técnico da linha. 
*Fácil instalação. 
* Baixa condutividade térmica.
*Economia de energia.";BOCAL M/F 63MM;FERRAMENTAS PPR;AQ;PC;Sacos;50.0;95.0;90.0;1.0;8515.90.00;7897801315852;17897801315859;27897801315856;BOCAL M F 63MM;;False;63.0;;0.05;0.05;63.0
1833;BOCAL M/F 75MM;FERRAMENTAS PPR;Executa com exclusividade a termofusão de tubos e conexões em PPR seguindo as instruções no manual de uso.;O processo de termofusão é simples e de fácil aplicação, conforme o passo a passo que consta no catálogo técnico da linha PPR disponível em nosso site no link DOWNLOADS.;*;"*ABNT NBR 15813
○ Parte 1
○ Parte 2
○ Parte 3
*ABNT NBR 7198
* DIN 8077
*DIN 8078
*DIN 16962";"*Consulte a tabela de resistência química do
PPR disponível no catálogo técnico da linha. 
*Fácil instalação. 
* Baixa condutividade térmica.
*Economia de energia.";BOCAL M/F 75MM;FERRAMENTAS PPR;AQ;PC;Sacos;50.0;105.0;105.0;1.0;8515.90.00;7897801315869;17897801315866;27897801315863;BOCAL M F 75MM;;False;75.0;;0.05;0.05;75.0
1834;BOCAL M/F 90MM;FERRAMENTAS PPR;Executa com exclusividade a termofusão de tubos e conexões em PPR seguindo as instruções no manual de uso.;O processo de termofusão é simples e de fácil aplicação, conforme o passo a passo que consta no catálogo técnico da linha PPR disponível em nosso site no link DOWNLOADS.;*;"*ABNT NBR 15813
○ Parte 1
○ Parte 2
○ Parte 3
*ABNT NBR 7198
* DIN 8077
*DIN 8078
*DIN 16962";"*Consulte a tabela de resistência química do
PPR disponível no catálogo técnico da linha. 
*Fácil instalação. 
* Baixa condutividade térmica.
*Economia de energia.";BOCAL M/F 90MM;FERRAMENTAS PPR;AQ;PC;Sacos;70.0;145.0;120.0;1.0;8515.90.00;7897801315876;17897801315873;27897801315870;BOCAL M F 90MM;;False;90.0;;0.07;0.07;90.0
1835;BOCAL M/F 110MM;FERRAMENTAS PPR;Executa com exclusividade a termofusão de tubos e conexões em PPR seguindo as instruções no manual de uso.;O processo de termofusão é simples e de fácil aplicação, conforme o passo a passo que consta no catálogo técnico da linha PPR disponível em nosso site no link DOWNLOADS.;*;"*ABNT NBR 15813
○ Parte 1
○ Parte 2
○ Parte 3
*ABNT NBR 7198
* DIN 8077
*DIN 8078
*DIN 16962";"*Consulte a tabela de resistência química do
PPR disponível no catálogo técnico da linha. 
*Fácil instalação. 
* Baixa condutividade térmica.
*Economia de energia.";BOCAL M/F 110MM;FERRAMENTAS PPR;AQ;PC;Sacos;70.0;145.0;120.0;1.0;8515.90.00;7897801315883;17897801315880;27897801315887;BOCAL M F 110MM;;False;110.0;;0.07;0.07;110.0
1836;CORTA-TUBOS PARA PPR DE 50 A 110MM;FERRAMENTAS PPR;Executa com exclusividade o corte em tubos da linha PPR 20 a 40mm e 50 a 110mm seguindo as instruções no manual de uso.;Utilizado em instalação de água quente residencial, comercial, industrial e pode ser embutida em parede de alvenaria, enterrada, parede oca (drywall) e instalações aparentes.;"*Material: Polipropileno Copolímero Random
PPR.
*Temperatura x Pressão Nominal:";"*ABNT NBR 15813
○ Parte 1
○ Parte 2
○ Parte 3
*ABNT NBR 7198
* DIN 8077
*DIN 8078
*DIN 16962";"*Consulte a tabela de resistência química do
PPR disponível no catálogo técnico da linha.
*Fácil instalação. 
* Baixa condutividade térmica. 
*Economia de energia.";CORTA-TUBOS PARA PPR DE 50 A 110MM;FERRAMENTAS PPR;AQ;PC;Caixas;70.0;170.0;350.0;1.0;8203.40.00;7897801315890;17897801315897;27897801315894;CORTA - TUBOS PARA PPR DE 50 A 110MM;;False;110.0;;0.07;0.07;110.0
1838;TESOURA PARA CORTE DE TUBO PPR;FERRAMENTAS PPR;Executa com exclusividade o corte em tubos da linha PPR 20 a 40mm e 50 a 110mm seguindo as instruções no manual de uso.;Utilizado em instalação de água quente residencial, comercial, industrial e pode ser embutida em parede de alvenaria, enterrada, parede oca (drywall) e instalações aparentes.;"*Material: Polipropileno Copolímero Random
PPR.
*Temperatura x Pressão Nominal:";"*ABNT NBR 15813
○ Parte 1
○ Parte 2
○ Parte 3
*ABNT NBR 7198
* DIN 8077
*DIN 8078
*DIN 16962";"*Consulte a tabela de resistência química do
PPR disponível no catálogo técnico da linha.
*Fácil instalação. 
* Baixa condutividade térmica. 
*Economia de energia.";TESOURA PARA CORTE DE TUBO PPR;FERRAMENTAS PPR;AQ;PC;Caixas;30.0;290.0;120.0;1.0;8203.40.00;7897801315906;17897801315903;27897801315900;TESOURA PARA CORTE DE TUBO PPR;TUBO;True;;;0.03;0.03;
184;TUBO PVC BRANCO - 6M - 100MM;TUBOS PVC BRANCO;;;;;;;;;;;;;;;;;;;TUBO PVC BRANCO - 6M - 100MM;TUBO;True;100.0;6.0;;6.0;100.0
1840;TERMOFUSOR 110V R63;FERRAMENTAS PPR;Executa com exclusividade a termofusão de tubos e conexões em PPR seguindo as instruções no manual de uso.;O processo de termofusão é simples e de fácil aplicação, conforme o passo a passo que consta no catálogo técnico da linha PPR disponível em nosso site no link DOWNLOADS.;*;"*ABNT NBR 15813
○ Parte 1
○ Parte 2
○ Parte 3
*ABNT NBR 7198
* DIN 8077
*DIN 8078
*DIN 16962";"*Consulte a tabela de resistência química do
PPR disponível no catálogo técnico da linha. 
*Fácil instalação.
* Baixa condutividade térmica. 
*Economia de energia.";TERMOFUSOR 110V R63;FERRAMENTAS PPR;AQ;PC;Caixas;490.0;250.0;150.0;1.0;8515.80.90;7897801315913;17897801315910;27897801315917;TERMOFUSOR 110V R63;;False;;;0.49;0.49;
1841;TERMOFUSOR 1000W/220V R63;FERRAMENTAS PPR;Executa com exclusividade a termofusão de tubos e conexões em PPR seguindo as instruções no manual de uso.;O processo de termofusão é simples e de fácil aplicação, conforme o passo a passo que consta no catálogo técnico da linha PPR disponível em nosso site no link DOWNLOADS.;*;"*ABNT NBR 15813
○ Parte 1
○ Parte 2
○ Parte 3
*ABNT NBR 7198
* DIN 8077
*DIN 8078
*DIN 16962";"*Consulte a tabela de resistência química do
PPR disponível no catálogo técnico da linha. 
*Fácil instalação.
* Baixa condutividade térmica. 
*Economia de energia.";TERMOFUSOR 1000W/220V R63;FERRAMENTAS PPR;AQ;PC;Caixas;100.0;250.0;500.0;1.0;8515.80.90;7897801315920;17897801315927;27897801315924;TERMOFUSOR 1000W 220V R63;;False;;;0.1;0.1;
1842;TERMOFUSOR 1200W/220V R110;FERRAMENTAS PPR;Executa com exclusividade a termofusão de tubos e conexões em PPR seguindo as instruções no manual de uso.;O processo de termofusão é simples e de fácil aplicação, conforme o passo a passo que consta no catálogo técnico da linha PPR disponível em nosso site no link DOWNLOADS.;*;"*ABNT NBR 15813
○ Parte 1
○ Parte 2
○ Parte 3
*ABNT NBR 7198
* DIN 8077
*DIN 8078
*DIN 16962";"*Consulte a tabela de resistência química do
PPR disponível no catálogo técnico da linha. 
*Fácil instalação.
* Baixa condutividade térmica. 
*Economia de energia.";TERMOFUSOR 1200W/220V R110;FERRAMENTAS PPR;AQ;PC;Caixas;100.0;250.0;500.0;1.0;8515.80.90;7897801315937;17897801315934;27897801315931;TERMOFUSOR 1200W 220V R110;;False;;;0.1;0.1;
1844;TERMOFUSOR 800W/110V R63;FERRAMENTAS PPR;;;;;;TERMOFUSOR 800W/110V R63;FERRAMENTAS PPR;AQ;PC;Caixas;450.0;250.0;120.0;1.0;8515.80.90;7897801319478;17897801319475;27897801319472;TERMOFUSOR 800W 110V R63;;False;;;0.45;0.45;
1845;JOELHO 90 F/F INS MET PPR 25X1/2;CONEXOES PPR;;;;;;JOELHO 90 F/F INS MET PPR 25X1/2;CONEXOES PPR;AQ;PC;Sacos;38.0;46.0;55.0;10.0;3917.40.90;7897801316798;17897801316795;27897801316792;JOELHO 90 F F INS MET PPR 25X1 2;JOELHO;False;;;0.038;0.038;
185;TUBO PVC BRANCO - 6M - 150MM;TUBOS PVC BRANCO;;;;;;;;;;;;;;;;;;;TUBO PVC BRANCO - 6M - 150MM;TUBO;True;150.0;6.0;;6.0;150.0
1889;BOCAL P/ REPARAR TUBULACAO 7MM;FERRAMENTAS PPR;Executa com exclusividade o reparo em tubos da linha PPR, bitola de 7 e 11 mm seguindo as instruções de montagem.;Utilizado em instalação de água quente residencial, comercial e industrial.;*;"*ABNT NBR 15813
○ Parte 1
○ Parte 2
○ Parte 3
*ABNT NBR 7198
* DIN 8077
*DIN 8078
*DIN 16962";"*Consulte a tabela de resistência química do
PPR disponível no catálogo técnico da linha. 
*Fácil instalação.
* Baixa condutividade térmica.
*Economia de energia";BOCAL P/ REPARAR TUBULACAO 7MM;FERRAMENTAS PPR;AQ;PC;Caixas;50.0;95.0;90.0;1.0;8515.90.00;7897801316453;17897801316450;27897801316457;BOCAL P REPARAR TUBULACAO 7MM;;False;7.0;;0.05;0.05;7.0
1890;BOCAL P/ REPARAR TUBULACAO 11MM;FERRAMENTAS PPR;Executa com exclusividade o reparo em tubos da linha PPR, bitola de 7 e 11 mm seguindo as instruções de montagem.;Utilizado em instalação de água quente residencial, comercial e industrial.;*;"*ABNT NBR 15813
○ Parte 1
○ Parte 2
○ Parte 3
*ABNT NBR 7198
* DIN 8077
*DIN 8078
*DIN 16962";"*Consulte a tabela de resistência química do
PPR disponível no catálogo técnico da linha. 
*Fácil instalação.
* Baixa condutividade térmica.
*Economia de energia";BOCAL P/ REPARAR TUBULACAO 11MM;FERRAMENTAS PPR;AQ;PC;Caixas;50.0;95.0;90.0;1.0;8515.90.00;7897801316927;17897801316924;27897801316921;BOCAL P REPARAR TUBULACAO 11MM;;False;11.0;;0.05;0.05;11.0
1892;TE F/F/F PPR 90MM;CONEXOES PPR;;;;;;TE F/F/F PPR 90MM;CONEXOES PPR;AQ;PC;Sacos;122.0;145.0;165.0;1.0;3917.40.90;7897801316729;17897801316726;27897801316723;TE F F F PPR 90MM;TE;False;90.0;;0.122;0.122;90.0
1893;TE F/F/F PPR 110MM;CONEXOES PPR;;;;;;TE F/F/F PPR 110MM;CONEXOES PPR;AQ;PC;Sacos;148.0;175.0;198.0;1.0;3917.40.90;7897801316736;17897801316733;27897801316730;TE F F F PPR 110MM;TE;False;110.0;;0.148;0.148;110.0
1925;UNIAO SOLDAVEL 3/4 - EXP;CONEXOES SOLDAVEIS;;;;;;UNIAO SOLDAVEL 3/4 - EXP;CONEXOES SOLDAVEIS;AF;PC;Sacos;55.0;45.0;55.0;20.0;3917.40.90;7897801317986;17897801317983;27897801317980;UNIAO SOLDAVEL 3 4 - EXP;UNIAO;False;;;0.055;0.055;
1926;UNIAO SOLDAVEL 1 - EXP;CONEXOES SOLDAVEIS;;;;;;UNIAO SOLDAVEL 1 - EXP;CONEXOES SOLDAVEIS;AF;PC;Sacos;55.0;62.0;62.0;10.0;3917.40.90;7897801317917;17897801317914;27897801317911;UNIAO SOLDAVEL 1 - EXP;UNIAO;False;;;0.055;0.055;
1927;UNIAO SOLDAVEL 1.1/4 - EXP;CONEXOES SOLDAVEIS;;;;;;UNIAO SOLDAVEL 1.1/4 - EXP;CONEXOES SOLDAVEIS;AF;PC;Sacos;80.0;70.0;80.0;8.0;3917.40.90;7897801317931;17897801317938;27897801317935;UNIAO SOLDAVEL 1.1 4 - EXP;UNIAO;False;;;0.08;0.08;
1930;UNIAO SOLDAVEL 3 - EXP;CONEXOES SOLDAVEIS;;;;;;UNIAO SOLDAVEL 3 - EXP;CONEXOES SOLDAVEIS;AF;PC;Sacos;160.0;110.0;100.0;1.0;3917.40.90;7897801317979;17897801317976;27897801317973;UNIAO SOLDAVEL 3 - EXP;UNIAO;False;;;0.16;0.16;
1931;UNIAO SOLDAVEL 4 - EXP;CONEXOES SOLDAVEIS;;;;;;UNIAO SOLDAVEL 4 - EXP;CONEXOES SOLDAVEIS;AF;PC;Sacos;140.0;190.0;190.0;1.0;3917.40.90;7897801317955;17897801317952;27897801317959;UNIAO SOLDAVEL 4 - EXP;UNIAO;False;;;0.14;0.14;
1953;REGISTRO ESFERA ROSCAVEL - 1 CINZA EXP;REGISTROS ESFERA COMPACTO;;;;;;REGISTRO ESFERA ROSCAVEL - 1 CINZA EXP;REGISTROS ESFERA COMPACTO;AF;PC;Sacos;85.0;50.0;80.0;2.0;8481.80.95;7897801317474;17897801317471;27897801317478;REGISTRO ESFERA ROSCAVEL - 1 CINZA EXP;REGISTRO;False;;;0.085;0.085;
1954;REGISTRO ESFERA ROSCAVEL - 1.1/4 CINZA EXP;REGISTROS ESFERA COMPACTO;;;;;;REGISTRO ESFERA ROSCAVEL - 1.1/4 CINZA EXP;REGISTROS ESFERA COMPACTO;AF;PC;Sacos;110.0;70.0;95.0;3.0;8481.80.95;7897801317481;17897801317488;27897801317485;REGISTRO ESFERA ROSCAVEL - 1.1 4 CINZA EXP;REGISTRO;False;;;0.11;0.11;
1955;REGISTRO ESFERA ROSCAVEL - 1.1/2 CINZA EXP;REGISTROS ESFERA COMPACTO;;;;;;REGISTRO ESFERA ROSCAVEL - 1.1/2 CINZA EXP;REGISTROS ESFERA COMPACTO;AF;PC;Sacos;125.0;70.0;110.0;3.0;8481.80.95;7897801317498;17897801317495;27897801317492;REGISTRO ESFERA ROSCAVEL - 1.1 2 CINZA EXP;REGISTRO;False;;;0.125;0.125;
1960;TORNEIRA ESF.P/JARDIM/TANQUE - 1/2 E 3/4 EXP;TORNEIRAS ESFERA P/JARDIM /TANQUE;Obstruir, interromper e controlar o fluxo de água decorrente da instalação hidráulica.;Sendo altamente testado pode ser utilizado na instalação de água fria residencial, comercial e industrial.;"*Material: PP (polipropileno).
*Processo: Injeção
*Cor: Corpo branco e Manípulo azul. 
*A pressão máxima de trabalho é 40mca
(4kgf/cm²). 
*A temperatura máxima de trabalho é de 45°C. 
*Componentes: corpo, ponteira, abraçadeira,
bucha de redução, haste(interna) e anel de
vedação(interno).";*ABNT NBR 10281;"*Design clean;
*Manípulo com melhor ergonomia para abertura
e fechamento em ¼ de volta
*Possui duas ponteiras para instalação de
mangueira ½” e ¾”.
* Acompanha bucha de redução com rosca de
¾” e ½”.
*Instale o produto manualmente, uso de
ferramentas podem danificá-los.
*Instalação simples e rápida. 
*Superfície lisa, fácil de limpar.";TORNEIRA ESF.P/JARDIM/TANQUE - 1/2 E 3/4 EXP;TORNEIRAS ESFERA P/JARDIM /TANQUE;AF;PC;Sacos;100.0;70.0;25.0;6.0;8481.80.99;7897801317863;17897801317860;27897801317867;TORNEIRA ESF.P JARDIM TANQUE - 1 2 E 3 4 EXP;;False;;;0.1;0.1;
1961;REGISTRO ESF.SOLD.C/ UNIAO - 20MM CINZA EXP;REGISTROS ESFERA C/UNIAO;;;;;;REGISTRO ESF.SOLD.C/ UNIAO - 20MM CINZA EXP;REGISTROS ESFERA C/UNIAO;AF;PC;Sacos;70.0;50.0;70.0;10.0;8481.80.95;7897801317542;17897801317549;47897801317540;REGISTRO ESF.SOLDAVEL.C UNIAO - 20MM CINZA EXP;REGISTRO;False;20.0;;0.07;0.07;20.0
1962;REGISTRO ESF.SOLD.C/ UNIAO - 25MM CINZA EXP;REGISTROS ESFERA C/UNIAO;;;;;;REGISTRO ESF.SOLD.C/ UNIAO - 25MM CINZA EXP;REGISTROS ESFERA C/UNIAO;AF;PC;Sacos;90.0;60.0;90.0;10.0;8481.80.95;7897801317559;17897801317556;27897801317553;REGISTRO ESF.SOLDAVEL.C UNIAO - 25MM CINZA EXP;REGISTRO;False;25.0;;0.09;0.09;25.0
1964;REGISTRO ESF.SOLD.C/ UNIAO - 40MM CINZA EXP;REGISTROS ESFERA C/UNIAO;;;;;;REGISTRO ESF.SOLD.C/ UNIAO - 40MM CINZA EXP;REGISTROS ESFERA C/UNIAO;AF;PC;Sacos;120.0;100.0;110.0;5.0;8481.80.95;7897801317573;17897801317570;47897801317571;REGISTRO ESF.SOLDAVEL.C UNIAO - 40MM CINZA EXP;REGISTRO;False;40.0;;0.12;0.12;40.0
1965;REGISTRO ESF.SOLD.C/ UNIAO - 50MM CINZA EXP;REGISTROS ESFERA C/UNIAO;;;;;;REGISTRO ESF.SOLD.C/ UNIAO - 50MM CINZA EXP;REGISTROS ESFERA C/UNIAO;AF;PC;Sacos;135.0;90.0;135.0;2.0;8481.80.95;7897801317580;17897801317587;47897801317588;REGISTRO ESF.SOLDAVEL.C UNIAO - 50MM CINZA EXP;REGISTRO;False;50.0;;0.135;0.135;50.0
1970;REGISTRO ESF.ROSC.C/ UNIAO - 1/2 CINZA EXP;REGISTROS ESFERA C/UNIAO;;;;;;REGISTRO ESF.ROSC.C/ UNIAO - 1/2 CINZA EXP;REGISTROS ESFERA C/UNIAO;AF;PC;Sacos;70.0;70.0;70.0;10.0;8481.80.95;7897801317603;17897801317600;27897801317607;REGISTRO ESF.ROSCAVEL.C UNIAO - 1 2 CINZA EXP;REGISTRO;False;;;0.07;0.07;
1971;REGISTRO ESF.ROSC.C/ UNIAO - 3/4 CINZA EXP;REGISTROS ESFERA C/UNIAO;;;;;;REGISTRO ESF.ROSC.C/ UNIAO - 3/4 CINZA EXP;REGISTROS ESFERA C/UNIAO;AF;PC;Sacos;90.0;60.0;85.0;10.0;8481.80.95;7897801317610;17897801317617;47897801317618;REGISTRO ESF.ROSCAVEL.C UNIAO - 3 4 CINZA EXP;REGISTRO;False;;;0.09;0.09;
1972;REGISTRO ESF.ROSC.C/ UNIAO - 1 CINZA EXP;REGISTROS ESFERA C/UNIAO;;;;;;REGISTRO ESF.ROSC.C/ UNIAO - 1 CINZA EXP;REGISTROS ESFERA C/UNIAO;AF;PC;Sacos;110.0;70.0;100.0;5.0;8481.80.95;7897801317627;17897801317624;27897801317621;REGISTRO ESF.ROSCAVEL.C UNIAO - 1 CINZA EXP;REGISTRO;False;;;0.11;0.11;
1973;REGISTRO ESF.ROSC.C/ UNIAO - 1 1/4 CINZA EXP;REGISTROS ESFERA C/UNIAO;;;;;;REGISTRO ESF.ROSC.C/ UNIAO - 1 1/4 CINZA EXP;REGISTROS ESFERA C/UNIAO;AF;PC;Sacos;80.0;100.0;120.0;5.0;8481.80.95;7897801317634;17897801317631;47897801317632;REGISTRO ESF.ROSCAVEL.C UNIAO - 1 1 4 CINZA EXP;REGISTRO;False;;;0.08;0.08;
1974;REGISTRO ESF.ROSC.C/ UNIAO - 1.1/2 CINZA EXP;REGISTROS ESFERA C/UNIAO;;;;;;REGISTRO ESF.ROSC.C/ UNIAO - 1.1/2 CINZA EXP;REGISTROS ESFERA C/UNIAO;AF;PC;Sacos;13.5;13.5;9.8;2.0;8481.80.95;7897801317641;17897801317648;27897801317645;REGISTRO ESF.ROSCAVEL.C UNIAO - 1.1 2 CINZA EXP;REGISTRO;False;;;0.0135;0.0135;
1981;DURO PVC - LUVA ROSCAVEL 1;CONEXOES ROSCAVEIS;;;;;;DURO PVC - LUVA ROSCAVEL 1;CONEXOES ROSCAVEIS;AF;PC;Sacos;44.0;44.0;44.0;150.0;3917.40.90;7897801320603;17897801320600;27897801320607;DURO PVC - LUVA ROSCAVEL 1;LUVA;False;;;0.044;0.044;
1984;DURO PVC - LUVA ROSCAVEL 2;CONEXOES ROSCAVEIS;;;;;;DURO PVC - LUVA ROSCAVEL 2;CONEXOES ROSCAVEIS;AF;PC;Sacos;60.0;70.0;70.0;60.0;3917.40.90;7897801320634;17897801320631;27897801320638;DURO PVC - LUVA ROSCAVEL 2;LUVA;False;;;0.06;0.06;
200;ADAPTADOR ROSC. P/CX.DAGUA 1/2;ADAP.P/CX.D AGUA ROSC.;;;;;;ADAPTADOR ROSC. P/CX.DAGUA   1/2;ADAP.P/CX.D AGUA ROSC.;AF;PC;Sacos;70.0;60.0;70.0;10.0;3917.40.90;7897801312806;17897801312803;27897801312800;ADAPTADOR ROSCAVEL. P CX.DAGUA 1 2;ADAPTADOR;False;;;0.07;0.07;
201;ADAPTADOR ROSC. P/CX.DAGUA 3/4;ADAP.P/CX.D AGUA ROSC.;;;;;;ADAPTADOR ROSC. P/CX.DAGUA   3/4;ADAP.P/CX.D AGUA ROSC.;AF;PC;Sacos;60.0;60.0;70.0;10.0;3917.40.90;7897801312820;17897801312827;27897801312824;ADAPTADOR ROSCAVEL. P CX.DAGUA 3 4;ADAPTADOR;False;;;0.06;0.06;
202;ADAPTADOR ROSC. P/CX.DAGUA 1;ADAP.P/CX.D AGUA ROSC.;;;;;;ADAPTADOR ROSC. P/CX.DAGUA     1;ADAP.P/CX.D AGUA ROSC.;AF;PC;Sacos;70.0;70.0;80.0;10.0;3917.40.90;7897801312851;17897801312858;27897801312855;ADAPTADOR ROSCAVEL. P CX.DAGUA 1;ADAPTADOR;False;;;0.07;0.07;
203;ADAPTADOR ROSC. P/CX.DAGUA 1.1/4;ADAP.P/CX.D AGUA ROSC.;;;;;;ADAPTADOR ROSC. P/CX.DAGUA 1.1/4;ADAP.P/CX.D AGUA ROSC.;AF;PC;Sacos;70.0;70.0;90.0;5.0;3917.40.90;7897801312844;17897801312841;27897801312848;ADAPTADOR ROSCAVEL. P CX.DAGUA 1.1 4;ADAPTADOR;False;;;0.07;0.07;
204;ADAPTADOR ROSC. P/CX.DAGUA 1.1/2;ADAP.P/CX.D AGUA ROSC.;;;;;;ADAPTADOR ROSC. P/CX.DAGUA 1.1/2;ADAP.P/CX.D AGUA ROSC.;AF;PC;Sacos;80.0;90.0;80.0;5.0;3917.40.90;7897801312837;17897801312834;27897801312831;ADAPTADOR ROSCAVEL. P CX.DAGUA 1.1 2;ADAPTADOR;False;;;0.08;0.08;
205;ADAPTADOR ROSC. P/CX.DAGUA 2;ADAP.P/CX.D AGUA ROSC.;;;;;;ADAPTADOR ROSC. P/CX.DAGUA 2;ADAP.P/CX.D AGUA ROSC.;AF;PC;Sacos;100.0;90.0;10.0;5.0;3917.40.90;7897801312868;17897801312865;27897801312862;ADAPTADOR ROSCAVEL. P CX.DAGUA 2;ADAPTADOR;False;;;0.1;0.1;
208;BUCHA RED.ROSC. 3/4 X 1/2;CONEXOES ROSCAVEIS;;;;;;BUCHA RED.ROSC. 3/4 X 1/2;CONEXOES ROSCAVEIS;AF;PC;Sacos;30.0;30.0;27.0;50.0;3917.40.90;7897801302128;17897801302125;47897801302126;BUCHA RED.ROSCAVEL. 3 4 X 1 2;BUCHA;False;;;0.03;0.03;
209;BUCHA RED.ROSC. 1 X 1/2;CONEXOES ROSCAVEIS;;;;;;BUCHA RED.ROSC. 1 X 1/2;CONEXOES ROSCAVEIS;AF;PC;Sacos;30.0;30.0;40.0;16.0;3917.40.90;7897801312189;17897801312186;27897801312183;BUCHA RED.ROSCAVEL. 1 X 1 2;BUCHA;False;;;0.03;0.03;
210;BUCHA RED.ROSC. 1 X 3/4;CONEXOES ROSCAVEIS;;;;;;BUCHA RED.ROSC. 1 X 3/4;CONEXOES ROSCAVEIS;AF;PC;Sacos;36.0;30.0;36.0;24.0;3917.40.90;7897801307673;17897801307670;47897801307671;BUCHA RED.ROSCAVEL. 1 X 3 4;BUCHA;False;;;0.036;0.036;
211;BUCHA RED.ROSC. 1.1/4 X 1;CONEXOES ROSCAVEIS;;;;;;BUCHA RED.ROSC. 1.1/4 X 1;CONEXOES ROSCAVEIS;AF;PC;Sacos;30.0;50.0;40.0;16.0;3917.40.90;7897801312196;17897801312193;27897801312190;BUCHA RED.ROSCAVEL. 1.1 4 X 1;BUCHA;False;;;0.03;0.03;
212;BUCHA RED.ROSC. 1.1/4 X 3/4;CONEXOES ROSCAVEIS;;;;;;BUCHA RED.ROSC. 1.1/4 X 3/4;CONEXOES ROSCAVEIS;AF;PC;Sacos;30.0;30.0;40.0;16.0;3917.40.90;7897801312202;17897801312209;27897801312206;BUCHA RED.ROSCAVEL. 1.1 4 X 3 4;BUCHA;False;;;0.03;0.03;
213;BUCHA RED.ROSC. 1.1/2 X 1/2;CONEXOES ROSCAVEIS;;;;;;BUCHA RED.ROSC. 1.1/2 X 1/2;CONEXOES ROSCAVEIS;AF;PC;Sacos;50.0;30.0;50.0;16.0;3917.40.90;7897801311533;17897801311530;27897801311537;BUCHA RED.ROSCAVEL. 1.1 2 X 1 2;BUCHA;False;;;0.05;0.05;
214;BUCHA DE REDUCAO 1.1/2 X 3/4;CONEXOES ROSCAVEIS;;;;;;BUCHA DE REDUCAO 1.1/2 X 3/4;CONEXOES ROSCAVEIS;AF;PC;Sacos;50.0;31.0;50.0;16.0;3917.40.90;7897801311649;17897801311646;27897801311643;BUCHA DE REDUCAO 1.1 2 X 3 4;BUCHA;False;;;0.05;0.05;
215;BUCHA DE REDUCAO 1.1/2 X 1;CONEXOES ROSCAVEIS;;;;;;BUCHA DE REDUCAO 1.1/2 X 1;CONEXOES ROSCAVEIS;AF;PC;Sacos;50.0;30.0;50.0;16.0;3917.40.90;7897801311755;17897801311752;27897801311759;BUCHA DE REDUCAO 1.1 2 X 1;BUCHA;False;;;0.05;0.05;
216;BUCHA RED.ROSC. 1.1/2 X 1.1/4;CONEXOES ROSCAVEIS;;;;;;BUCHA RED.ROSC. 1.1/2 X 1.1/4;CONEXOES ROSCAVEIS;AF;PC;Sacos;40.0;50.0;40.0;12.0;3917.40.90;7897801312219;17897801312216;27897801312213;BUCHA RED.ROSCAVEL. 1.1 2 X 1.1 4;BUCHA;False;;;0.04;0.04;
217;BUCHA RED.ROSC. 2 X 1;CONEXOES ROSCAVEIS;;;;;;BUCHA RED.ROSC. 2 X 1;CONEXOES ROSCAVEIS;AF;PC;Sacos;40.0;40.0;60.0;8.0;3917.40.90;7897801312226;17897801312223;27897801312220;BUCHA RED.ROSCAVEL. 2 X 1;BUCHA;False;;;0.04;0.04;
218;BUCHA RED.ROSC. 2 X 1.1/2;CONEXOES ROSCAVEIS;;;;;;BUCHA RED.ROSC. 2 X 1.1/2;CONEXOES ROSCAVEIS;AF;PC;Sacos;40.0;40.0;60.0;8.0;3917.40.90;7897801312233;17897801312230;27897801312237;BUCHA RED.ROSCAVEL. 2 X 1.1 2;BUCHA;False;;;0.04;0.04;
220;CAP ROSCAVEL 1/2;CONEXOES ROSCAVEIS;;;;;;CAP ROSCAVEL 1/2;CONEXOES ROSCAVEIS;AF;PC;Sacos;32.0;28.0;32.0;30.0;3917.40.90;7897801309592;17897801309599;27897801309596;CAP ROSCAVEL 1 2;CAP;False;;;0.032;0.032;
221;CAP ROSCAVEL 3/4;CONEXOES ROSCAVEIS;;;;;;CAP ROSCAVEL 3/4;CONEXOES ROSCAVEIS;AF;PC;Sacos;36.0;23.0;36.0;30.0;3917.40.90;7897801309608;17897801309605;27897801309602;CAP ROSCAVEL 3 4;CAP;False;;;0.036;0.036;
222;CAP ROSCAVEL 1;CONEXOES ROSCAVEIS;;;;;;CAP ROSCAVEL 1;CONEXOES ROSCAVEIS;AF;PC;Sacos;44.0;30.0;42.0;15.0;3917.40.90;7897801309714;17897801309711;27897801309718;CAP ROSCAVEL 1;CAP;False;;;0.044;0.044;
223;CAP ROSCAVEL 1.1/2;CONEXOES ROSCAVEIS;;;;;;CAP ROSCAVEL 1.1/2;CONEXOES ROSCAVEIS;AF;PC;Sacos;60.0;40.0;60.0;10.0;3917.40.90;7897801311434;17897801311431;27897801311438;CAP ROSCAVEL 1.1 2;CAP;False;;;0.06;0.06;
224;CAP ROSCAVEL 1.1/4;CONEXOES ROSCAVEIS;;;;;;CAP ROSCAVEL 1.1/4;CONEXOES ROSCAVEIS;AF;PC;Sacos;16.0;15.0;4.0;10.0;3917.40.90;7897801319423;17897801319420;27897801319427;CAP ROSCAVEL 1.1 4;CAP;False;;;0.016;0.016;
225;CAP ROSCAVEL 2;CONEXOES ROSCAVEIS;;;;;;CAP ROSCAVEL 2;CONEXOES ROSCAVEIS;AF;PC;Sacos;71.0;17.0;50.0;5.0;3917.40.90;7897801319430;17897801319437;27897801319434;CAP ROSCAVEL 2;CAP;False;;;0.071;0.071;
226;CURVA ROSC 1/2;CONEXOES ROSCAVEIS;;;;;;CURVA ROSC 1/2;CONEXOES ROSCAVEIS;AF;PC;Sacos;60.0;20.0;60.0;24.0;3917.40.90;7897801312721;17897801312728;27897801312725;CURVA ROSCAVEL 1 2;JOELHO;False;;;0.06;0.06;
227;CURVA ROSC 3/4;CONEXOES ROSCAVEIS;;;;;;CURVA ROSC 3/4;CONEXOES ROSCAVEIS;AF;PC;Sacos;130.0;20.0;80.0;24.0;3917.40.90;7897801312738;17897801312735;27897801312732;CURVA ROSCAVEL 3 4;JOELHO;False;;;0.13;0.13;
228;CURVA ROSC 1.1/4;CONEXOES ROSCAVEIS;;;;;;CURVA ROSC 1.1/4;CONEXOES ROSCAVEIS;AF;PC;Sacos;150.0;40.0;40.0;8.0;3917.40.90;7897801312639;17897801312636;27897801312633;CURVA ROSCAVEL 1.1 4;JOELHO;False;;;0.15;0.15;
229;CURVA ROSC 1.1/2;CONEXOES ROSCAVEIS;;;;;;CURVA ROSC 1.1/2;CONEXOES ROSCAVEIS;AF;PC;Sacos;30.0;30.0;40.0;10.0;3917.40.90;7897801312646;17897801312643;27897801312640;CURVA ROSCAVEL 1.1 2;JOELHO;False;;;0.03;0.03;
23;TUBO PVC SOLDAVEL - 6M - 20MM;TUBOS PVC SOLDAVEL;;;;;;TUBO PVC SOLDAVEL - 6M - 20MM;TUBOS PVC SOLDAVEL;AF;BR;Amarrados;6000.0;20.0;20.0;12.0;3917.23.00;7897801304009;17897801304006;27897801304003;TUBO PVC SOLDAVEL - 6M - 20MM;TUBO;True;20.0;6.0;6.0;6.0;20.0
230;CURVA ROSC 1;CONEXOES ROSCAVEIS;;;;;;CURVA ROSC 1;CONEXOES ROSCAVEIS;AF;PC;Sacos;10.0;30.0;30.0;12.0;3917.40.90;7897801312745;17897801312742;27897801312749;CURVA ROSCAVEL 1;JOELHO;False;;;0.01;0.01;
24;TUBO PVC SOLDAVEL - 6M - 25MM;TUBOS PVC SOLDAVEL;;;;;;TUBO PVC SOLDAVEL - 6M - 25MM;TUBOS PVC SOLDAVEL;AF;BR;Amarrados;6000.0;25.0;25.0;8.0;3917.23.00;7897801304016;17897801304013;27897801304010;TUBO PVC SOLDAVEL - 6M - 25MM;TUBO;True;25.0;6.0;6.0;6.0;25.0
25;TUBO PVC SOLDAVEL - 6M - 32MM;TUBOS PVC SOLDAVEL;;;;;;TUBO PVC SOLDAVEL - 6M - 32MM;TUBOS PVC SOLDAVEL;AF;BR;Amarrados;6000.0;32.0;32.0;10.0;3917.23.00;7897801304023;17897801304020;27897801304027;TUBO PVC SOLDAVEL - 6M - 32MM;TUBO;True;32.0;6.0;6.0;6.0;32.0
250;JOELHO 45 1/2;CONEXOES ROSCAVEIS;;;;;;JOELHO 45 1/2;CONEXOES ROSCAVEIS;AF;PC;Sacos;50.0;35.0;30.0;15.0;3917.40.90;7897801311656;17897801311653;27897801311650;JOELHO 45 1 2;JOELHO;False;;;0.05;0.05;
251;JOELHO 45 3/4;CONEXOES ROSCAVEIS;;;;;;JOELHO 45 3/4;CONEXOES ROSCAVEIS;AF;PC;Sacos;65.0;45.0;35.0;15.0;3917.40.90;7897801311496;17897801311493;27897801311490;JOELHO 45 3 4;JOELHO;False;;;0.065;0.065;
252;JOELHO 45 1;CONEXOES ROSCAVEIS;;;;;;JOELHO 45 1;CONEXOES ROSCAVEIS;AF;PC;Sacos;78.0;50.0;44.0;8.0;3917.40.90;7897801312240;17897801312247;27897801312244;JOELHO 45 1;JOELHO;False;;;0.078;0.078;
254;JOELHO 45 1.1/2;CONEXOES ROSCAVEIS;;;;;;JOELHO 45 1.1/2;CONEXOES ROSCAVEIS;AF;PC;Sacos;90.0;60.0;60.0;8.0;3917.40.90;7897801312257;17897801312254;27897801312251;JOELHO 45 1.1 2;JOELHO;False;;;0.09;0.09;
256;JOELHO 90 ROSC 1/2;CONEXOES ROSCAVEIS;;;;;;JOELHO 90 ROSC 1/2;CONEXOES ROSCAVEIS;AF;PC;Sacos;43.0;30.0;43.0;20.0;3917.40.90;7897801302418;17897801302415;47897801302416;JOELHO 90 ROSCAVEL 1 2;JOELHO;False;;;0.043;0.043;
257;JOELHO 90 ROSC 3/4;CONEXOES ROSCAVEIS;;;;;;JOELHO 90 ROSC 3/4;CONEXOES ROSCAVEIS;AF;PC;Sacos;48.0;36.0;48.0;20.0;3917.40.90;7897801301404;17897801301401;47897801301402;JOELHO 90 ROSCAVEL 3 4;JOELHO;False;;;0.048;0.048;
258;JOELHO 90 ROSC 1;CONEXOES ROSCAVEIS;;;;;;JOELHO 90 ROSC 1;CONEXOES ROSCAVEIS;AF;PC;Sacos;61.0;44.0;61.0;24.0;3917.40.90;7897801308854;17897801308851;47897801308852;JOELHO 90 ROSCAVEL 1;JOELHO;False;;;0.061;0.061;
259;JOELHO 90 ROSC 1.1/4;CONEXOES ROSCAVEIS;;;;;;JOELHO 90 ROSC 1.1/4;CONEXOES ROSCAVEIS;AF;PC;Sacos;55.0;75.0;75.0;8.0;3917.40.90;7897801311854;17897801311851;27897801311858;JOELHO 90 ROSCAVEL 1.1 4;JOELHO;False;;;0.055;0.055;
26;TUBO PVC SOLDAVEL - 6M - 40MM;TUBOS PVC SOLDAVEL;;;;;;TUBO PVC SOLDAVEL - 6M - 40MM;TUBOS PVC SOLDAVEL;AF;BR;Amarrados;6000.0;40.0;40.0;5.0;3917.23.00;7897801304030;17897801304037;27897801304034;TUBO PVC SOLDAVEL - 6M - 40MM;TUBO;True;40.0;6.0;6.0;6.0;40.0
260;JOELHO 90 ROSC 1.1/2;CONEXOES ROSCAVEIS;;;;;;JOELHO 90 ROSC 1.1/2;CONEXOES ROSCAVEIS;AF;PC;Sacos;60.0;85.0;85.0;10.0;3917.40.90;7897801311618;17897801311615;27897801311612;JOELHO 90 ROSCAVEL 1.1 2;JOELHO;False;;;0.06;0.06;
261;JOELHO 90 ROSC 2;CONEXOES ROSCAVEIS;;;;;;JOELHO 90 ROSC 2;CONEXOES ROSCAVEIS;AF;PC;Sacos;100.0;100.0;75.0;8.0;3917.40.90;7897801311892;17897801311899;27897801311896;JOELHO 90 ROSCAVEL 2;JOELHO;False;;;0.1;0.1;
262;JOELHO RED ROSC 3/4 X 1/2;CONEXOES ROSCAVEIS;;;;;;JOELHO RED ROSC 3/4 X 1/2;CONEXOES ROSCAVEIS;AF;PC;Sacos;43.0;38.0;48.0;20.0;3917.40.90;7897801307680;17897801307687;47897801307688;JOELHO RED ROSCAVEL 3 4 X 1 2;JOELHO;False;;;0.043;0.043;
263;JOELHO RED ROSC 1 X 3/4;CONEXOES ROSCAVEIS;;;;;;JOELHO RED ROSC 1 X 3/4;CONEXOES ROSCAVEIS;AF;PC;Sacos;58.0;44.0;58.0;20.0;3917.40.90;7897801308847;17897801308844;47897801308845;JOELHO RED ROSCAVEL 1 X 3 4;JOELHO;False;;;0.058;0.058;
27;TUBO PVC SOLDAVEL - 6M - 50MM;TUBOS PVC SOLDAVEL;;;;;;TUBO PVC SOLDAVEL - 6M - 50MM;TUBOS PVC SOLDAVEL;AF;BR;Amarrados;6000.0;50.0;50.0;5.0;3917.23.00;7897801304047;17897801304044;27897801304041;TUBO PVC SOLDAVEL - 6M - 50MM;TUBO;True;50.0;6.0;6.0;6.0;50.0
270;LUVA ROSCAVEL 1/2;CONEXOES ROSCAVEIS;;;;;;LUVA ROSCAVEL 1/2;CONEXOES ROSCAVEIS;AF;PC;Sacos;30.0;30.0;35.5;50.0;3917.40.90;7897801302494;17897801302491;47897801302492;LUVA ROSCAVEL 1 2;LUVA;False;;;0.03;0.03;
271;LUVA ROSCAVEL 3/4;CONEXOES ROSCAVEIS;;;;;;LUVA ROSCAVEL 3/4;CONEXOES ROSCAVEIS;AF;PC;Sacos;36.0;36.0;35.5;50.0;3917.40.90;7897801302500;17897801302507;47897801302508;LUVA ROSCAVEL 3 4;LUVA;False;;;0.036;0.036;
272;LUVA ROSCAVEL 1;CONEXOES ROSCAVEIS;;;;;;LUVA ROSCAVEL 1;CONEXOES ROSCAVEIS;AF;PC;Sacos;44.0;47.0;44.0;24.0;3917.40.90;7897801308670;17897801308677;47897801308678;LUVA ROSCAVEL 1;LUVA;False;;;0.044;0.044;
273;LUVA ROSCAVEL 1.1/4;CONEXOES ROSCAVEIS;;;;;;LUVA ROSCAVEL 1.1/4;CONEXOES ROSCAVEIS;AF;PC;Sacos;60.0;50.0;50.0;8.0;3917.40.90;7897801312264;17897801312261;27897801312268;LUVA ROSCAVEL 1.1 4;LUVA;False;;;0.06;0.06;
274;LUVA ROSCAVEL 1.1/2;CONEXOES ROSCAVEIS;;;;;;LUVA ROSCAVEL 1.1/2;CONEXOES ROSCAVEIS;AF;PC;Sacos;56.0;54.0;56.0;10.0;3917.40.90;7897801311250;17897801311257;27897801311254;LUVA ROSCAVEL 1.1 2;LUVA;False;;;0.056;0.056;
275;LUVA ROSCAVEL 2;CONEXOES ROSCAVEIS;;;;;;LUVA ROSCAVEL 2;CONEXOES ROSCAVEIS;AF;PC;Sacos;60.0;70.0;70.0;8.0;3917.40.90;7897801312271;17897801312278;27897801312275;LUVA ROSCAVEL 2;LUVA;False;;;0.06;0.06;
28;TUBO PVC SOLDAVEL - 6M - 60MM;TUBOS PVC SOLDAVEL;;;;;;TUBO PVC SOLDAVEL - 6M - 60MM;TUBOS PVC SOLDAVEL;AF;BR;Amarrados;6000.0;60.0;60.0;3.0;3917.23.00;7897801304054;17897801304051;27897801304058;TUBO PVC SOLDAVEL - 6M - 60MM;TUBO;True;60.0;6.0;6.0;6.0;60.0
285;LUVA REDUCAO ROSCAVEL 3/4 X 1/2;CONEXOES ROSCAVEIS;;;;;;LUVA REDUCAO ROSCAVEL 3/4 X 1/2;CONEXOES ROSCAVEIS;AF;PC;Sacos;36.0;35.0;36.0;25.0;3917.40.90;7897801307697;17897801307694;27897801307691;LUVA REDUCAO ROSCAVEL 3 4 X 1 2;LUVA;False;;;0.036;0.036;
286;LUVA REDUCAO ROSCAVEL 1 X 3/4;CONEXOES ROSCAVEIS;;;;;;LUVA REDUCAO ROSCAVEL   1  X 3/4;CONEXOES ROSCAVEIS;AF;PC;Sacos;44.0;44.0;44.0;16.0;3917.40.90;7897801308687;17897801308684;27897801308681;LUVA REDUCAO ROSCAVEL 1 X 3 4;LUVA;False;;;0.044;0.044;
287;NIPEL ROSCAVEL 1/2;CONEXOES ROSCAVEIS;;;;;;NIPEL ROSCAVEL 1/2;CONEXOES ROSCAVEIS;AF;PC;Sacos;24.8;24.8;41.0;50.0;3917.40.90;7897801301282;17897801301289;27897801301286;NIPEL ROSCAVEL 1 2;;False;;;0.0248;0.0248;
288;NIPEL ROSCAVEL 3/4;CONEXOES ROSCAVEIS;;;;;;NIPEL ROSCAVEL 3/4;CONEXOES ROSCAVEIS;AF;PC;Sacos;32.0;32.0;44.0;50.0;3917.40.90;7897801301299;17897801301296;47897801301297;NIPEL ROSCAVEL 3 4;;False;;;0.032;0.032;
289;NIPEL ROSCAVEL 1;CONEXOES ROSCAVEIS;;;;;;NIPEL ROSCAVEL 1;CONEXOES ROSCAVEIS;AF;PC;Sacos;53.0;41.0;41.0;24.0;3917.40.90;7897801308618;17897801308615;47897801308616;NIPEL ROSCAVEL 1;;False;;;0.053;0.053;
29;TUBO PVC SOLDAVEL - 6M - 75MM;TUBOS PVC SOLDAVEL;;;;;;TUBO PVC SOLDAVEL - 6M - 75MM;TUBOS PVC SOLDAVEL;AF;BR;Amarrados;6000.0;75.0;75.0;1.0;3917.23.00;7897801308564;17897801308561;27897801308568;TUBO PVC SOLDAVEL - 6M - 75MM;TUBO;True;75.0;6.0;6.0;6.0;75.0
290;NIPEL ROSCAVEL 1.1/2;CONEXOES ROSCAVEIS;;;;;;NIPEL ROSCAVEL 1.1/2;CONEXOES ROSCAVEIS;AF;PC;Sacos;80.0;56.0;56.0;10.0;3917.40.90;7897801308601;17897801308608;47897801308609;NIPEL ROSCAVEL 1.1 2;;False;;;0.08;0.08;
291;NIPEL ROSCAVEL 1.1/4;CONEXOES ROSCAVEIS;;;;;;NIPEL ROSCAVEL 1.1/4;CONEXOES ROSCAVEIS;AF;PC;Sacos;76.0;21.0;48.0;10.0;3917.40.90;7897801319447;17897801319444;27897801319441;NIPEL ROSCAVEL 1.1 4;;False;;;0.076;0.076;
292;NIPEL ROSCAVEL 2;CONEXOES ROSCAVEIS;;;;;;NIPEL ROSCAVEL 2;CONEXOES ROSCAVEIS;AF;PC;Sacos;60.0;30.0;200.0;10.0;3917.40.90;7897801319454;17897801319451;27897801319458;NIPEL ROSCAVEL 2;;False;;;0.06;0.06;
293;PLUG ROSCAVEL 1/2;CONEXOES ROSCAVEIS;;;;;;PLUG ROSCAVEL 1/2;CONEXOES ROSCAVEIS;AF;PC;Sacos;23.5;23.5;21.5;50.0;3917.40.90;7897801301473;17897801301470;47897801301471;PLUG ROSCAVEL 1 2;;False;;;0.0235;0.0235;
294;PLUG ROSCAVEL 3/4;CONEXOES ROSCAVEIS;;;;;;PLUG ROSCAVEL 3/4;CONEXOES ROSCAVEIS;AF;PC;Sacos;26.9;26.9;27.0;50.0;3917.40.90;7897801302111;17897801302118;47897801302119;PLUG ROSCAVEL 3 4;;False;;;0.0269;0.0269;
295;PLUG ROSCAVEL 1;CONEXOES ROSCAVEIS;;;;;;PLUG ROSCAVEL 1;CONEXOES ROSCAVEIS;AF;PC;Sacos;34.0;34.0;34.0;50.0;3917.40.90;7897801308694;17897801308691;47897801308692;PLUG ROSCAVEL 1;;False;;;0.034;0.034;
296;PLUG ROSCAVEL 1.1/2;CONEXOES ROSCAVEIS;;;;;;PLUG ROSCAVEL 1.1/2;CONEXOES ROSCAVEIS;AF;PC;Sacos;51.0;45.0;51.0;20.0;3917.40.90;7897801311465;17897801311462;27897801311469;PLUG ROSCAVEL 1.1 2;;False;;;0.051;0.051;
297;PLUG ROSCAVEL 1.1/4;CONEXOES ROSCAVEIS;;;;;;PLUG ROSCAVEL 1.1/4;CONEXOES ROSCAVEIS;AF;PC;Sacos;40.0;40.0;40.0;20.0;3917.40.90;7897801312288;17897801312285;27897801312282;PLUG ROSCAVEL 1.1 4;;False;;;0.04;0.04;
298;PLUG ROSCAVEL 2;CONEXOES ROSCAVEIS;;;;;;PLUG ROSCAVEL 2;CONEXOES ROSCAVEIS;AF;PC;Sacos;60.0;60.0;50.0;5.0;3917.40.90;7897801312295;17897801312292;27897801312299;PLUG ROSCAVEL 2;;False;;;0.06;0.06;
299;TE ROSCAVEL 1/2;CONEXOES ROSCAVEIS;;;;;;TE ROSCAVEL 1/2;CONEXOES ROSCAVEIS;AF;PC;Sacos;56.0;30.0;43.0;20.0;3917.40.90;7897801302517;17897801302514;47897801302515;TE ROSCAVEL 1 2;TE;False;;;0.056;0.056;
30;TUBO PVC SOLDAVEL - 6M - 85MM;TUBOS PVC SOLDAVEL;;;;;;TUBO PVC SOLDAVEL - 6M - 85MM;TUBOS PVC SOLDAVEL;AF;BR;Amarrados;6000.0;85.0;85.0;1.0;3917.23.00;7897801308588;17897801308585;27897801308582;TUBO PVC SOLDAVEL - 6M - 85MM;TUBO;True;85.0;6.0;6.0;6.0;85.0
300;TE ROSCAVEL 3/4;CONEXOES ROSCAVEIS;;;;;;TE ROSCAVEL 3/4;CONEXOES ROSCAVEIS;AF;PC;Sacos;60.0;36.0;48.0;20.0;3917.40.90;7897801301350;17897801301357;27897801301354;TE ROSCAVEL 3 4;TE;False;;;0.06;0.06;
301;TE ROSCAVEL 1;CONEXOES ROSCAVEIS;;;;;;TE ROSCAVEL 1;CONEXOES ROSCAVEIS;AF;PC;Sacos;61.0;78.0;78.0;16.0;3917.40.90;7897801308953;17897801308950;27897801308957;TE ROSCAVEL 1;TE;False;;;0.061;0.061;
302;TE ROSCAVEL 1.1/4;CONEXOES ROSCAVEIS;;;;;;TE ROSCAVEL 1.1/4;CONEXOES ROSCAVEIS;AF;PC;Sacos;60.0;80.0;10.0;12.0;3917.40.90;7897801311861;17897801311868;27897801311865;TE ROSCAVEL 1.1 4;TE;False;;;0.06;0.06;
303;TE ROSCAVEL 1.1/2;CONEXOES ROSCAVEIS;;;;;;TE ROSCAVEL 1.1/2;CONEXOES ROSCAVEIS;AF;PC;Sacos;61.0;104.0;84.0;10.0;3917.40.90;7897801311632;17897801311639;27897801311636;TE ROSCAVEL 1.1 2;TE;False;;;0.061;0.061;
304;TE ROSCAVEL 2;CONEXOES ROSCAVEIS;;;;;;TE ROSCAVEL 2;CONEXOES ROSCAVEIS;AF;PC;Sacos;10.0;70.0;70.0;6.0;3917.40.90;7897801311878;17897801311875;27897801311872;TE ROSCAVEL 2;TE;False;;;0.01;0.01;
305;TE DE REDUCAO 3/4 X 1/2;CONEXOES ROSCAVEIS;;;;;;TE DE REDUCAO 3/4 X 1/2;CONEXOES ROSCAVEIS;AF;PC;Sacos;60.0;40.0;37.0;15.0;3917.40.90;7897801311502;17897801311509;27897801311506;TE DE REDUCAO 3 4 X 1 2;TE;False;;;0.06;0.06;
306;TE DE REDUCAO 1 X 3/4;CONEXOES ROSCAVEIS;;;;;;TE DE REDUCAO 1 X 3/4;CONEXOES ROSCAVEIS;AF;PC;Sacos;64.0;71.0;44.0;20.0;3917.40.90;7897801311489;17897801311486;27897801311483;TE DE REDUCAO 1 X 3 4;TE;False;;;0.064;0.064;
307;TE DE REDUCAO 1 1/2 X 3/4;CONEXOES ROSCAVEIS;;;;;;TE DE REDUCAO 1 1/2 X 3/4;CONEXOES ROSCAVEIS;AF;PC;Sacos;61.0;81.0;75.0;8.0;3917.40.90;7897801311885;17897801311882;27897801311889;TE DE REDUCAO 1 1 2 X 3 4;TE;False;;;0.061;0.061;
308;UNIAO ROSCAVEL 1/2;CONEXOES ROSCAVEIS;;;;;;UNIAO ROSCAVEL 1/2;CONEXOES ROSCAVEIS;AF;PC;Sacos;43.0;43.0;41.0;20.0;3917.40.90;7897801302869;17897801302866;47897801302867;UNIAO ROSCAVEL 1 2;UNIAO;False;;;0.043;0.043;
309;UNIAO ROSCAVEL 3/4;CONEXOES ROSCAVEIS;;;;;;UNIAO ROSCAVEL  3/4;CONEXOES ROSCAVEIS;AF;PC;Sacos;52.0;52.0;44.5;20.0;3917.40.90;7897801302883;17897801302880;47897801302881;UNIAO ROSCAVEL 3 4;UNIAO;False;;;0.052;0.052;
31;TUBO PVC SOLDAVEL - 6M - 110MM;TUBOS PVC SOLDAVEL;;;;;;TUBO PVC SOLDAVEL - 6M - 110MM;TUBOS PVC SOLDAVEL;AF;BR;Amarrados;6000.0;110.0;110.0;1.0;3917.23.00;7897801308595;17897801308592;27897801308599;TUBO PVC SOLDAVEL - 6M - 110MM;TUBO;True;110.0;6.0;6.0;6.0;110.0
310;UNIAO ROSCAVEL 1;CONEXOES ROSCAVEIS;;;;;;UNIAO ROSCAVEL  1;CONEXOES ROSCAVEIS;AF;PC;Sacos;62.0;53.0;62.0;10.0;3917.40.90;7897801307420;17897801307427;47897801307428;UNIAO ROSCAVEL 1;UNIAO;False;;;0.062;0.062;
311;UNIAO ROSCAVEL 1.1/4;CONEXOES ROSCAVEIS;;;;;;UNIAO ROSCAVEL  1.1/4;CONEXOES ROSCAVEIS;AF;PC;Sacos;75.0;63.0;75.0;8.0;3917.40.90;7897801307406;17897801307403;47897801307404;UNIAO ROSCAVEL 1.1 4;UNIAO;False;;;0.075;0.075;
312;UNIAO ROSCAVEL 1.1/2;CONEXOES ROSCAVEIS;;;;;;UNIAO ROSCAVEL  1.1/2;CONEXOES ROSCAVEIS;AF;PC;Sacos;92.0;92.0;75.5;10.0;3917.40.90;7897801302906;17897801302903;47897801302904;UNIAO ROSCAVEL 1.1 2;UNIAO;False;;;0.092;0.092;
313;UNIAO ROSCAVEL 2;CONEXOES ROSCAVEIS;;;;;;UNIAO ROSCAVEL  2;CONEXOES ROSCAVEIS;AF;PC;Sacos;103.0;87.0;103.0;5.0;3917.40.90;7897801308434;17897801308431;47897801308432;UNIAO ROSCAVEL 2;UNIAO;False;;;0.103;0.103;
314;UNIAO ROSCAVEL 2.1/2;CONEXOES ROSCAVEIS;;;;;;UNIAO ROSCAVEL  2.1/2;CONEXOES ROSCAVEIS;AF;PC;Sacos;150.0;120.0;150.0;3.0;3917.40.90;7897801312301;17897801312308;27897801312305;UNIAO ROSCAVEL 2.1 2;UNIAO;False;;;0.15;0.15;
315;UNIAO ROSCAVEL 3;CONEXOES ROSCAVEIS;;;;;;UNIAO ROSCAVEL  3;CONEXOES ROSCAVEIS;AF;PC;Sacos;180.0;120.0;180.0;1.0;3917.40.90;7897801312318;17897801312315;27897801312312;UNIAO ROSCAVEL 3;UNIAO;False;;;0.18;0.18;
316;UNIAO ROSCAVEL 4;CONEXOES ROSCAVEIS;;;;;;UNIAO ROSCAVEL  4;CONEXOES ROSCAVEIS;AF;PC;Sacos;140.0;190.0;190.0;1.0;3917.40.90;7897801312325;17897801312322;27897801312329;UNIAO ROSCAVEL 4;UNIAO;False;;;0.14;0.14;
32;TUBO PVC SOLDAVEL - 3M - 20MM;TUBOS PVC SOLDAVEL;;;;;;TUBO PVC SOLDAVEL - 3M - 20MM;TUBOS PVC SOLDAVEL;AF;BR;Amarrados;3000.0;20.0;20.0;12.0;3917.23.00;7897801304306;17897801304303;27897801304300;TUBO PVC SOLDAVEL - 3M - 20MM;TUBO;True;20.0;3.0;3.0;3.0;20.0
320;FITA VEDAROSCA 12MM X 10M;FITA VEDA ROSCA;;;;;;FITA VEDAROSCA 12MM X 10M;FITA VEDA ROSCA;AF;RL;Caixas;12.0;42.0;42.0;60.0;3920.99.90;7897801300063;17897801300060;27897801300067;FITA VEDAROSCA 12MM X 10M;;False;12.0;10.0;0.012;10.0;12.0
321;FITA VEDAROSCA 12MM X 25M;FITA VEDA ROSCA;;;;;;FITA VEDAROSCA 12MM X 25M;FITA VEDA ROSCA;AF;RL;Caixas;12.0;50.0;50.0;30.0;3920.99.90;7897801300070;17897801300077;27897801300074;FITA VEDAROSCA 12MM X 25M;;False;12.0;;0.012;0.012;12.0
323;FITA VEDAROSCA 18MM X 10M;FITA VEDA ROSCA;;;;;;FITA VEDAROSCA 18MM X 10M;FITA VEDA ROSCA;AF;RL;Caixas;18.0;40.0;40.0;60.0;3920.99.90;7897801300094;17897801300091;27897801300098;FITA VEDAROSCA 18MM X 10M;;False;18.0;10.0;0.018;10.0;18.0
324;FITA VEDAROSCA 18MM X 25M;FITA VEDA ROSCA;;;;;;FITA VEDAROSCA 18MM X 25M;FITA VEDA ROSCA;AF;RL;Caixas;18.0;52.0;52.0;30.0;3920.99.90;7897801300100;17897801300107;27897801300104;FITA VEDAROSCA 18MM X 25M;;False;18.0;;0.018;0.018;18.0
325;FITA VEDAROSCA 18MM X 50M;FITA VEDA ROSCA;;;;;;FITA VEDAROSCA 18MM X 50M;FITA VEDA ROSCA;AF;RL;Caixas;18.0;68.0;68.0;30.0;3920.99.90;7897801300117;17897801300114;27897801300111;FITA VEDAROSCA 18MM X 50M;;False;18.0;;0.018;0.018;18.0
326;LUVA DE CORRER ROSCAVEL 1;CONEXOES ROSCAVEIS;;;;;;LUVA DE CORRER ROSCAVEL 1;CONEXOES ROSCAVEIS;AF;PC;Sacos;59.0;45.0;45.0;6.0;3917.40.90;7897801312615;17897801312612;27897801312619;LUVA DE CORRER ROSCAVEL 1;LUVA;False;;;0.059;0.059;
327;LUVA DE CORRER ROSCAVEL 1.1/2;CONEXOES ROSCAVEIS;;;;;;LUVA DE CORRER ROSCAVEL 1.1/2;CONEXOES ROSCAVEIS;AF;PC;Sacos;80.0;60.0;60.0;6.0;3917.40.90;7897801312752;17897801312759;27897801312756;LUVA DE CORRER ROSCAVEL 1.1 2;LUVA;False;;;0.08;0.08;
328;LUVA DE CORRER ROSCAVEL 1.1/4;CONEXOES ROSCAVEIS;;;;;;LUVA DE CORRER ROSCAVEL 1.1/4;CONEXOES ROSCAVEIS;AF;PC;Sacos;80.0;60.0;60.0;6.0;3917.40.90;7897801312622;17897801312629;27897801312626;LUVA DE CORRER ROSCAVEL 1.1 4;LUVA;False;;;0.08;0.08;
329;LUVA DE CORRER ROSCAVEL 2;CONEXOES ROSCAVEIS;;;;;;LUVA DE CORRER ROSCAVEL 2;CONEXOES ROSCAVEIS;AF;PC;Sacos;90.0;80.0;80.0;6.0;3917.40.90;7897801312769;17897801312766;27897801312763;LUVA DE CORRER ROSCAVEL 2;LUVA;False;;;0.09;0.09;
33;TUBO PVC SOLDAVEL - 3M - 25MM;TUBOS PVC SOLDAVEL;;;;;;TUBO PVC SOLDAVEL - 3M - 25MM;TUBOS PVC SOLDAVEL;AF;BR;Amarrados;3000.0;25.0;25.0;8.0;3917.23.00;7897801304313;17897801304310;27897801304317;TUBO PVC SOLDAVEL - 3M - 25MM;TUBO;True;25.0;3.0;3.0;3.0;25.0
330;ADAPTADOR SOLD CURTO 20MM X 1/2;CONEXOES SOLDAVEIS;Efetuar a adaptação entre a linha soldável e roscável, adaptando a ponta do tubo para receber uma ligação ou conexão roscável.;Utilizada em instalação hidráulica residencial, comercial e industrial nas tubulações de água fria, Por exemplo: em ligações que tenham a necessidade de conectar uma peça com rosca fêmea.;"*Material: PVC (Policloreto de Vinila). 
*Processo: Injeção 
* Cor: Marrom 
*Conexão: Ponta Rosca / Bolsa Solda 
*Temperatura x Pressão 
*45 ͦC x 7,5 kgf/cm²";"*ABNT NBR 5648 
*ABNT NBR 5626";"*Sem efeito nocivo ao organismo, atóxico. 
*Resistente a corrosão, não enferruja. 
* Superfície interna lisa, não incrusta.";ADAPTADOR SOLD CURTO 20MM X 1/2;CONEXOES SOLDAVEIS;AF;PC;Sacos;28.0;28.0;36.0;50.0;3917.40.90;7897801300520;17897801300527;47897801300528;ADAPTADOR SOLDAVEL CURTO 20MM X 1 2;ADAPTADOR;False;20.0;;0.028;0.028;20.0
331;ADAPTADOR SOLD CURTO 25MM X 3/4;CONEXOES SOLDAVEIS;Efetuar a adaptação entre a linha soldável e roscável, adaptando a ponta do tubo para receber uma ligação ou conexão roscável.;Utilizada em instalação hidráulica residencial, comercial e industrial nas tubulações de água fria, Por exemplo: em ligações que tenham a necessidade de conectar uma peça com rosca fêmea.;"*Material: PVC (Policloreto de Vinila). 
*Processo: Injeção 
* Cor: Marrom 
*Conexão: Ponta Rosca / Bolsa Solda 
*Temperatura x Pressão 
*45 ͦC x 7,5 kgf/cm²";"*ABNT NBR 5648 
*ABNT NBR 5626";"*Sem efeito nocivo ao organismo, atóxico. 
*Resistente a corrosão, não enferruja. 
* Superfície interna lisa, não incrusta.";ADAPTADOR SOLD CURTO 25MM X 3/4;CONEXOES SOLDAVEIS;AF;PC;Sacos;33.8;33.8;40.0;50.0;3917.40.90;7897801300490;17897801300497;47897801300498;ADAPTADOR SOLDAVEL CURTO 25MM X 3 4;ADAPTADOR;False;25.0;;0.0338;0.0338;25.0
332;ADAPTADOR SOLD CURTO 32MM X 1;CONEXOES SOLDAVEIS;Efetuar a adaptação entre a linha soldável e roscável, adaptando a ponta do tubo para receber uma ligação ou conexão roscável.;Utilizada em instalação hidráulica residencial, comercial e industrial nas tubulações de água fria, Por exemplo: em ligações que tenham a necessidade de conectar uma peça com rosca fêmea.;"*Material: PVC (Policloreto de Vinila). 
*Processo: Injeção 
* Cor: Marrom 
*Conexão: Ponta Rosca / Bolsa Solda 
*Temperatura x Pressão 
*45 ͦC x 7,5 kgf/cm²";"*ABNT NBR 5648 
*ABNT NBR 5626";"*Sem efeito nocivo ao organismo, atóxico. 
*Resistente a corrosão, não enferruja. 
* Superfície interna lisa, não incrusta.";ADAPTADOR SOLD CURTO 32MM X 1;CONEXOES SOLDAVEIS;AF;PC;Sacos;42.0;42.0;47.0;25.0;3917.40.90;7897801302333;17897801302330;47897801302331;ADAPTADOR SOLDAVEL CURTO 32MM X 1;ADAPTADOR;False;32.0;;0.042;0.042;32.0
333;ADAPTADOR SOLD CURTO 40MM X 1.1/4;CONEXOES SOLDAVEIS;Efetuar a adaptação entre a linha soldável e roscável, adaptando a ponta do tubo para receber uma ligação ou conexão roscável.;Utilizada em instalação hidráulica residencial, comercial e industrial nas tubulações de água fria, Por exemplo: em ligações que tenham a necessidade de conectar uma peça com rosca fêmea.;"*Material: PVC (Policloreto de Vinila). 
*Processo: Injeção 
* Cor: Marrom 
*Conexão: Ponta Rosca / Bolsa Solda 
*Temperatura x Pressão 
*45 ͦC x 7,5 kgf/cm²";"*ABNT NBR 5648 
*ABNT NBR 5626";"*Sem efeito nocivo ao organismo, atóxico. 
*Resistente a corrosão, não enferruja. 
* Superfície interna lisa, não incrusta.";ADAPTADOR SOLD CURTO 40MM X 1.1/4;CONEXOES SOLDAVEIS;AF;PC;Sacos;51.6;51.6;53.8;10.0;3917.40.90;7897801302562;17897801302569;27897801302566;ADAPTADOR SOLDAVEL CURTO 40MM X 1.1 4;ADAPTADOR;False;40.0;;0.0516;0.0516;40.0
336;ADAPTADOR SOLD CURTO 50MM X 1.1/2;CONEXOES SOLDAVEIS;Efetuar a adaptação entre a linha soldável e roscável, adaptando a ponta do tubo para receber uma ligação ou conexão roscável.;Utilizada em instalação hidráulica residencial, comercial e industrial nas tubulações de água fria, Por exemplo: em ligações que tenham a necessidade de conectar uma peça com rosca fêmea.;"*Material: PVC (Policloreto de Vinila). 
*Processo: Injeção 
* Cor: Marrom 
*Conexão: Ponta Rosca / Bolsa Solda 
*Temperatura x Pressão 
*45 ͦC x 7,5 kgf/cm²";"*ABNT NBR 5648 
*ABNT NBR 5626";"*Sem efeito nocivo ao organismo, atóxico. 
*Resistente a corrosão, não enferruja. 
* Superfície interna lisa, não incrusta.";ADAPTADOR SOLD CURTO 50MM X 1.1/2;CONEXOES SOLDAVEIS;AF;PC;Sacos;63.0;63.0;63.2;25.0;3917.40.90;7897801300667;17897801300664;27897801300661;ADAPTADOR SOLDAVEL CURTO 50MM X 1.1 2;ADAPTADOR;False;50.0;;0.063;0.063;50.0
337;ADAPTADOR SOLD CURTO 60MM X 2;CONEXOES SOLDAVEIS;Efetuar a adaptação entre a linha soldável e roscável, adaptando a ponta do tubo para receber uma ligação ou conexão roscável.;Utilizada em instalação hidráulica residencial, comercial e industrial nas tubulações de água fria, Por exemplo: em ligações que tenham a necessidade de conectar uma peça com rosca fêmea.;"*Material: PVC (Policloreto de Vinila). 
*Processo: Injeção 
* Cor: Marrom 
*Conexão: Ponta Rosca / Bolsa Solda 
*Temperatura x Pressão 
*45 ͦC x 7,5 kgf/cm²";"*ABNT NBR 5648 
*ABNT NBR 5626";"*Sem efeito nocivo ao organismo, atóxico. 
*Resistente a corrosão, não enferruja. 
* Superfície interna lisa, não incrusta.";ADAPTADOR SOLD CURTO 60MM X 2;CONEXOES SOLDAVEIS;AF;PC;Sacos;74.0;74.0;68.7;10.0;3917.40.90;7897801302944;17897801302941;27897801302948;ADAPTADOR SOLDAVEL CURTO 60MM X 2;ADAPTADOR;False;60.0;;0.074;0.074;60.0
338;ADAPTADOR SOLD CURTO 75MM X 2.1/2;CONEXOES SOLDAVEIS;Efetuar a adaptação entre a linha soldável e roscável, adaptando a ponta do tubo para receber uma ligação ou conexão roscável.;Utilizada em instalação hidráulica residencial, comercial e industrial nas tubulações de água fria, Por exemplo: em ligações que tenham a necessidade de conectar uma peça com rosca fêmea.;"*Material: PVC (Policloreto de Vinila). 
*Processo: Injeção 
* Cor: Marrom 
*Conexão: Ponta Rosca / Bolsa Solda 
*Temperatura x Pressão 
*45 ͦC x 7,5 kgf/cm²";"*ABNT NBR 5648 
*ABNT NBR 5626";"*Sem efeito nocivo ao organismo, atóxico. 
*Resistente a corrosão, não enferruja. 
* Superfície interna lisa, não incrusta.";ADAPTADOR SOLD CURTO 75MM X 2.1/2;CONEXOES SOLDAVEIS;AF;PC;Sacos;85.0;92.0;92.0;5.0;3917.40.90;7897801308946;17897801308943;27897801308940;ADAPTADOR SOLDAVEL CURTO 75MM X 2.1 2;ADAPTADOR;False;75.0;;0.085;0.085;75.0
339;ADAPTADOR SOLD CURTO 85MM X 3;CONEXOES SOLDAVEIS;Efetuar a adaptação entre a linha soldável e roscável, adaptando a ponta do tubo para receber uma ligação ou conexão roscável.;Utilizada em instalação hidráulica residencial, comercial e industrial nas tubulações de água fria, Por exemplo: em ligações que tenham a necessidade de conectar uma peça com rosca fêmea.;"*Material: PVC (Policloreto de Vinila). 
*Processo: Injeção 
* Cor: Marrom 
*Conexão: Ponta Rosca / Bolsa Solda 
*Temperatura x Pressão 
*45 ͦC x 7,5 kgf/cm²";"*ABNT NBR 5648 
*ABNT NBR 5626";"*Sem efeito nocivo ao organismo, atóxico. 
*Resistente a corrosão, não enferruja. 
* Superfície interna lisa, não incrusta.";ADAPTADOR SOLD CURTO 85MM X 3;CONEXOES SOLDAVEIS;AF;PC;Sacos;95.0;103.0;103.0;3.0;3917.40.90;7897801308915;17897801308912;27897801308919;ADAPTADOR SOLDAVEL CURTO 85MM X 3;ADAPTADOR;False;85.0;;0.095;0.095;85.0
34;TUBO PVC SOLDAVEL - 3M - 32MM;TUBOS PVC SOLDAVEL;;;;;;TUBO PVC SOLDAVEL - 3M - 32MM;TUBOS PVC SOLDAVEL;AF;BR;Amarrados;3000.0;32.0;32.0;10.0;3917.23.00;7897801308991;17897801308998;27897801308995;TUBO PVC SOLDAVEL - 3M - 32MM;TUBO;True;32.0;3.0;3.0;3.0;32.0
340;ADAPTADOR SOLD CURTO 110MM X 4;CONEXOES SOLDAVEIS;Efetuar a adaptação entre a linha soldável e roscável, adaptando a ponta do tubo para receber uma ligação ou conexão roscável.;Utilizada em instalação hidráulica residencial, comercial e industrial nas tubulações de água fria, Por exemplo: em ligações que tenham a necessidade de conectar uma peça com rosca fêmea.;"*Material: PVC (Policloreto de Vinila). 
*Processo: Injeção 
* Cor: Marrom 
*Conexão: Ponta Rosca / Bolsa Solda 
*Temperatura x Pressão 
*45 ͦC x 7,5 kgf/cm²";"*ABNT NBR 5648 
*ABNT NBR 5626";"*Sem efeito nocivo ao organismo, atóxico. 
*Resistente a corrosão, não enferruja. 
* Superfície interna lisa, não incrusta.";ADAPTADOR SOLD CURTO 110MM X 4;CONEXOES SOLDAVEIS;AF;PC;Sacos;130.0;120.0;130.0;1.0;3917.40.90;7897801309288;17897801309285;27897801309282;ADAPTADOR SOLDAVEL CURTO 110MM X 4;ADAPTADOR;False;110.0;;0.13;0.13;110.0
341;ADAPTADOR SOLD. P/CX.DAGUA 20MM X 1/2;ADAP.P/CX.D AGUA SOLD.;Efetua a adaptação na entrada e saída de caixa d’água, possuí gabarito, fundo fixo, móvel e vedação.;Utilizada em instalação hidráulica residencial, comercial e industrial nas tubulações de água fria, indicado para utilização em entrada e saída de caixa d’água.;"*Material: PVC (Policloreto de Vinila). 
*Processo: Injeção 
* Cor: Marrom 
*Conexão: Bolsa Roscável BSP para a boia /
Bolsa Soldável 
*Temperatura x Pressão 
*45 ͦC x 7,5 kgf/cm";"*ABNT NBR 5648
*ABNT NBR 5626";"*Sem efeito nocivo ao organismo, atóxico. 
* Resistente a corrosão, não enferruja. 
* Juntas soldáveis a frio. 
*Longa vida útil. 
*Dispensa o uso de ferramentas.";ADAPTADOR SOLD. P/CX.DAGUA 20MM X 1/2;ADAP.P/CX.D AGUA SOLD.;AF;PC;Sacos;64.0;64.0;61.0;12.0;3917.40.90;7897801300353;17897801300350;47897801300351;ADAPTADOR SOLDAVEL. P CX.DAGUA 20MM X 1 2;ADAPTADOR;False;20.0;;0.064;0.064;20.0
342;ADAPTADOR SOLD. P/CX.DAGUA 25MM X 3/4;ADAP.P/CX.D AGUA SOLD.;Efetua a adaptação na entrada e saída de caixa d’água, possuí gabarito, fundo fixo, móvel e vedação.;Utilizada em instalação hidráulica residencial, comercial e industrial nas tubulações de água fria, indicado para utilização em entrada e saída de caixa d’água.;"*Material: PVC (Policloreto de Vinila). 
*Processo: Injeção 
* Cor: Marrom 
*Conexão: Bolsa Roscável BSP para a boia /
Bolsa Soldável 
*Temperatura x Pressão 
*45 ͦC x 7,5 kgf/cm";"*ABNT NBR 5648
*ABNT NBR 5626";"*Sem efeito nocivo ao organismo, atóxico. 
* Resistente a corrosão, não enferruja. 
* Juntas soldáveis a frio. 
*Longa vida útil. 
*Dispensa o uso de ferramentas.";ADAPTADOR SOLD. P/CX.DAGUA 25MM X 3/4;ADAP.P/CX.D AGUA SOLD.;AF;PC;Sacos;70.0;70.0;61.0;12.0;3917.40.90;7897801300360;17897801300367;47897801300368;ADAPTADOR SOLDAVEL. P CX.DAGUA 25MM X 3 4;ADAPTADOR;False;25.0;;0.07;0.07;25.0
343;ADAPTADOR SOLD. P/CX.DAGUA 32MM X 1;ADAP.P/CX.D AGUA SOLD.;Efetua a adaptação na entrada e saída de caixa d’água, possuí gabarito, fundo fixo, móvel e vedação.;Utilizada em instalação hidráulica residencial, comercial e industrial nas tubulações de água fria, indicado para utilização em entrada e saída de caixa d’água.;"*Material: PVC (Policloreto de Vinila). 
*Processo: Injeção 
* Cor: Marrom 
*Conexão: Bolsa Roscável BSP para a boia /
Bolsa Soldável 
*Temperatura x Pressão 
*45 ͦC x 7,5 kgf/cm";"*ABNT NBR 5648
*ABNT NBR 5626";"*Sem efeito nocivo ao organismo, atóxico. 
* Resistente a corrosão, não enferruja. 
* Juntas soldáveis a frio. 
*Longa vida útil. 
*Dispensa o uso de ferramentas.";ADAPTADOR SOLD. P/CX.DAGUA 32MM X  1;ADAP.P/CX.D AGUA SOLD.;AF;PC;Sacos;81.0;81.0;70.0;6.0;3917.40.90;7897801300988;17897801300985;47897801300986;ADAPTADOR SOLDAVEL. P CX.DAGUA 32MM X 1;ADAPTADOR;False;32.0;;0.081;0.081;32.0
344;ADAPTADOR SOLD. P/CX.DAGUA 40MM X 1.1/4;ADAP.P/CX.D AGUA SOLD.;Efetua a adaptação na entrada e saída de caixa d’água, possuí gabarito, fundo fixo, móvel e vedação.;Utilizada em instalação hidráulica residencial, comercial e industrial nas tubulações de água fria, indicado para utilização em entrada e saída de caixa d’água.;"*Material: PVC (Policloreto de Vinila). 
*Processo: Injeção 
* Cor: Marrom 
*Conexão: Bolsa Roscável BSP para a boia /
Bolsa Soldável 
*Temperatura x Pressão 
*45 ͦC x 7,5 kgf/cm";"*ABNT NBR 5648
*ABNT NBR 5626";"*Sem efeito nocivo ao organismo, atóxico. 
* Resistente a corrosão, não enferruja. 
* Juntas soldáveis a frio. 
*Longa vida útil. 
*Dispensa o uso de ferramentas.";ADAPTADOR SOLD. P/CX.DAGUA 40MM X 1.1/4;ADAP.P/CX.D AGUA SOLD.;AF;PC;Sacos;89.0;89.0;70.0;6.0;3917.40.90;7897801302579;17897801302576;47897801302577;ADAPTADOR SOLDAVEL. P CX.DAGUA 40MM X 1.1 4;ADAPTADOR;False;40.0;;0.089;0.089;40.0
345;ADAPTADOR SOLD. P/CX.DAGUA 50MM X 1.1/2;ADAP.P/CX.D AGUA SOLD.;Efetua a adaptação na entrada e saída de caixa d’água, possuí gabarito, fundo fixo, móvel e vedação.;Utilizada em instalação hidráulica residencial, comercial e industrial nas tubulações de água fria, indicado para utilização em entrada e saída de caixa d’água.;"*Material: PVC (Policloreto de Vinila). 
*Processo: Injeção 
* Cor: Marrom 
*Conexão: Bolsa Roscável BSP para a boia /
Bolsa Soldável 
*Temperatura x Pressão 
*45 ͦC x 7,5 kgf/cm";"*ABNT NBR 5648
*ABNT NBR 5626";"*Sem efeito nocivo ao organismo, atóxico. 
* Resistente a corrosão, não enferruja. 
* Juntas soldáveis a frio. 
*Longa vida útil. 
*Dispensa o uso de ferramentas.";ADAPTADOR SOLD. P/CX.DAGUA 50MM X 1.1/2;ADAP.P/CX.D AGUA SOLD.;AF;PC;Sacos;95.0;95.0;67.5;6.0;3917.40.90;7897801300377;17897801300374;47897801300375;ADAPTADOR SOLDAVEL. P CX.DAGUA 50MM X 1.1 2;ADAPTADOR;False;50.0;;0.095;0.095;50.0
346;ADAPTADOR SOLD. P/CX.DAGUA 60MM X 2;ADAP.P/CX.D AGUA SOLD.;Efetua a adaptação na entrada e saída de caixa d’água, possuí gabarito, fundo fixo, móvel e vedação.;Utilizada em instalação hidráulica residencial, comercial e industrial nas tubulações de água fria, indicado para utilização em entrada e saída de caixa d’água.;"*Material: PVC (Policloreto de Vinila). 
*Processo: Injeção 
* Cor: Marrom 
*Conexão: Bolsa Roscável BSP para a boia /
Bolsa Soldável 
*Temperatura x Pressão 
*45 ͦC x 7,5 kgf/cm";"*ABNT NBR 5648
*ABNT NBR 5626";"*Sem efeito nocivo ao organismo, atóxico. 
* Resistente a corrosão, não enferruja. 
* Juntas soldáveis a frio. 
*Longa vida útil. 
*Dispensa o uso de ferramentas.";ADAPTADOR SOLD. P/CX.DAGUA 60MM X 2;ADAP.P/CX.D AGUA SOLD.;AF;PC;Sacos;109.0;109.0;75.0;6.0;3917.40.90;7897801303002;17897801303009;47897801303000;ADAPTADOR SOLDAVEL. P CX.DAGUA 60MM X 2;ADAPTADOR;False;60.0;;0.109;0.109;60.0
347;ADAPTADOR SOLD. P/CX.DAGUA 75MM X 2 1/2;ADAP.P/CX.D AGUA SOLD.;Efetua a adaptação na entrada e saída de caixa d’água, possuí gabarito, fundo fixo, móvel e vedação.;Utilizada em instalação hidráulica residencial, comercial e industrial nas tubulações de água fria, indicado para utilização em entrada e saída de caixa d’água.;"*Material: PVC (Policloreto de Vinila). 
*Processo: Injeção 
* Cor: Marrom 
*Conexão: Bolsa Roscável BSP para a boia /
Bolsa Soldável 
*Temperatura x Pressão 
*45 ͦC x 7,5 kgf/cm";"*ABNT NBR 5648
*ABNT NBR 5626";"*Sem efeito nocivo ao organismo, atóxico. 
* Resistente a corrosão, não enferruja. 
* Juntas soldáveis a frio. 
*Longa vida útil. 
*Dispensa o uso de ferramentas.";ADAPTADOR SOLD. P/CX.DAGUA 75MM X 2 1/2;ADAP.P/CX.D AGUA SOLD.;AF;PC;Sacos;140.0;100.0;140.0;1.0;3917.40.90;7897801311908;17897801311905;27897801311902;ADAPTADOR SOLDAVEL. P CX.DAGUA 75MM X 2 1 2;ADAPTADOR;False;75.0;;0.14;0.14;75.0
348;ADAPTADOR SOLD. P/CX.DAGUA 85MM X 3;ADAP.P/CX.D AGUA SOLD.;Efetua a adaptação na entrada e saída de caixa d’água, possuí gabarito, fundo fixo, móvel e vedação.;Utilizada em instalação hidráulica residencial, comercial e industrial nas tubulações de água fria, indicado para utilização em entrada e saída de caixa d’água.;"*Material: PVC (Policloreto de Vinila). 
*Processo: Injeção 
* Cor: Marrom 
*Conexão: Bolsa Roscável BSP para a boia /
Bolsa Soldável 
*Temperatura x Pressão 
*45 ͦC x 7,5 kgf/cm";"*ABNT NBR 5648
*ABNT NBR 5626";"*Sem efeito nocivo ao organismo, atóxico. 
* Resistente a corrosão, não enferruja. 
* Juntas soldáveis a frio. 
*Longa vida útil. 
*Dispensa o uso de ferramentas.";ADAPTADOR SOLD. P/CX.DAGUA 85MM X 3;ADAP.P/CX.D AGUA SOLD.;AF;PC;Sacos;100.0;100.0;160.0;1.0;3917.40.90;7897801311915;17897801311912;27897801311919;ADAPTADOR SOLDAVEL. P CX.DAGUA 85MM X 3;ADAPTADOR;False;85.0;;0.1;0.1;85.0
349;ADAPTADOR SOLD. P/CX.DAGUA 110MM X 4;ADAP.P/CX.D AGUA SOLD.;Efetua a adaptação na entrada e saída de caixa d’água, possuí gabarito, fundo fixo, móvel e vedação.;Utilizada em instalação hidráulica residencial, comercial e industrial nas tubulações de água fria, indicado para utilização em entrada e saída de caixa d’água.;"*Material: PVC (Policloreto de Vinila). 
*Processo: Injeção 
* Cor: Marrom 
*Conexão: Bolsa Roscável BSP para a boia /
Bolsa Soldável 
*Temperatura x Pressão 
*45 ͦC x 7,5 kgf/cm";"*ABNT NBR 5648
*ABNT NBR 5626";"*Sem efeito nocivo ao organismo, atóxico. 
* Resistente a corrosão, não enferruja. 
* Juntas soldáveis a frio. 
*Longa vida útil. 
*Dispensa o uso de ferramentas.";ADAPTADOR SOLD. P/CX.DAGUA 110MM X 4;ADAP.P/CX.D AGUA SOLD.;AF;PC;Sacos;200.0;140.0;200.0;1.0;3917.40.90;7897801311922;17897801311929;27897801311926;ADAPTADOR SOLDAVEL. P CX.DAGUA 110MM X 4;ADAPTADOR;False;110.0;;0.2;0.2;110.0
35;TUBO PVC SOLDAVEL - 3M - 40MM;TUBOS PVC SOLDAVEL;;;;;;TUBO PVC SOLDAVEL - 3M - 40MM;TUBOS PVC SOLDAVEL;AF;BR;Amarrados;3000.0;40.0;40.0;5.0;3917.23.00;7897801309004;17897801309001;27897801309008;TUBO PVC SOLDAVEL - 3M - 40MM;TUBO;True;40.0;3.0;3.0;3.0;40.0
359;BUCHA RED.SOLD.CURTA 110 X 85MM;CONEXOES SOLDAVEIS;;;;;;BUCHA RED.SOLD.CURTA  110 X 85MM;CONEXOES SOLDAVEIS;AF;PC;Sacos;110.0;60.0;110.0;5.0;3917.40.90;7897801311816;17897801311813;27897801311810;BUCHA RED.SOLDAVEL.CURTA 110 X 85MM;BUCHA;False;85.0;;0.11;0.11;85.0
36;TUBO PVC SOLDAVEL - 3M - 50MM;TUBOS PVC SOLDAVEL;;;;;;TUBO PVC SOLDAVEL - 3M - 50MM;TUBOS PVC SOLDAVEL;AF;BR;Amarrados;3000.0;50.0;50.0;5.0;3917.23.00;7897801309011;17897801309018;27897801309015;TUBO PVC SOLDAVEL - 3M - 50MM;TUBO;True;50.0;3.0;3.0;3.0;50.0
360;BUCHA RED.SOLD.CURTA 25 X 20MM;CONEXOES SOLDAVEIS;;;;;;BUCHA RED.SOLD.CURTA  25 X 20MM;CONEXOES SOLDAVEIS;AF;PC;Sacos;25.0;25.0;18.0;50.0;3917.40.90;7897801301466;17897801301463;47897801301464;BUCHA RED.SOLDAVEL.CURTA 25 X 20MM;BUCHA;False;20.0;;0.025;0.025;20.0
361;BUCHA RED.SOLD.CURTA 32 X 25MM;CONEXOES SOLDAVEIS;;;;;;BUCHA RED.SOLD.CURTA  32 X 25MM;CONEXOES SOLDAVEIS;AF;PC;Sacos;32.0;32.0;21.5;50.0;3917.40.90;7897801302210;17897801302217;47897801302218;BUCHA RED.SOLDAVEL.CURTA 32 X 25MM;BUCHA;False;25.0;;0.032;0.032;25.0
362;BUCHA RED.SOLD.CURTA 40 X 32MM;CONEXOES SOLDAVEIS;;;;;;BUCHA RED.SOLD.CURTA  40 X 32MM;CONEXOES SOLDAVEIS;AF;PC;Sacos;40.0;40.0;24.5;10.0;3917.40.90;7897801302807;17897801302804;27897801302801;BUCHA RED.SOLDAVEL.CURTA 40 X 32MM;BUCHA;False;32.0;;0.04;0.04;32.0
363;BUCHA RED.SOLD.CURTA 50 X 40MM;CONEXOES SOLDAVEIS;;;;;;BUCHA RED.SOLD.CURTA  50 X 40MM;CONEXOES SOLDAVEIS;AF;PC;Sacos;50.0;50.0;30.0;10.0;3917.40.90;7897801302814;17897801302811;47897801302812;BUCHA RED.SOLDAVEL.CURTA 50 X 40MM;BUCHA;False;40.0;;0.05;0.05;40.0
364;BUCHA RED.SOLD.CURTA 60 X 50MM;CONEXOES SOLDAVEIS;;;;;;BUCHA RED.SOLD.CURTA  60 X 50MM;CONEXOES SOLDAVEIS;AF;PC;Sacos;60.0;35.0;60.0;12.0;3917.40.90;7897801307703;17897801307700;27897801307707;BUCHA RED.SOLDAVEL.CURTA 60 X 50MM;BUCHA;False;50.0;;0.06;0.06;50.0
365;BUCHA RED.SOLD.CURTA 75 X 60MM;CONEXOES SOLDAVEIS;;;;;;BUCHA RED.SOLD.CURTA  75 X 60MM;CONEXOES SOLDAVEIS;AF;PC;Sacos;43.0;75.0;75.0;5.0;3917.40.90;7897801311267;17897801311264;27897801311261;BUCHA RED.SOLDAVEL.CURTA 75 X 60MM;BUCHA;False;60.0;;0.043;0.043;60.0
366;BUCHA RED.SOLD.CURTA 85 X 75MM;CONEXOES SOLDAVEIS;;;;;;BUCHA RED.SOLD.CURTA  85 X 75MM;CONEXOES SOLDAVEIS;AF;PC;Sacos;50.0;85.0;85.0;5.0;3917.40.90;7897801311243;17897801311240;27897801311247;BUCHA RED.SOLDAVEL.CURTA 85 X 75MM;BUCHA;False;75.0;;0.05;0.05;75.0
367;BUCHA RED.SOLD.LONGA 32 X 20MM;CONEXOES SOLDAVEIS;;;;;;BUCHA RED.SOLD.LONGA 32 X 20MM;CONEXOES SOLDAVEIS;AF;PC;Sacos;32.0;44.0;32.0;15.0;3917.40.90;7897801307253;17897801307250;27897801307257;BUCHA RED.SOLDAVEL.LONGA 32 X 20MM;BUCHA;False;20.0;;0.032;0.032;20.0
368;BUCHA RED.SOLD.LONGA 40 X 20MM;CONEXOES SOLDAVEIS;;;;;;BUCHA RED.SOLD.LONGA 40 X 20MM;CONEXOES SOLDAVEIS;AF;PC;Sacos;40.0;52.0;40.0;15.0;3917.40.90;7897801307222;17897801307229;27897801307226;BUCHA RED.SOLDAVEL.LONGA 40 X 20MM;BUCHA;False;20.0;;0.04;0.04;20.0
369;BUCHA RED.SOLD.LONGA 40 X 25MM;CONEXOES SOLDAVEIS;;;;;;BUCHA RED.SOLD.LONGA 40 X 25MM;CONEXOES SOLDAVEIS;AF;PC;Sacos;40.0;51.0;40.0;10.0;3917.40.90;7897801302821;17897801302828;27897801302825;BUCHA RED.SOLDAVEL.LONGA 40 X 25MM;BUCHA;False;25.0;;0.04;0.04;25.0
37;TUBO PVC SOLDAVEL - 3M - 60MM;TUBOS PVC SOLDAVEL;;;;;;TUBO PVC SOLDAVEL - 3M - 60MM;TUBOS PVC SOLDAVEL;AF;BR;Amarrados;3000.0;60.0;60.0;3.0;3917.23.00;7897801309028;17897801309025;27897801309022;TUBO PVC SOLDAVEL - 3M - 60MM;TUBO;True;60.0;3.0;3.0;3.0;60.0
370;BUCHA RED.SOLD.LONGA 50 X 20MM;CONEXOES SOLDAVEIS;;;;;;BUCHA RED.SOLD.LONGA 50 X 20MM;CONEXOES SOLDAVEIS;AF;PC;Sacos;50.0;60.0;50.0;10.0;3917.40.90;7897801307239;17897801307236;27897801307233;BUCHA RED.SOLDAVEL.LONGA 50 X 20MM;BUCHA;False;20.0;;0.05;0.05;20.0
371;BUCHA RED.SOLD.LONGA 50 X 25MM;CONEXOES SOLDAVEIS;;;;;;BUCHA RED.SOLD.LONGA 50 X 25MM;CONEXOES SOLDAVEIS;AF;PC;Sacos;50.0;50.0;61.0;25.0;3917.40.90;7897801300803;17897801300800;27897801300807;BUCHA RED.SOLDAVEL.LONGA 50 X 25MM;BUCHA;False;25.0;;0.05;0.05;25.0
372;BUCHA RED.SOLD.LONGA 50 X 32MM;CONEXOES SOLDAVEIS;;;;;;BUCHA RED.SOLD.LONGA 50 X 32MM;CONEXOES SOLDAVEIS;AF;PC;Sacos;50.0;50.0;60.5;10.0;3917.40.90;7897801302838;17897801302835;27897801302832;BUCHA RED.SOLDAVEL.LONGA 50 X 32MM;BUCHA;False;32.0;;0.05;0.05;32.0
373;BUCHA RED.SOLD.LONGA 60 X 25MM;CONEXOES SOLDAVEIS;;;;;;BUCHA RED.SOLD.LONGA 60 X 25MM;CONEXOES SOLDAVEIS;AF;PC;Sacos;60.0;72.0;60.0;10.0;3917.40.90;7897801307581;17897801307588;27897801307585;BUCHA RED.SOLDAVEL.LONGA 60 X 25MM;BUCHA;False;25.0;;0.06;0.06;25.0
374;BUCHA RED.SOLD.LONGA 60 X 32MM;CONEXOES SOLDAVEIS;;;;;;BUCHA RED.SOLD.LONGA 60 X 32MM;CONEXOES SOLDAVEIS;AF;PC;Sacos;60.0;69.0;60.0;10.0;3917.40.90;7897801308243;17897801308240;27897801308247;BUCHA RED.SOLDAVEL.LONGA 60 X 32MM;BUCHA;False;32.0;;0.06;0.06;32.0
375;BUCHA RED.SOLD.LONGA 60 X 40MM;CONEXOES SOLDAVEIS;;;;;;BUCHA RED.SOLD.LONGA 60 X 40MM;CONEXOES SOLDAVEIS;AF;PC;Sacos;60.0;70.5;60.0;10.0;3917.40.90;7897801308250;17897801308257;27897801308254;BUCHA RED.SOLDAVEL.LONGA 60 X 40MM;BUCHA;False;40.0;;0.06;0.06;40.0
376;BUCHA RED.SOLD.LONGA 60 X 50MM;CONEXOES SOLDAVEIS;;;;;;BUCHA RED.SOLD.LONGA 60 X 50MM;CONEXOES SOLDAVEIS;AF;PC;Sacos;63.0;73.0;63.0;10.0;3917.40.90;7897801307598;17897801307595;27897801307592;BUCHA RED.SOLDAVEL.LONGA 60 X 50MM;BUCHA;False;50.0;;0.063;0.063;50.0
377;BUCHA RED.SOLD.LONGA 75 X 50MM;CONEXOES SOLDAVEIS;;;;;;BUCHA RED.SOLD.LONGA 75 X 50MM;CONEXOES SOLDAVEIS;AF;PC;Sacos;75.0;85.0;75.0;5.0;3917.40.90;7897801311472;17897801311479;27897801311476;BUCHA RED.SOLDAVEL.LONGA 75 X 50MM;BUCHA;False;50.0;;0.075;0.075;50.0
378;BUCHA RED.SOLD.LONGA 85 X 60MM;CONEXOES SOLDAVEIS;;;;;;BUCHA RED.SOLD.LONGA 85 X 60MM;CONEXOES SOLDAVEIS;AF;PC;Sacos;100.0;84.0;84.0;5.0;3917.40.90;7897801311236;17897801311233;27897801311230;BUCHA RED.SOLDAVEL.LONGA 85 X 60MM;BUCHA;False;60.0;;0.1;0.1;60.0
379;BUCHA RED.SOLD.LONGA 110 X 60MM;CONEXOES SOLDAVEIS;;;;;;BUCHA RED.SOLD.LONGA 110 X 60MM;CONEXOES SOLDAVEIS;AF;PC;Sacos;111.0;135.0;111.0;5.0;3917.40.90;7897801311571;17897801311578;27897801311575;BUCHA RED.SOLDAVEL.LONGA 110 X 60MM;BUCHA;False;60.0;;0.111;0.111;60.0
38;TUBO PVC SOLDAVEL - 3M - 75MM;TUBOS PVC SOLDAVEL;;;;;;TUBO PVC SOLDAVEL - 3M - 75MM;TUBOS PVC SOLDAVEL;AF;BR;Amarrados;3000.0;75.0;75.0;1.0;3917.23.00;7897801309035;17897801309032;27897801309039;TUBO PVC SOLDAVEL - 3M - 75MM;TUBO;True;75.0;3.0;3.0;3.0;75.0
380;BUCHA RED.SOLD.LONGA 110 X 75MM;CONEXOES SOLDAVEIS;;;;;;BUCHA RED.SOLD.LONGA 110 X 75MM;CONEXOES SOLDAVEIS;AF;PC;Sacos;130.0;112.0;112.0;5.0;3917.40.90;7897801311588;17897801311585;27897801311582;BUCHA RED.SOLDAVEL.LONGA 110 X 75MM;BUCHA;False;75.0;;0.13;0.13;75.0
382;CAP SOLD - 20MM;CONEXOES SOLDAVEIS;;;;;;CAP SOLD - 20MM;CONEXOES SOLDAVEIS;AF;PC;Sacos;28.0;28.0;20.0;50.0;3917.40.90;7897801300483;17897801300480;47897801300481;CAP SOLDAVEL - 20MM;CAP;False;20.0;;0.028;0.028;20.0
383;CAP SOLD - 25MM;CONEXOES SOLDAVEIS;;;;;;CAP SOLD - 25MM;CONEXOES SOLDAVEIS;AF;PC;Sacos;25.0;25.0;33.8;50.0;3917.40.90;7897801300513;17897801300510;47897801300511;CAP SOLDAVEL - 25MM;CAP;False;25.0;;0.025;0.025;25.0
384;CAP SOLD - 32MM;CONEXOES SOLDAVEIS;;;;;;CAP SOLD - 32MM;CONEXOES SOLDAVEIS;AF;PC;Sacos;42.0;42.0;30.0;25.0;3917.40.90;7897801302845;17897801302842;47897801302843;CAP SOLDAVEL - 32MM;CAP;False;32.0;;0.042;0.042;32.0
385;CAP SOLD - 40MM;CONEXOES SOLDAVEIS;;;;;;CAP SOLD - 40MM;CONEXOES SOLDAVEIS;AF;PC;Sacos;51.6;36.0;51.6;10.0;3917.40.90;7897801307208;17897801307205;27897801307202;CAP SOLDAVEL - 40MM;CAP;False;40.0;;0.0516;0.0516;40.0
386;CAP SOLD - 50MM;CONEXOES SOLDAVEIS;;;;;;CAP SOLD - 50MM;CONEXOES SOLDAVEIS;AF;PC;Sacos;63.0;63.0;41.5;10.0;3917.40.90;7897801301961;17897801301968;47897801301969;CAP SOLDAVEL - 50MM;CAP;False;50.0;;0.063;0.063;50.0
387;CAP SOLD - 60MM;CONEXOES SOLDAVEIS;;;;;;CAP SOLD - 60MM;CONEXOES SOLDAVEIS;AF;PC;Sacos;74.0;50.0;74.0;10.0;3917.40.90;7897801307543;17897801307540;47897801307541;CAP SOLDAVEL - 60MM;CAP;False;60.0;;0.074;0.074;60.0
388;CAP SOLD - 75MM;CONEXOES SOLDAVEIS;;;;;;CAP SOLD - 75MM;CONEXOES SOLDAVEIS;AF;PC;Sacos;60.0;90.0;90.0;5.0;3917.40.90;7897801311090;17897801311097;27897801311094;CAP SOLDAVEL - 75MM;CAP;False;75.0;;0.06;0.06;75.0
389;CAP SOLD - 85MM;CONEXOES SOLDAVEIS;;;;;;CAP SOLD - 85MM;CONEXOES SOLDAVEIS;AF;PC;Sacos;55.0;102.0;102.0;5.0;3917.40.90;7897801311106;17897801311103;27897801311100;CAP SOLDAVEL - 85MM;CAP;False;85.0;;0.055;0.055;85.0
390;CAP SOLD - 110MM;CONEXOES SOLDAVEIS;;;;;;CAP SOLD - 110MM;CONEXOES SOLDAVEIS;AF;PC;Sacos;75.0;130.0;130.0;5.0;3917.40.90;7897801311113;17897801311110;27897801311117;CAP SOLDAVEL - 110MM;CAP;False;110.0;;0.075;0.075;110.0
393;CURVA 45 SOLD - 20MM;CONEXOES SOLDAVEIS;;;;;;CURVA 45 SOLD - 20MM;CONEXOES SOLDAVEIS;AF;PC;Sacos;92.0;32.0;25.0;20.0;3917.40.90;7897801310765;17897801310762;27897801310769;CURVA 45 SOLDAVEL - 20MM;JOELHO;False;20.0;;0.092;0.092;20.0
394;CURVA 45 SOLD - 25MM;CONEXOES SOLDAVEIS;;;;;;CURVA 45 SOLD - 25MM;CONEXOES SOLDAVEIS;AF;PC;Sacos;120.0;40.0;30.0;25.0;3917.40.90;7897801310772;17897801310779;27897801310776;CURVA 45 SOLDAVEL - 25MM;JOELHO;False;25.0;;0.12;0.12;25.0
395;CURVA 45 SOLD - 32MM;CONEXOES SOLDAVEIS;;;;;;CURVA 45 SOLD - 32MM;CONEXOES SOLDAVEIS;AF;PC;Sacos;35.0;125.0;75.0;10.0;3917.40.90;7897801310789;17897801310786;27897801310783;CURVA 45 SOLDAVEL - 32MM;JOELHO;False;32.0;;0.035;0.035;32.0
396;CURVA 45 SOLD - 40MM;CONEXOES SOLDAVEIS;;;;;;CURVA 45 SOLD - 40MM;CONEXOES SOLDAVEIS;AF;PC;Sacos;45.0;158.0;110.0;5.0;3917.40.90;7897801310796;17897801310793;27897801310790;CURVA 45 SOLDAVEL - 40MM;JOELHO;False;40.0;;0.045;0.045;40.0
397;CURVA 45 SOLD - 50MM;CONEXOES SOLDAVEIS;;;;;;CURVA 45 SOLD - 50MM;CONEXOES SOLDAVEIS;AF;PC;Sacos;190.0;54.0;75.0;5.0;3917.40.90;7897801310802;17897801310809;27897801310806;CURVA 45 SOLDAVEL - 50MM;JOELHO;False;50.0;;0.19;0.19;50.0
398;CURVA 45 SOLD - 60MM;CONEXOES SOLDAVEIS;;;;;;CURVA 45 SOLD - 60MM;CONEXOES SOLDAVEIS;AF;PC;Sacos;240.0;11.0;70.0;5.0;3917.40.90;7897801310819;17897801310816;27897801310813;CURVA 45 SOLDAVEL - 60MM;JOELHO;False;60.0;;0.24;0.24;60.0
399;CURVA 45 SOLD - 75MM;CONEXOES SOLDAVEIS;;;;;;CURVA 45 SOLD - 75MM;CONEXOES SOLDAVEIS;AF;PC;Sacos;83.0;260.0;170.0;1.0;3917.40.90;7897801310826;17897801310823;27897801310820;CURVA 45 SOLDAVEL - 75MM;JOELHO;False;75.0;;0.083;0.083;75.0
400;CURVA 45 SOLD - 85MM;CONEXOES SOLDAVEIS;;;;;;CURVA 45 SOLD - 85MM;CONEXOES SOLDAVEIS;AF;PC;Sacos;30.0;130.0;95.0;1.0;3917.40.90;7897801310833;17897801310830;27897801310837;CURVA 45 SOLDAVEL - 85MM;JOELHO;False;85.0;;0.03;0.03;85.0
401;CURVA 45 SOLD - 110MM;CONEXOES SOLDAVEIS;;;;;;CURVA 45 SOLD - 110MM;CONEXOES SOLDAVEIS;AF;PC;Sacos;122.0;420.0;250.0;1.0;3917.40.90;7897801310840;17897801310847;27897801310844;CURVA 45 SOLDAVEL - 110MM;JOELHO;False;110.0;;0.122;0.122;110.0
402;CURVA DE TRANSPOSICAO SOLD - 20MM;CONEXOES SOLDAVEIS;Efetuar sobreposição de tubulações, através de seu desenho exclusivo, reduzindo emendas e garantindo a estanqueidade.;Utilizada em instalação hidráulica residencial, comercial e industrial nas tubulações de água fria, indicado para utilização em instalações sobrepostas.;"*Material: PVC (Policloreto de Vinila). 
*Processo: Injeção 
* Cor: Marrom 
*Conexão: Bolsas Soldáveis 
*Temperatura x Pressão 
*45 ͦC x 7,5 kgf/cm²";"*ABNT NBR 5648 
*ABNT NBR 5626";"*Sem efeito nocivo ao organismo, atóxico. 
*Resistente a corrosão, não enferruja. 
*Juntas soldáveis a frio. 
*Longa vida útil.";CURVA DE TRANSPOSICAO SOLD - 20MM;CONEXOES SOLDAVEIS;AF;PC;Sacos;22.0;40.0;140.0;20.0;3917.40.90;7897801310857;17897801310854;27897801310851;CURVA DE TRANSPOSICAO SOLDAVEL - 20MM;JOELHO;False;20.0;;0.022;0.022;20.0
403;CURVA DE TRANSPOSICAO SOLD - 25MM;CONEXOES SOLDAVEIS;Efetuar sobreposição de tubulações, através de seu desenho exclusivo, reduzindo emendas e garantindo a estanqueidade.;Utilizada em instalação hidráulica residencial, comercial e industrial nas tubulações de água fria, indicado para utilização em instalações sobrepostas.;"*Material: PVC (Policloreto de Vinila). 
*Processo: Injeção 
* Cor: Marrom 
*Conexão: Bolsas Soldáveis 
*Temperatura x Pressão 
*45 ͦC x 7,5 kgf/cm²";"*ABNT NBR 5648 
*ABNT NBR 5626";"*Sem efeito nocivo ao organismo, atóxico. 
*Resistente a corrosão, não enferruja. 
*Juntas soldáveis a frio. 
*Longa vida útil.";CURVA DE TRANSPOSICAO SOLD - 25MM;CONEXOES SOLDAVEIS;AF;PC;Sacos;28.0;50.0;175.0;20.0;3917.40.90;7897801310864;17897801310861;27897801310868;CURVA DE TRANSPOSICAO SOLDAVEL - 25MM;JOELHO;False;25.0;;0.028;0.028;25.0
404;CURVA DE TRANSPOSICAO SOLD - 32MM;CONEXOES SOLDAVEIS;Efetuar sobreposição de tubulações, através de seu desenho exclusivo, reduzindo emendas e garantindo a estanqueidade.;Utilizada em instalação hidráulica residencial, comercial e industrial nas tubulações de água fria, indicado para utilização em instalações sobrepostas.;"*Material: PVC (Policloreto de Vinila). 
*Processo: Injeção 
* Cor: Marrom 
*Conexão: Bolsas Soldáveis 
*Temperatura x Pressão 
*45 ͦC x 7,5 kgf/cm²";"*ABNT NBR 5648 
*ABNT NBR 5626";"*Sem efeito nocivo ao organismo, atóxico. 
*Resistente a corrosão, não enferruja. 
*Juntas soldáveis a frio. 
*Longa vida útil.";CURVA DE TRANSPOSICAO SOLD - 32MM;CONEXOES SOLDAVEIS;AF;PC;Sacos;38.0;60.0;220.0;10.0;3917.40.90;7897801310871;17897801310878;27897801310875;CURVA DE TRANSPOSICAO SOLDAVEL - 32MM;JOELHO;False;32.0;;0.038;0.038;32.0
406;CURVA 90 SOLD - 20MM;CONEXOES SOLDAVEIS;;;;;;CURVA 90 SOLD - 20MM;CONEXOES SOLDAVEIS;AF;PC;Sacos;99.0;70.0;28.0;20.0;3917.40.90;7897801301626;17897801301623;27897801301620;CURVA 90 SOLDAVEL - 20MM;JOELHO;False;20.0;;0.099;0.099;20.0
407;CURVA 90 SOLD - 25MM;CONEXOES SOLDAVEIS;;;;;;CURVA 90 SOLD - 25MM;CONEXOES SOLDAVEIS;AF;PC;Sacos;119.0;51.0;34.0;20.0;3917.40.90;7897801301619;17897801301616;47897801301617;CURVA 90 SOLDAVEL - 25MM;JOELHO;False;25.0;;0.119;0.119;25.0
408;CURVA 90 SOLD - 32MM;CONEXOES SOLDAVEIS;;;;;;CURVA 90 SOLD - 32MM;CONEXOES SOLDAVEIS;AF;PC;Sacos;137.0;97.0;42.0;10.0;3917.40.90;7897801302784;17897801302781;47897801302782;CURVA 90 SOLDAVEL - 32MM;JOELHO;False;32.0;;0.137;0.137;32.0
409;CURVA 90 SOLD - 40MM;CONEXOES SOLDAVEIS;;;;;;CURVA 90 SOLD - 40MM;CONEXOES SOLDAVEIS;AF;PC;Sacos;133.0;51.6;133.0;10.0;3917.40.90;7897801307185;17897801307182;27897801307189;CURVA 90 SOLDAVEL - 40MM;JOELHO;False;40.0;;0.133;0.133;40.0
410;CURVA 90 SOLD - 50MM;CONEXOES SOLDAVEIS;;;;;;CURVA 90 SOLD - 50MM;CONEXOES SOLDAVEIS;AF;PC;Sacos;230.0;163.0;63.0;10.0;3917.40.90;7897801301633;17897801301630;27897801301637;CURVA 90 SOLDAVEL - 50MM;JOELHO;False;50.0;;0.23;0.23;50.0
411;CURVA 90 SOLD - 60MM;CONEXOES SOLDAVEIS;;;;;;CURVA 90 SOLD - 60MM;CONEXOES SOLDAVEIS;AF;PC;Sacos;176.0;74.0;176.0;5.0;3917.40.90;7897801307550;17897801307557;27897801307554;CURVA 90 SOLDAVEL - 60MM;JOELHO;False;60.0;;0.176;0.176;60.0
412;CURVA 90 SOLD - 75MM;CONEXOES SOLDAVEIS;;;;;;CURVA 90 SOLD - 75MM;CONEXOES SOLDAVEIS;AF;PC;Sacos;250.0;250.0;85.0;1.0;3917.40.90;7897801310987;17897801310984;27897801310981;CURVA 90 SOLDAVEL - 75MM;JOELHO;False;75.0;;0.25;0.25;75.0
413;CURVA 90 SOLD - 85MM;CONEXOES SOLDAVEIS;;;;;;CURVA 90 SOLD - 85MM;CONEXOES SOLDAVEIS;AF;PC;Sacos;290.0;290.0;95.0;1.0;3917.40.90;7897801310994;17897801310991;27897801310998;CURVA 90 SOLDAVEL - 85MM;JOELHO;False;85.0;;0.29;0.29;85.0
414;CURVA 90 SOLD - 110MM;CONEXOES SOLDAVEIS;;;;;;CURVA 90 SOLD - 110MM;CONEXOES SOLDAVEIS;AF;PC;Sacos;122.0;410.0;410.0;1.0;3917.40.90;7897801311007;17897801311004;27897801311001;CURVA 90 SOLDAVEL - 110MM;JOELHO;False;110.0;;0.122;0.122;110.0
415;JOELHO 45 SOLD - 20MM;CONEXOES SOLDAVEIS;;;;;;JOELHO 45 SOLD - 20MM;CONEXOES SOLDAVEIS;AF;PC;Sacos;38.0;48.0;28.0;50.0;3917.40.90;7897801302234;17897801302231;47897801302232;JOELHO 45 SOLDAVEL - 20MM;JOELHO;False;20.0;;0.038;0.038;20.0
416;JOELHO 45 SOLD - 25MM;CONEXOES SOLDAVEIS;;;;;;JOELHO 45 SOLD - 25MM;CONEXOES SOLDAVEIS;AF;PC;Sacos;45.0;57.0;34.0;50.0;3917.40.90;7897801302241;17897801302248;47897801302249;JOELHO 45 SOLDAVEL - 25MM;JOELHO;False;25.0;;0.045;0.045;25.0
417;JOELHO 45 SOLD - 32MM;CONEXOES SOLDAVEIS;;;;;;JOELHO 45 SOLD - 32MM;CONEXOES SOLDAVEIS;AF;PC;Sacos;58.0;69.0;42.0;10.0;3917.40.90;7897801302791;17897801302798;27897801302795;JOELHO 45 SOLDAVEL - 32MM;JOELHO;False;32.0;;0.058;0.058;32.0
418;JOELHO 45 SOLD - 40MM;CONEXOES SOLDAVEIS;;;;;;JOELHO 45 SOLD - 40MM;CONEXOES SOLDAVEIS;AF;PC;Sacos;78.0;52.0;78.0;10.0;3917.40.90;7897801307307;17897801307304;27897801307301;JOELHO 45 SOLDAVEL - 40MM;JOELHO;False;40.0;;0.078;0.078;40.0
419;JOELHO 45 SOLD - 50MM;CONEXOES SOLDAVEIS;;;;;;JOELHO 45 SOLD - 50MM;CONEXOES SOLDAVEIS;AF;PC;Sacos;82.0;101.0;63.0;10.0;3917.40.90;7897801302227;17897801302224;27897801302221;JOELHO 45 SOLDAVEL - 50MM;JOELHO;False;50.0;;0.082;0.082;50.0
420;JOELHO 45 SOLD - 60MM;CONEXOES SOLDAVEIS;;;;;;JOELHO 45 SOLD - 60MM;CONEXOES SOLDAVEIS;AF;PC;Sacos;117.0;74.0;117.0;10.0;3917.40.90;7897801307567;17897801307564;27897801307561;JOELHO 45 SOLDAVEL - 60MM;JOELHO;False;60.0;;0.117;0.117;60.0
421;JOELHO 45 SOLD - 75MM;CONEXOES SOLDAVEIS;;;;;;JOELHO 45 SOLD - 75MM;CONEXOES SOLDAVEIS;AF;PC;Sacos;125.0;100.0;90.0;5.0;3917.40.90;7897801311274;17897801311271;27897801311278;JOELHO 45 SOLDAVEL - 75MM;JOELHO;False;75.0;;0.125;0.125;75.0
422;JOELHO 45 SOLD - 85MM;CONEXOES SOLDAVEIS;;;;;;JOELHO 45 SOLD - 85MM;CONEXOES SOLDAVEIS;AF;PC;Sacos;105.0;150.0;130.0;3.0;3917.40.90;7897801311281;17897801311288;27897801311285;JOELHO 45 SOLDAVEL - 85MM;JOELHO;False;85.0;;0.105;0.105;85.0
423;JOELHO 45 SOLD - 110MM;CONEXOES SOLDAVEIS;;;;;;JOELHO 45 SOLD - 110MM;CONEXOES SOLDAVEIS;AF;PC;Sacos;125.0;180.0;170.0;1.0;3917.40.90;7897801311298;17897801311295;27897801311292;JOELHO 45 SOLDAVEL - 110MM;JOELHO;False;110.0;;0.125;0.125;110.0
424;JOELHO 90 SOLD - 20MM;CONEXOES SOLDAVEIS;;;;;;JOELHO 90 SOLD - 20MM;CONEXOES SOLDAVEIS;AF;PC;Sacos;41.4;28.0;41.4;50.0;3917.40.90;7897801300506;17897801300503;47897801300504;JOELHO 90 SOLDAVEL - 20MM;JOELHO;False;20.0;;0.0414;0.0414;20.0
425;JOELHO 90 SOLD - 25MM;CONEXOES SOLDAVEIS;;;;;;JOELHO 90 SOLD - 25MM;CONEXOES SOLDAVEIS;AF;PC;Sacos;48.9;33.8;48.9;50.0;3917.40.90;7897801300308;17897801300305;47897801300306;JOELHO 90 SOLDAVEL - 25MM;JOELHO;False;25.0;;0.0489;0.0489;25.0
426;JOELHO 90 SOLD - 32MM;CONEXOES SOLDAVEIS;;;;;;JOELHO 90 SOLD - 32MM;CONEXOES SOLDAVEIS;AF;PC;Sacos;61.0;42.0;61.0;25.0;3917.40.90;7897801301565;17897801301562;27897801301569;JOELHO 90 SOLDAVEL - 32MM;JOELHO;False;32.0;;0.061;0.061;32.0
427;JOELHO 90 SOLD - 40MM;CONEXOES SOLDAVEIS;;;;;;JOELHO 90 SOLD - 40MM;CONEXOES SOLDAVEIS;AF;PC;Sacos;100.0;70.0;50.0;10.0;3917.40.90;7897801301879;17897801301876;27897801301873;JOELHO 90 SOLDAVEL - 40MM;JOELHO;False;40.0;;0.1;0.1;40.0
428;JOELHO 90 SOLD - 50MM;CONEXOES SOLDAVEIS;;;;;;JOELHO 90 SOLD - 50MM;CONEXOES SOLDAVEIS;AF;PC;Sacos;90.0;63.0;63.0;25.0;3917.40.90;7897801300650;17897801300657;27897801300654;JOELHO 90 SOLDAVEL - 50MM;JOELHO;False;50.0;;0.09;0.09;50.0
429;JOELHO 90 SOLD - 60MM;CONEXOES SOLDAVEIS;;;;;;JOELHO 90 SOLD - 60MM;CONEXOES SOLDAVEIS;AF;PC;Sacos;105.9;74.0;105.9;10.0;3917.40.90;7897801302975;17897801302972;27897801302979;JOELHO 90 SOLDAVEL - 60MM;JOELHO;False;60.0;;0.10590000000000001;0.10590000000000001;60.0
430;JOELHO 90 SOLD - 75MM;CONEXOES SOLDAVEIS;;;;;;JOELHO 90 SOLD - 75MM;CONEXOES SOLDAVEIS;AF;PC;Sacos;130.0;132.0;94.0;5.0;3917.40.90;7897801309271;17897801309278;27897801309275;JOELHO 90 SOLDAVEL - 75MM;JOELHO;False;75.0;;0.13;0.13;75.0
431;JOELHO 90 SOLD - 85MM;CONEXOES SOLDAVEIS;;;;;;JOELHO 90 SOLD - 85MM;CONEXOES SOLDAVEIS;AF;PC;Sacos;148.0;103.0;148.0;3.0;3917.40.90;7897801308823;17897801308820;27897801308827;JOELHO 90 SOLDAVEL - 85MM;JOELHO;False;85.0;;0.148;0.148;85.0
432;JOELHO 90 SOLD - 110MM;CONEXOES SOLDAVEIS;;;;;;JOELHO 90 SOLD - 110MM;CONEXOES SOLDAVEIS;AF;PC;Sacos;190.0;130.0;190.0;1.0;3917.40.90;7897801309349;17897801309346;27897801309343;JOELHO 90 SOLDAVEL - 110MM;JOELHO;False;110.0;;0.19;0.19;110.0
433;JOELHO 90 RED. SOLD 25 X 20MM;CONEXOES SOLDAVEIS;;;;;;JOELHO 90 RED. SOLD 25 X 20MM;CONEXOES SOLDAVEIS;AF;PC;Sacos;47.0;47.0;34.0;20.0;3917.40.90;7897801301152;17897801301159;27897801301156;JOELHO 90 RED. SOLDAVEL 25 X 20MM;JOELHO;False;20.0;;0.047;0.047;20.0
434;JOELHO 90 RED. SOLD 32 X 25MM;CONEXOES SOLDAVEIS;;;;;;JOELHO 90 RED. SOLD 32 X 25MM;CONEXOES SOLDAVEIS;AF;PC;Sacos;40.0;40.0;60.0;15.0;3917.40.90;7897801312332;17897801312339;27897801312336;JOELHO 90 RED. SOLDAVEL 32 X 25MM;JOELHO;False;25.0;;0.04;0.04;25.0
435;LUVA SOLD - 20MM;CONEXOES SOLDAVEIS;;;;;;LUVA SOLD - 20MM;CONEXOES SOLDAVEIS;AF;PC;Sacos;28.0;28.0;34.5;50.0;3917.40.90;7897801300537;17897801300534;47897801300535;LUVA SOLDAVEL - 20MM;LUVA;False;20.0;;0.028;0.028;20.0
436;LUVA SOLD - 25MM;CONEXOES SOLDAVEIS;;;;;;LUVA SOLD - 25MM;CONEXOES SOLDAVEIS;AF;PC;Sacos;33.8;38.0;40.0;50.0;3917.40.90;7897801300315;17897801300312;27897801300319;LUVA SOLDAVEL - 25MM;LUVA;False;25.0;;0.0338;0.0338;25.0
437;LUVA SOLD - 32MM;CONEXOES SOLDAVEIS;;;;;;LUVA SOLD - 32MM;CONEXOES SOLDAVEIS;AF;PC;Sacos;42.0;48.0;42.0;25.0;3917.40.90;7897801301572;17897801301579;27897801301576;LUVA SOLDAVEL - 32MM;LUVA;False;32.0;;0.042;0.042;32.0
438;LUVA SOLD - 40MM;CONEXOES SOLDAVEIS;;;;;;LUVA SOLD - 40MM;CONEXOES SOLDAVEIS;AF;PC;Sacos;51.6;51.6;55.0;10.0;3917.40.90;7897801301862;17897801301869;27897801301866;LUVA SOLDAVEL - 40MM;LUVA;False;40.0;;0.0516;0.0516;40.0
439;LUVA SOLD - 50MM;CONEXOES SOLDAVEIS;;;;;;LUVA SOLD - 50MM;CONEXOES SOLDAVEIS;AF;PC;Sacos;63.0;63.0;65.0;10.0;3917.40.90;7897801300810;17897801300817;27897801300814;LUVA SOLDAVEL - 50MM;LUVA;False;50.0;;0.063;0.063;50.0
440;LUVA SOLD - 60MM;CONEXOES SOLDAVEIS;;;;;;LUVA SOLD - 60MM;CONEXOES SOLDAVEIS;AF;PC;Sacos;74.0;74.0;75.8;10.0;3917.40.90;7897801302951;17897801302958;27897801302955;LUVA SOLDAVEL - 60MM;LUVA;False;60.0;;0.074;0.074;60.0
441;LUVA SOLD - 75MM;CONEXOES SOLDAVEIS;;;;;;LUVA SOLD - 75MM;CONEXOES SOLDAVEIS;AF;PC;Sacos;93.0;92.0;92.0;5.0;3917.40.90;7897801308908;17897801308905;27897801308902;LUVA SOLDAVEL - 75MM;LUVA;False;75.0;;0.093;0.093;75.0
442;LUVA SOLD - 85MM;CONEXOES SOLDAVEIS;;;;;;LUVA SOLD - 85MM;CONEXOES SOLDAVEIS;AF;PC;Sacos;103.0;103.0;103.0;3.0;3917.40.90;7897801308922;17897801308929;27897801308926;LUVA SOLDAVEL - 85MM;LUVA;False;85.0;;0.103;0.103;85.0
443;LUVA SOLD - 110MM;CONEXOES SOLDAVEIS;;;;;;LUVA SOLD - 110MM;CONEXOES SOLDAVEIS;AF;PC;Sacos;128.0;131.0;128.0;1.0;3917.40.90;7897801309257;17897801309254;27897801309251;LUVA SOLDAVEL - 110MM;LUVA;False;110.0;;0.128;0.128;110.0
444;LUVA DE CORRER P/TUBO SOLD.20MM;CONEXOES SOLDAVEIS;Reparar ramais e sub-ramais de PVC, instalados de forma embutida. A Estanqueidade é garantida pelos anéis deslizantes.;Utilizada em instalação hidráulica residencial, comercial e industrial nas tubulações de água fria, Por exemplo: em reparos provenientes de perfuração ou rupturas.;"*Material: PVC (Policloreto de Vinila). 
*Processo: Injeção 
*Cor: Marrom
*Conexão: Ponta Rosca / Bolsa Solda 
*Temperatura x Pressão 
*45 ͦC x 7,5 kgf/cm²";"*ABNT NBR 5648
*ABNT NBR 5626";"*Sem efeito nocivo ao organismo, atóxico. 
*Resistente a corrosão, não enferruja. 
*Juntas soldáveis a frio. 
*Longa vida útil.";LUVA DE CORRER P/TUBO SOLD.20MM;CONEXOES SOLDAVEIS;AF;PC;Sacos;30.5;30.5;46.0;12.0;3917.40.90;7897801302258;17897801302255;27897801302252;LUVA DE CORRER P TUBO SOLDAVEL.20MM;TUBO;True;20.0;;0.0305;0.0305;20.0
445;LUVA DE CORRER P/TUBO SOLD.25MM;CONEXOES SOLDAVEIS;Reparar ramais e sub-ramais de PVC, instalados de forma embutida. A Estanqueidade é garantida pelos anéis deslizantes.;Utilizada em instalação hidráulica residencial, comercial e industrial nas tubulações de água fria, Por exemplo: em reparos provenientes de perfuração ou rupturas.;"*Material: PVC (Policloreto de Vinila). 
*Processo: Injeção 
*Cor: Marrom
*Conexão: Ponta Rosca / Bolsa Solda 
*Temperatura x Pressão 
*45 ͦC x 7,5 kgf/cm²";"*ABNT NBR 5648
*ABNT NBR 5626";"*Sem efeito nocivo ao organismo, atóxico. 
*Resistente a corrosão, não enferruja. 
*Juntas soldáveis a frio. 
*Longa vida útil.";LUVA DE CORRER P/TUBO SOLD.25MM;CONEXOES SOLDAVEIS;AF;PC;Sacos;36.5;36.5;53.0;12.0;3917.40.90;7897801302197;17897801302194;47897801302195;LUVA DE CORRER P TUBO SOLDAVEL.25MM;TUBO;True;25.0;;0.0365;0.0365;25.0
446;LUVA DE CORRER P/TUBO SOLD.32MM;CONEXOES SOLDAVEIS;Reparar ramais e sub-ramais de PVC, instalados de forma embutida. A Estanqueidade é garantida pelos anéis deslizantes.;Utilizada em instalação hidráulica residencial, comercial e industrial nas tubulações de água fria, Por exemplo: em reparos provenientes de perfuração ou rupturas.;"*Material: PVC (Policloreto de Vinila). 
*Processo: Injeção 
*Cor: Marrom
*Conexão: Ponta Rosca / Bolsa Solda 
*Temperatura x Pressão 
*45 ͦC x 7,5 kgf/cm²";"*ABNT NBR 5648
*ABNT NBR 5626";"*Sem efeito nocivo ao organismo, atóxico. 
*Resistente a corrosão, não enferruja. 
*Juntas soldáveis a frio. 
*Longa vida útil.";LUVA DE CORRER P/TUBO SOLD.32MM;CONEXOES SOLDAVEIS;AF;PC;Sacos;44.0;44.0;59.0;6.0;3917.40.90;7897801302265;17897801302262;27897801302269;LUVA DE CORRER P TUBO SOLDAVEL.32MM;TUBO;True;32.0;;0.044;0.044;32.0
447;LUVA DE CORRER P/TUBO SOLD.40MM;CONEXOES SOLDAVEIS;Reparar ramais e sub-ramais de PVC, instalados de forma embutida. A Estanqueidade é garantida pelos anéis deslizantes.;Utilizada em instalação hidráulica residencial, comercial e industrial nas tubulações de água fria, Por exemplo: em reparos provenientes de perfuração ou rupturas.;"*Material: PVC (Policloreto de Vinila). 
*Processo: Injeção 
*Cor: Marrom
*Conexão: Ponta Rosca / Bolsa Solda 
*Temperatura x Pressão 
*45 ͦC x 7,5 kgf/cm²";"*ABNT NBR 5648
*ABNT NBR 5626";"*Sem efeito nocivo ao organismo, atóxico. 
*Resistente a corrosão, não enferruja. 
*Juntas soldáveis a frio. 
*Longa vida útil.";LUVA DE CORRER P/TUBO SOLD.40MM;CONEXOES SOLDAVEIS;AF;PC;Sacos;56.0;56.0;74.8;6.0;3917.40.90;7897801302340;17897801302347;27897801302344;LUVA DE CORRER P TUBO SOLDAVEL.40MM;TUBO;True;40.0;;0.056;0.056;40.0
448;LUVA DE CORRER P/TUBO SOLD.50MM;CONEXOES SOLDAVEIS;Reparar ramais e sub-ramais de PVC, instalados de forma embutida. A Estanqueidade é garantida pelos anéis deslizantes.;Utilizada em instalação hidráulica residencial, comercial e industrial nas tubulações de água fria, Por exemplo: em reparos provenientes de perfuração ou rupturas.;"*Material: PVC (Policloreto de Vinila). 
*Processo: Injeção 
*Cor: Marrom
*Conexão: Ponta Rosca / Bolsa Solda 
*Temperatura x Pressão 
*45 ͦC x 7,5 kgf/cm²";"*ABNT NBR 5648
*ABNT NBR 5626";"*Sem efeito nocivo ao organismo, atóxico. 
*Resistente a corrosão, não enferruja. 
*Juntas soldáveis a frio. 
*Longa vida útil.";LUVA DE CORRER P/TUBO SOLD.50MM;CONEXOES SOLDAVEIS;AF;PC;Sacos;66.0;66.0;82.8;8.0;3917.40.90;7897801302203;17897801302200;27897801302207;LUVA DE CORRER P TUBO SOLDAVEL.50MM;TUBO;True;50.0;;0.066;0.066;50.0
449;LUVA DE CORRER P/TUBO SOLD.60MM;CONEXOES SOLDAVEIS;Reparar ramais e sub-ramais de PVC, instalados de forma embutida. A Estanqueidade é garantida pelos anéis deslizantes.;Utilizada em instalação hidráulica residencial, comercial e industrial nas tubulações de água fria, Por exemplo: em reparos provenientes de perfuração ou rupturas.;"*Material: PVC (Policloreto de Vinila). 
*Processo: Injeção 
*Cor: Marrom
*Conexão: Ponta Rosca / Bolsa Solda 
*Temperatura x Pressão 
*45 ͦC x 7,5 kgf/cm²";"*ABNT NBR 5648
*ABNT NBR 5626";"*Sem efeito nocivo ao organismo, atóxico. 
*Resistente a corrosão, não enferruja. 
*Juntas soldáveis a frio. 
*Longa vida útil.";LUVA DE CORRER P/TUBO SOLD.60MM;CONEXOES SOLDAVEIS;AF;PC;Sacos;76.5;92.0;76.5;6.0;3917.40.90;7897801306669;17897801306666;27897801306663;LUVA DE CORRER P TUBO SOLDAVEL.60MM;TUBO;True;60.0;;0.0765;0.0765;60.0
450;LUVA RED. SOLD. 25 X 20MM;CONEXOES SOLDAVEIS;;;;;;LUVA RED. SOLD. 25 X 20MM;CONEXOES SOLDAVEIS;AF;PC;Sacos;33.8;33.8;35.7;50.0;3917.40.90;7897801301985;17897801301982;47897801301983;LUVA RED. SOLDAVEL. 25 X 20MM;LUVA;False;20.0;;0.0338;0.0338;20.0
451;LUVA RED. SOLD. 32 X 25MM;CONEXOES SOLDAVEIS;;;;;;LUVA RED. SOLD. 32 X 25MM;CONEXOES SOLDAVEIS;AF;PC;Sacos;42.0;43.3;42.0;20.0;3917.40.90;7897801301992;17897801301999;47897801301990;LUVA RED. SOLDAVEL. 32 X 25MM;LUVA;False;25.0;;0.042;0.042;25.0
452;LUVA RED. SOLD. 40 X 32MM;CONEXOES SOLDAVEIS;;;;;;LUVA RED. SOLD. 40 X 32MM;CONEXOES SOLDAVEIS;AF;PC;Sacos;60.0;50.0;50.0;10.0;3917.40.90;7897801311960;17897801311967;27897801311964;LUVA RED. SOLDAVEL. 40 X 32MM;LUVA;False;32.0;;0.06;0.06;32.0
453;LUVA RED. SOLD. 50 X 25MM;CONEXOES SOLDAVEIS;;;;;;LUVA RED. SOLD. 50 X 25MM;CONEXOES SOLDAVEIS;AF;PC;Sacos;70.0;60.0;60.0;10.0;3917.40.90;7897801311977;17897801311974;27897801311971;LUVA RED. SOLDAVEL. 50 X 25MM;LUVA;False;25.0;;0.07;0.07;25.0
454;TE SOLD - 20MM;CONEXOES SOLDAVEIS;;;;;;TE SOLD - 20MM;CONEXOES SOLDAVEIS;AF;PC;Sacos;54.0;28.0;41.0;50.0;3917.40.90;7897801300346;17897801300343;27897801300340;TE SOLDAVEL - 20MM;TE;False;20.0;;0.054;0.054;20.0
455;TE SOLD - 25MM;CONEXOES SOLDAVEIS;;;;;;TE SOLD - 25MM;CONEXOES SOLDAVEIS;AF;PC;Sacos;64.0;33.8;48.9;50.0;3917.40.90;7897801300322;17897801300329;27897801300326;TE SOLDAVEL - 25MM;TE;False;25.0;;0.064;0.064;25.0
456;TE SOLD - 32MM;CONEXOES SOLDAVEIS;;;;;;TE SOLD - 32MM;CONEXOES SOLDAVEIS;AF;PC;Sacos;60.0;42.0;78.0;25.0;3917.40.90;7897801301589;17897801301586;27897801301583;TE SOLDAVEL - 32MM;TE;False;32.0;;0.06;0.06;32.0
457;TE SOLD - 40MM;CONEXOES SOLDAVEIS;;;;;;TE SOLD - 40MM;CONEXOES SOLDAVEIS;AF;PC;Sacos;73.7;51.6;95.8;10.0;3917.40.90;7897801301886;17897801301883;27897801301880;TE SOLDAVEL - 40MM;TE;False;40.0;;0.0737;0.0737;40.0
458;TE SOLD - 50MM;CONEXOES SOLDAVEIS;;;;;;TE SOLD - 50MM;CONEXOES SOLDAVEIS;AF;PC;Sacos;89.0;63.0;115.0;10.0;3917.40.90;7897801300698;17897801300695;27897801300692;TE SOLDAVEL - 50MM;TE;False;50.0;;0.089;0.089;50.0
459;TE SOLD - 60MM;CONEXOES SOLDAVEIS;;;;;;TE SOLD - 60MM;CONEXOES SOLDAVEIS;AF;PC;Sacos;105.9;74.0;137.8;5.0;3917.40.90;7897801302968;17897801302965;27897801302962;TE SOLDAVEL - 60MM;TE;False;60.0;;0.10590000000000001;0.10590000000000001;60.0
460;TE SOLD - 75MM;CONEXOES SOLDAVEIS;;;;;;TE SOLD - 75MM;CONEXOES SOLDAVEIS;AF;PC;Sacos;174.0;174.0;133.0;5.0;3917.40.90;7897801308939;17897801308936;27897801308933;TE SOLDAVEL - 75MM;TE;False;75.0;;0.174;0.174;75.0
461;TE SOLD - 85MM;CONEXOES SOLDAVEIS;;;;;;TE SOLD - 85MM;CONEXOES SOLDAVEIS;AF;PC;Sacos;197.0;197.0;148.0;3.0;3917.40.90;7897801308830;17897801308837;27897801308834;TE SOLDAVEL - 85MM;TE;False;85.0;;0.197;0.197;85.0
462;TE SOLD - 110MM;CONEXOES SOLDAVEIS;;;;;;TE SOLD - 110MM;CONEXOES SOLDAVEIS;AF;PC;Sacos;250.0;190.0;130.0;1.0;3917.40.90;7897801309356;17897801309353;27897801309350;TE SOLDAVEL - 110MM;TE;False;110.0;;0.25;0.25;110.0
463;TE RED SOLD - 25 X 20MM;CONEXOES SOLDAVEIS;;;;;;TE RED SOLD - 25 X 20MM;CONEXOES SOLDAVEIS;AF;PC;Sacos;46.8;33.8;60.0;20.0;3917.40.90;7897801302005;17897801302002;27897801302009;TE RED SOLDAVEL - 25 X 20MM;TE;False;20.0;;0.046799999999999994;0.046799999999999994;20.0
464;TE RED SOLD - 32 X 25MM;CONEXOES SOLDAVEIS;;;;;;TE RED SOLD - 32 X 25MM;CONEXOES SOLDAVEIS;AF;PC;Sacos;56.0;72.0;56.0;20.0;3917.40.90;7897801307130;17897801307137;27897801307134;TE RED SOLDAVEL - 32 X 25MM;TE;False;25.0;;0.056;0.056;25.0
465;TE RED SOLD - 40 X 25MM;CONEXOES SOLDAVEIS;;;;;;TE RED SOLD - 40 X 25MM;CONEXOES SOLDAVEIS;AF;PC;Sacos;66.0;71.5;66.0;10.0;3917.40.90;7897801307284;17897801307281;27897801307288;TE RED SOLDAVEL - 40 X 25MM;TE;False;25.0;;0.066;0.066;25.0
466;TE RED SOLD - 40 X 32MM;CONEXOES SOLDAVEIS;;;;;;TE RED SOLD - 40 X 32MM;CONEXOES SOLDAVEIS;AF;PC;Sacos;71.0;91.5;71.0;10.0;3917.40.90;7897801307291;17897801307298;27897801307295;TE RED SOLDAVEL - 40 X 32MM;TE;False;32.0;;0.071;0.071;32.0
468;TE RED SOLD - 50 X 25MM;CONEXOES SOLDAVEIS;;;;;;TE RED SOLD - 50 X 25MM;CONEXOES SOLDAVEIS;AF;PC;Sacos;76.5;63.0;88.5;10.0;3917.40.90;7897801300704;17897801300701;27897801300708;TE RED SOLDAVEL - 50 X 25MM;TE;False;25.0;;0.0765;0.0765;25.0
469;TE RED SOLD - 50 X 32MM;CONEXOES SOLDAVEIS;;;;;;TE RED SOLD - 50 X 32MM;CONEXOES SOLDAVEIS;AF;PC;Sacos;81.2;100.4;81.2;6.0;3917.40.90;7897801307314;17897801307311;27897801307318;TE RED SOLDAVEL - 50 X 32MM;TE;False;32.0;;0.08120000000000001;0.08120000000000001;32.0
470;TE RED SOLD - 50 X 40MM;CONEXOES SOLDAVEIS;;;;;;TE RED SOLD - 50 X 40MM;CONEXOES SOLDAVEIS;AF;PC;Sacos;84.6;107.6;84.6;6.0;3917.40.90;7897801307321;17897801307328;27897801307325;TE RED SOLDAVEL - 50 X 40MM;TE;False;40.0;;0.0846;0.0846;40.0
472;TE RED SOLD - 75 X 50MM;CONEXOES SOLDAVEIS;;;;;;TE RED SOLD - 75 X 50MM;CONEXOES SOLDAVEIS;AF;PC;Sacos;143.0;125.0;97.0;5.0;3917.40.90;7897801311953;17897801311950;27897801311957;TE RED SOLDAVEL - 75 X 50MM;TE;False;50.0;;0.143;0.143;50.0
473;TE RED SOLD - 75 X 60MM;CONEXOES SOLDAVEIS;;;;;;TE RED SOLD - 75 X 60MM;CONEXOES SOLDAVEIS;AF;PC;Sacos;154.0;118.0;74.0;4.0;3917.40.90;7897801311991;17897801311998;27897801311995;TE RED SOLDAVEL - 75 X 60MM;TE;False;60.0;;0.154;0.154;60.0
474;UNIAO SOLD - 20MM;CONEXOES SOLDAVEIS;Efetuar a união de trechos de tubulações, através de seu engate roscável estanque. Permitir a desmontagens desses trechos de tubulação para futuras intervenções de manutenção.;Utilizada em instalação hidráulica residencial, comercial e industrial nas tubulações de água fria, indicado para utilização em casa de máquinas, boilers, etc.;"*Material: PVC (Policloreto de Vinila). 
*Processo: Injeção 
*Cor: Marrom 
*Conexão: Bolsas Soldáveis 
*Temperatura x Pressão 
*45 ͦC x 7,5 kgf/cm²";"*ABNT NBR 5648 
*ABNT NBR 5626";"*Sem efeito nocivo ao organismo, atóxico. 
*Resistente a corrosão, não enferruja. 
*Juntas soldáveis a frio. 
*Longa vida útil.";UNIAO SOLD - 20MM;CONEXOES SOLDAVEIS;AF;PC;Sacos;43.0;43.0;41.0;20.0;3917.40.90;7897801302852;17897801302859;47897801302850;UNIAO SOLDAVEL - 20MM;UNIAO;False;20.0;;0.043;0.043;20.0
475;UNIAO SOLD - 25MM;CONEXOES SOLDAVEIS;Efetuar a união de trechos de tubulações, através de seu engate roscável estanque. Permitir a desmontagens desses trechos de tubulação para futuras intervenções de manutenção.;Utilizada em instalação hidráulica residencial, comercial e industrial nas tubulações de água fria, indicado para utilização em casa de máquinas, boilers, etc.;"*Material: PVC (Policloreto de Vinila). 
*Processo: Injeção 
*Cor: Marrom 
*Conexão: Bolsas Soldáveis 
*Temperatura x Pressão 
*45 ͦC x 7,5 kgf/cm²";"*ABNT NBR 5648 
*ABNT NBR 5626";"*Sem efeito nocivo ao organismo, atóxico. 
*Resistente a corrosão, não enferruja. 
*Juntas soldáveis a frio. 
*Longa vida útil.";UNIAO SOLD - 25MM;CONEXOES SOLDAVEIS;AF;PC;Sacos;52.0;52.0;44.5;20.0;3917.40.90;7897801302876;17897801302873;47897801302874;UNIAO SOLDAVEL - 25MM;UNIAO;False;25.0;;0.052;0.052;25.0
476;UNIAO SOLD - 32MM;CONEXOES SOLDAVEIS;Efetuar a união de trechos de tubulações, através de seu engate roscável estanque. Permitir a desmontagens desses trechos de tubulação para futuras intervenções de manutenção.;Utilizada em instalação hidráulica residencial, comercial e industrial nas tubulações de água fria, indicado para utilização em casa de máquinas, boilers, etc.;"*Material: PVC (Policloreto de Vinila). 
*Processo: Injeção 
*Cor: Marrom 
*Conexão: Bolsas Soldáveis 
*Temperatura x Pressão 
*45 ͦC x 7,5 kgf/cm²";"*ABNT NBR 5648 
*ABNT NBR 5626";"*Sem efeito nocivo ao organismo, atóxico. 
*Resistente a corrosão, não enferruja. 
*Juntas soldáveis a frio. 
*Longa vida útil.";UNIAO SOLD - 32MM;CONEXOES SOLDAVEIS;AF;PC;Sacos;62.0;53.0;62.0;10.0;3917.40.90;7897801307413;17897801307410;47897801307411;UNIAO SOLDAVEL - 32MM;UNIAO;False;32.0;;0.062;0.062;32.0
477;UNIAO SOLD - 40MM;CONEXOES SOLDAVEIS;Efetuar a união de trechos de tubulações, através de seu engate roscável estanque. Permitir a desmontagens desses trechos de tubulação para futuras intervenções de manutenção.;Utilizada em instalação hidráulica residencial, comercial e industrial nas tubulações de água fria, indicado para utilização em casa de máquinas, boilers, etc.;"*Material: PVC (Policloreto de Vinila). 
*Processo: Injeção 
*Cor: Marrom 
*Conexão: Bolsas Soldáveis 
*Temperatura x Pressão 
*45 ͦC x 7,5 kgf/cm²";"*ABNT NBR 5648 
*ABNT NBR 5626";"*Sem efeito nocivo ao organismo, atóxico. 
*Resistente a corrosão, não enferruja. 
*Juntas soldáveis a frio. 
*Longa vida útil.";UNIAO SOLD - 40MM;CONEXOES SOLDAVEIS;AF;PC;Sacos;75.0;63.0;75.0;10.0;3917.40.90;7897801307390;17897801307397;47897801307398;UNIAO SOLDAVEL - 40MM;UNIAO;False;40.0;;0.075;0.075;40.0
478;UNIAO SOLD - 50MM;CONEXOES SOLDAVEIS;Efetuar a união de trechos de tubulações, através de seu engate roscável estanque. Permitir a desmontagens desses trechos de tubulação para futuras intervenções de manutenção.;Utilizada em instalação hidráulica residencial, comercial e industrial nas tubulações de água fria, indicado para utilização em casa de máquinas, boilers, etc.;"*Material: PVC (Policloreto de Vinila). 
*Processo: Injeção 
*Cor: Marrom 
*Conexão: Bolsas Soldáveis 
*Temperatura x Pressão 
*45 ͦC x 7,5 kgf/cm²";"*ABNT NBR 5648 
*ABNT NBR 5626";"*Sem efeito nocivo ao organismo, atóxico. 
*Resistente a corrosão, não enferruja. 
*Juntas soldáveis a frio. 
*Longa vida útil.";UNIAO SOLD - 50MM;CONEXOES SOLDAVEIS;AF;PC;Sacos;92.0;92.0;75.5;10.0;3917.40.90;7897801302890;17897801302897;47897801302898;UNIAO SOLDAVEL - 50MM;UNIAO;False;50.0;;0.092;0.092;50.0
479;UNIAO SOLD - 60MM;CONEXOES SOLDAVEIS;Efetuar a união de trechos de tubulações, através de seu engate roscável estanque. Permitir a desmontagens desses trechos de tubulação para futuras intervenções de manutenção.;Utilizada em instalação hidráulica residencial, comercial e industrial nas tubulações de água fria, indicado para utilização em casa de máquinas, boilers, etc.;"*Material: PVC (Policloreto de Vinila). 
*Processo: Injeção 
*Cor: Marrom 
*Conexão: Bolsas Soldáveis 
*Temperatura x Pressão 
*45 ͦC x 7,5 kgf/cm²";"*ABNT NBR 5648 
*ABNT NBR 5626";"*Sem efeito nocivo ao organismo, atóxico. 
*Resistente a corrosão, não enferruja. 
*Juntas soldáveis a frio. 
*Longa vida útil.";UNIAO SOLD - 60MM;CONEXOES SOLDAVEIS;AF;PC;Sacos;103.0;87.0;103.0;5.0;3917.40.90;7897801308403;17897801308400;47897801308401;UNIAO SOLDAVEL - 60MM;UNIAO;False;60.0;;0.103;0.103;60.0
480;UNIAO SOLD - 75MM;CONEXOES SOLDAVEIS;Efetuar a união de trechos de tubulações, através de seu engate roscável estanque. Permitir a desmontagens desses trechos de tubulação para futuras intervenções de manutenção.;Utilizada em instalação hidráulica residencial, comercial e industrial nas tubulações de água fria, indicado para utilização em casa de máquinas, boilers, etc.;"*Material: PVC (Policloreto de Vinila). 
*Processo: Injeção 
*Cor: Marrom 
*Conexão: Bolsas Soldáveis 
*Temperatura x Pressão 
*45 ͦC x 7,5 kgf/cm²";"*ABNT NBR 5648 
*ABNT NBR 5626";"*Sem efeito nocivo ao organismo, atóxico. 
*Resistente a corrosão, não enferruja. 
*Juntas soldáveis a frio. 
*Longa vida útil.";UNIAO SOLD - 75MM;CONEXOES SOLDAVEIS;AF;PC;Sacos;130.0;110.0;130.0;4.0;3917.40.90;7897801312370;17897801312377;27897801312374;UNIAO SOLDAVEL - 75MM;UNIAO;False;75.0;;0.13;0.13;75.0
481;UNIAO SOLD - 85MM;CONEXOES SOLDAVEIS;Efetuar a união de trechos de tubulações, através de seu engate roscável estanque. Permitir a desmontagens desses trechos de tubulação para futuras intervenções de manutenção.;Utilizada em instalação hidráulica residencial, comercial e industrial nas tubulações de água fria, indicado para utilização em casa de máquinas, boilers, etc.;"*Material: PVC (Policloreto de Vinila). 
*Processo: Injeção 
*Cor: Marrom 
*Conexão: Bolsas Soldáveis 
*Temperatura x Pressão 
*45 ͦC x 7,5 kgf/cm²";"*ABNT NBR 5648 
*ABNT NBR 5626";"*Sem efeito nocivo ao organismo, atóxico. 
*Resistente a corrosão, não enferruja. 
*Juntas soldáveis a frio. 
*Longa vida útil.";UNIAO SOLD - 85MM;CONEXOES SOLDAVEIS;AF;PC;Sacos;190.0;190.0;130.0;3.0;3917.40.90;7897801312387;17897801312384;27897801312381;UNIAO SOLDAVEL - 85MM;UNIAO;False;85.0;;0.19;0.19;85.0
482;UNIAO SOLD - 110MM;CONEXOES SOLDAVEIS;Efetuar a união de trechos de tubulações, através de seu engate roscável estanque. Permitir a desmontagens desses trechos de tubulação para futuras intervenções de manutenção.;Utilizada em instalação hidráulica residencial, comercial e industrial nas tubulações de água fria, indicado para utilização em casa de máquinas, boilers, etc.;"*Material: PVC (Policloreto de Vinila). 
*Processo: Injeção 
*Cor: Marrom 
*Conexão: Bolsas Soldáveis 
*Temperatura x Pressão 
*45 ͦC x 7,5 kgf/cm²";"*ABNT NBR 5648 
*ABNT NBR 5626";"*Sem efeito nocivo ao organismo, atóxico. 
*Resistente a corrosão, não enferruja. 
*Juntas soldáveis a frio. 
*Longa vida útil.";UNIAO SOLD - 110MM;CONEXOES SOLDAVEIS;AF;PC;Sacos;200.0;170.0;20.0;1.0;3917.40.90;7897801312394;17897801312391;27897801312398;UNIAO SOLDAVEL - 110MM;UNIAO;False;110.0;;0.2;0.2;110.0
483;JOELHO 90 SOLD E ROSCA (LR) 20MM X 1/2;CONEXOES LR;;;;;;JOELHO 90 SOLD E ROSCA (LR) 20MM X 1/2;CONEXOES LR;AF;PC;Sacos;41.9;28.0;41.9;30.0;3917.40.90;7897801300711;17897801300718;47897801300719;JOELHO 90 SOLDAVEL E ROSCA LR 20MM X 1 2;JOELHO;False;20.0;;0.0419;0.0419;20.0
484;JOELHO 90 SOLD E ROSCA (LR) 25MM X 3/4;CONEXOES LR;;;;;;JOELHO 90 SOLD E ROSCA (LR) 25MM X 3/4;CONEXOES LR;AF;PC;Sacos;47.9;36.0;47.9;30.0;3917.40.90;7897801300735;17897801300732;47897801300733;JOELHO 90 SOLDAVEL E ROSCA LR 25MM X 3 4;JOELHO;False;25.0;;0.0479;0.0479;25.0
485;JOELHO 90 SOLD E ROSCA (LR) 25MM X 1/2;CONEXOES LR;;;;;;JOELHO 90 SOLD E ROSCA (LR) 25MM X 1/2;CONEXOES LR;AF;PC;Sacos;46.3;33.8;46.3;30.0;3917.40.90;7897801300728;17897801300725;47897801300726;JOELHO 90 SOLDAVEL E ROSCA LR 25MM X 1 2;JOELHO;False;25.0;;0.046299999999999994;0.046299999999999994;25.0
486;JOELHO 90 SOLD E ROSCA (LR) 32MM X 3/4;CONEXOES LR;;;;;;JOELHO 90 SOLD E ROSCA (LR) 32MM X 3/4;CONEXOES LR;AF;PC;Sacos;60.0;40.0;60.0;10.0;3917.40.90;7897801312165;17897801312162;27897801312169;JOELHO 90 SOLDAVEL E ROSCA LR 32MM X 3 4;JOELHO;False;32.0;;0.06;0.06;32.0
487;LUVA SOLD E ROSCA (LR) 20MM X 1/2;CONEXOES LR;;;;;;LUVA SOLD E ROSCA (LR) 20MM X 1/2;CONEXOES LR;AF;PC;Sacos;32.0;32.0;34.8;50.0;3917.40.90;7897801300742;17897801300749;47897801300740;LUVA SOLDAVEL E ROSCA LR 20MM X 1 2;LUVA;False;20.0;;0.032;0.032;20.0
488;LUVA SOLD E ROSCA (LR) 25MM X 3/4;CONEXOES LR;;;;;;LUVA SOLD E ROSCA (LR) 25MM X 3/4;CONEXOES LR;AF;PC;Sacos;38.0;38.0;39.3;50.0;3917.40.90;7897801300766;17897801300763;47897801300764;LUVA SOLDAVEL E ROSCA LR 25MM X 3 4;LUVA;False;25.0;;0.038;0.038;25.0
489;LUVA SOLD E ROSCA (LR) 25MM X 1/2;CONEXOES LR;;;;;;LUVA SOLD E ROSCA (LR) 25MM X 1/2;CONEXOES LR;AF;PC;Sacos;33.0;38.0;33.0;50.0;3917.40.90;7897801300759;17897801300756;47897801300757;LUVA SOLDAVEL E ROSCA LR 25MM X 1 2;LUVA;False;25.0;;0.033;0.033;25.0
490;LUVA SOLD E ROSCA (LR) 32MM X 1;CONEXOES LR;;;;;;LUVA SOLD E ROSCA (LR) 32MM X 1;CONEXOES LR;AF;PC;Sacos;44.0;47.0;44.0;20.0;3917.40.90;7897801307215;17897801307212;47897801307213;LUVA SOLDAVEL E ROSCA LR 32MM X 1;LUVA;False;32.0;;0.044;0.044;32.0
491;LUVA SOLD E ROSCA (LR) 40MM X 1.1/4;CONEXOES LR;;;;;;LUVA SOLD E ROSCA (LR) 40MM X 1.1/4;CONEXOES LR;AF;PC;Sacos;54.0;54.3;54.0;15.0;3917.40.90;7897801307734;17897801307731;47897801307732;LUVA SOLDAVEL E ROSCA LR 40MM X 1.1 4;LUVA;False;40.0;;0.054;0.054;40.0
492;LUVA SOLD E ROSCA (LR) 50MM X 1.1/2;CONEXOES LR;;;;;;LUVA SOLD E ROSCA (LR) 50MM X 1.1/2;CONEXOES LR;AF;PC;Sacos;61.0;60.0;61.0;10.0;3917.40.90;7897801307178;17897801307175;47897801307176;LUVA SOLDAVEL E ROSCA LR 50MM X 1.1 2;LUVA;False;50.0;;0.061;0.061;50.0
493;TE SOLD E ROSCA (LR) 20MM X 1/2;CONEXOES LR;;;;;;TE SOLD E ROSCA (LR) 20MM X 1/2;CONEXOES LR;AF;PC;Sacos;41.9;30.0;54.0;20.0;3917.40.90;7897801300773;17897801300770;47897801300771;TE SOLDAVEL E ROSCA LR 20MM X 1 2;TE;False;20.0;;0.0419;0.0419;20.0
494;TE SOLD E ROSCA (LR) 25MM X 3/4;CONEXOES LR;;;;;;TE SOLD E ROSCA (LR) 25MM X 3/4;CONEXOES LR;AF;PC;Sacos;46.3;36.0;62.0;20.0;3917.40.90;7897801300797;17897801300794;47897801300795;TE SOLDAVEL E ROSCA LR 25MM X 3 4;TE;False;25.0;;0.046299999999999994;0.046299999999999994;25.0
495;TE SOLD E ROSCA (LR) 25MM X 1/2;CONEXOES LR;;;;;;TE SOLD E ROSCA (LR) 25MM X 1/2;CONEXOES LR;AF;PC;Sacos;46.3;33.8;57.5;20.0;3917.40.90;7897801300780;17897801300787;27897801300784;TE SOLDAVEL E ROSCA LR 25MM X 1 2;TE;False;25.0;;0.046299999999999994;0.046299999999999994;25.0
496;TE SOLD E ROSCA (LR) 32MM X 3/4;CONEXOES LR;;;;;;TE SOLD E ROSCA (LR) 32MM X 3/4;CONEXOES LR;AF;PC;Sacos;70.0;60.0;40.0;10.0;3917.40.90;7897801312172;17897801312179;27897801312176;TE SOLDAVEL E ROSCA LR 32MM X 3 4;TE;False;32.0;;0.07;0.07;32.0
497;JOELHO 90 SOLD C/BUCHA LATAO 20MM X 1/2;CONEXOES SOLD.C/ BUCHA DE LATAO;Conexão utilizada em ponto de final da instalação que promove a ligação de água da parede ao metal sanitário, torneiras, chuveiros, etc.;Utilizada em instalação hidráulica residencial, comercial e industrial nos pontos de água fria que recebem a ligação de metais sanitários, chuveiros, registros, torneiras, etc.;"*Material: PVC (Policloreto de Vinila). 
*Processo: Injeção 
*Cor: Azul 
*Conexão: Rosca Fêmea NBR ISO-7 / Bolsa
Soldável 
*Temperatura x Pressão
45 ͦC x 7,5 kgf/cm²";"*ABNT NBR 5648 
*ABNT NBR 5626";"*Sem efeito nocivo ao organismo, atóxico. 
* Resistente a corrosão, não enferruja. 
*Juntas soldáveis a frio.
* Longa vida útil.";JOELHO 90 SOLD C/BUCHA LATAO 20MM X 1/2;CONEXOES SOLD.C/ BUCHA DE LATAO;AF;PC;Sacos;41.9;31.0;41.9;20.0;3917.40.90;7897801300544;17897801300541;47897801300542;JOELHO 90 SOLDAVEL C BUCHA LATAO 20MM X 1 2;JOELHO;False;20.0;;0.0419;0.0419;20.0
498;JOELHO 90 SOLD C/BUCHA LATAO 25MM X 3/4;CONEXOES SOLD.C/ BUCHA DE LATAO;Conexão utilizada em ponto de final da instalação que promove a ligação de água da parede ao metal sanitário, torneiras, chuveiros, etc.;Utilizada em instalação hidráulica residencial, comercial e industrial nos pontos de água fria que recebem a ligação de metais sanitários, chuveiros, registros, torneiras, etc.;"*Material: PVC (Policloreto de Vinila). 
*Processo: Injeção 
*Cor: Azul 
*Conexão: Rosca Fêmea NBR ISO-7 / Bolsa
Soldável 
*Temperatura x Pressão
45 ͦC x 7,5 kgf/cm²";"*ABNT NBR 5648 
*ABNT NBR 5626";"*Sem efeito nocivo ao organismo, atóxico. 
* Resistente a corrosão, não enferruja. 
*Juntas soldáveis a frio.
* Longa vida útil.";JOELHO 90 SOLD C/BUCHA LATAO 25MM X 3/4;CONEXOES SOLD.C/ BUCHA DE LATAO;AF;PC;Sacos;41.9;31.0;41.9;20.0;3917.40.90;7897801300568;17897801300565;47897801300566;JOELHO 90 SOLDAVEL C BUCHA LATAO 25MM X 3 4;JOELHO;False;25.0;;0.0419;0.0419;25.0
499;JOELHO 90 SOLD C/BUCHA LATAO 25MM X 1/2;CONEXOES SOLD.C/ BUCHA DE LATAO;Conexão utilizada em ponto de final da instalação que promove a ligação de água da parede ao metal sanitário, torneiras, chuveiros, etc.;Utilizada em instalação hidráulica residencial, comercial e industrial nos pontos de água fria que recebem a ligação de metais sanitários, chuveiros, registros, torneiras, etc.;"*Material: PVC (Policloreto de Vinila). 
*Processo: Injeção 
*Cor: Azul 
*Conexão: Rosca Fêmea NBR ISO-7 / Bolsa
Soldável 
*Temperatura x Pressão
45 ͦC x 7,5 kgf/cm²";"*ABNT NBR 5648 
*ABNT NBR 5626";"*Sem efeito nocivo ao organismo, atóxico. 
* Resistente a corrosão, não enferruja. 
*Juntas soldáveis a frio.
* Longa vida útil.";JOELHO 90 SOLD C/BUCHA LATAO 25MM X 1/2;CONEXOES SOLD.C/ BUCHA DE LATAO;AF;PC;Sacos;46.3;33.8;46.3;20.0;3917.40.90;7897801300551;17897801300558;47897801300559;JOELHO 90 SOLDAVEL C BUCHA LATAO 25MM X 1 2;JOELHO;False;25.0;;0.046299999999999994;0.046299999999999994;25.0
50;TUBO ULTRATERM 3M - 15MM;CPVC - ULTRATERM - TUBOS;Conduzir por longos trechos o fluido em elevadas temperaturas ou pressões sem comprometer a instalação e suas propriedades.;Utilizada em instalação hidráulica residencial, comercial e industrial na geração de água quente ou sistemas de água fria com alta pressão, Por exemplo: Ramais de água quente, linhas de prumada de água fria.;"*Material: CPVC (Policloreto de Vinila Clorado).
*Processo: Extrusão 
* Cor: Bege 
*Conexão: Ponta / Ponta 
*Temperatura x Pressão:
*20 ͦC x 24 kgf/cm² 
*70 ͦC x 9 kgf/cm²";"*ABNT NBR 15884 
*ABNT NBR 5626";"*Sem efeito nocivo ao organismo, atóxico. 
*Baixa condutividade térmica, isolante. 
* Resistente a corrosão, não enferruja.
*Superfície interna lisa, não incrusta.";TUBO ULTRATERM 3M - 15MM;CPVC - ULTRATERM - TUBOS;AQ;BR;Amarrados;3000.0;15.0;15.0;20.0;3917.23.00;7897801320269;17897801320266;27897801320263;TUBO ULTRATERM 3M - 15MM;TUBO;True;15.0;3.0;3.0;3.0;15.0
500;JOELHO 90 SOLD. C/ BUCHA LATAO 32MM X 3/4;CONEXOES SOLD.C/ BUCHA DE LATAO;Conexão utilizada em ponto de final da instalação que promove a ligação de água da parede ao metal sanitário, torneiras, chuveiros, etc.;Utilizada em instalação hidráulica residencial, comercial e industrial nos pontos de água fria que recebem a ligação de metais sanitários, chuveiros, registros, torneiras, etc.;"*Material: PVC (Policloreto de Vinila). 
*Processo: Injeção 
*Cor: Azul 
*Conexão: Rosca Fêmea NBR ISO-7 / Bolsa
Soldável 
*Temperatura x Pressão
45 ͦC x 7,5 kgf/cm²";"*ABNT NBR 5648 
*ABNT NBR 5626";"*Sem efeito nocivo ao organismo, atóxico. 
* Resistente a corrosão, não enferruja. 
*Juntas soldáveis a frio.
* Longa vida útil.";JOELHO 90 SOLD. C/ BUCHA LATAO 32MM X 3/4;CONEXOES SOLD.C/ BUCHA DE LATAO;AF;PC;Sacos;41.0;50.0;60.0;10.0;3917.40.90;7897801311762;17897801311769;27897801311766;JOELHO 90 SOLDAVEL. C BUCHA LATAO 32MM X 3 4;JOELHO;False;32.0;;0.041;0.041;32.0
501;LUVA SOLD C/BUCHA LATAO 20MM X 1/2;CONEXOES SOLD.C/ BUCHA DE LATAO;Conexão utilizada em ponto de final da instalação que promove a ligação de água da parede ao metal sanitário, torneiras, chuveiros, etc.;Utilizada em instalação hidráulica residencial, comercial e industrial nos pontos de água fria que recebem a ligação de metais sanitários, chuveiros, registros, torneiras, etc.;"*Material: PVC (Policloreto de Vinila). 
*Processo: Injeção 
*Cor: Azul 
*Conexão: Rosca Fêmea NBR ISO-7 / Bolsa
Soldável 
*Temperatura x Pressão
45 ͦC x 7,5 kgf/cm²";"*ABNT NBR 5648 
* ABNT NBR 5626";"*Sem efeito nocivo ao organismo, atóxico. 
*Resistente a corrosão, não enferruja. 
*Juntas soldáveis a frio. 
*Longa vida útil.";LUVA SOLD C/BUCHA LATAO 20MM X 1/2;CONEXOES SOLD.C/ BUCHA DE LATAO;AF;PC;Sacos;31.0;31.0;34.5;20.0;3917.40.90;7897801300605;17897801300602;47897801300603;LUVA SOLDAVEL C BUCHA LATAO 20MM X 1 2;LUVA;False;20.0;;0.031;0.031;20.0
502;LUVA SOLD C/BUCHA LATAO 25MM X 3/4;CONEXOES SOLD.C/ BUCHA DE LATAO;Conexão utilizada em ponto de final da instalação que promove a ligação de água da parede ao metal sanitário, torneiras, chuveiros, etc.;Utilizada em instalação hidráulica residencial, comercial e industrial nos pontos de água fria que recebem a ligação de metais sanitários, chuveiros, registros, torneiras, etc.;"*Material: PVC (Policloreto de Vinila). 
*Processo: Injeção 
*Cor: Azul 
*Conexão: Rosca Fêmea NBR ISO-7 / Bolsa
Soldável 
*Temperatura x Pressão
45 ͦC x 7,5 kgf/cm²";"*ABNT NBR 5648 
* ABNT NBR 5626";"*Sem efeito nocivo ao organismo, atóxico. 
*Resistente a corrosão, não enferruja. 
*Juntas soldáveis a frio. 
*Longa vida útil.";LUVA SOLD C/BUCHA LATAO 25MM X 3/4;CONEXOES SOLD.C/ BUCHA DE LATAO;AF;PC;Sacos;39.0;39.0;39.0;20.0;3917.40.90;7897801300629;17897801300626;47897801300627;LUVA SOLDAVEL C BUCHA LATAO 25MM X 3 4;LUVA;False;25.0;;0.039;0.039;25.0
503;LUVA SOLD C/BUCHA LATAO 25MM X 1/2;CONEXOES SOLD.C/ BUCHA DE LATAO;Conexão utilizada em ponto de final da instalação que promove a ligação de água da parede ao metal sanitário, torneiras, chuveiros, etc.;Utilizada em instalação hidráulica residencial, comercial e industrial nos pontos de água fria que recebem a ligação de metais sanitários, chuveiros, registros, torneiras, etc.;"*Material: PVC (Policloreto de Vinila). 
*Processo: Injeção 
*Cor: Azul 
*Conexão: Rosca Fêmea NBR ISO-7 / Bolsa
Soldável 
*Temperatura x Pressão
45 ͦC x 7,5 kgf/cm²";"*ABNT NBR 5648 
* ABNT NBR 5626";"*Sem efeito nocivo ao organismo, atóxico. 
*Resistente a corrosão, não enferruja. 
*Juntas soldáveis a frio. 
*Longa vida útil.";LUVA SOLD C/BUCHA LATAO 25MM X 1/2;CONEXOES SOLD.C/ BUCHA DE LATAO;AF;PC;Sacos;38.0;33.8;39.0;20.0;3917.40.90;7897801300612;17897801300619;47897801300610;LUVA SOLDAVEL C BUCHA LATAO 25MM X 1 2;LUVA;False;25.0;;0.038;0.038;25.0
504;TE SOLD C/BUCHA LATAO 20MM X 1/2;CONEXOES SOLD.C/ BUCHA DE LATAO;Conexão utilizada em ponto de final da instalação que promove a ligação de água da parede ao metal sanitário, torneiras, chuveiros, etc.;Utilizada em instalação hidráulica residencial, comercial e industrial nos pontos de água fria que recebem a ligação de metais sanitários, chuveiros, registros, torneiras, etc.;"*Material: PVC (Policloreto de Vinila). 
*Processo: Injeção 
*Cor: Azul 
*Conexão: Rosca Fêmea NBR ISO-7 / Bolsa
Soldável 
*Temperatura x Pressão
45 ͦC x 7,5 kgf/cm²";"*ABNT NBR 5648 
* ABNT NBR 5626";"*Sem efeito nocivo ao organismo, atóxico. 
*Resistente a corrosão, não enferruja. 
*Juntas soldáveis a frio. 
*Longa vida útil.";TE SOLD C/BUCHA LATAO 20MM X 1/2;CONEXOES SOLD.C/ BUCHA DE LATAO;AF;PC;Sacos;41.9;31.0;54.0;20.0;3917.40.90;7897801300575;17897801300572;47897801300573;TE SOLDAVEL C BUCHA LATAO 20MM X 1 2;TE;False;20.0;;0.0419;0.0419;20.0
505;TE SOLD C/BUCHA LATAO 25MM X 3/4;CONEXOES SOLD.C/ BUCHA DE LATAO;Conexão utilizada em ponto de final da instalação que promove a ligação de água da parede ao metal sanitário, torneiras, chuveiros, etc.;Utilizada em instalação hidráulica residencial, comercial e industrial nos pontos de água fria que recebem a ligação de metais sanitários, chuveiros, registros, torneiras, etc.;"*Material: PVC (Policloreto de Vinila). 
*Processo: Injeção 
*Cor: Azul 
*Conexão: Rosca Fêmea NBR ISO-7 / Bolsa
Soldável 
*Temperatura x Pressão
45 ͦC x 7,5 kgf/cm²";"*ABNT NBR 5648 
* ABNT NBR 5626";"*Sem efeito nocivo ao organismo, atóxico. 
*Resistente a corrosão, não enferruja. 
*Juntas soldáveis a frio. 
*Longa vida útil.";TE SOLD C/BUCHA LATAO 25MM X 3/4;CONEXOES SOLD.C/ BUCHA DE LATAO;AF;PC;Sacos;46.3;37.0;62.0;20.0;3917.40.90;7897801300599;17897801300596;47897801300597;TE SOLDAVEL C BUCHA LATAO 25MM X 3 4;TE;False;25.0;;0.046299999999999994;0.046299999999999994;25.0
506;TE SOLD C/BUCHA LATAO 25MM X 1/2;CONEXOES SOLD.C/ BUCHA DE LATAO;Conexão utilizada em ponto de final da instalação que promove a ligação de água da parede ao metal sanitário, torneiras, chuveiros, etc.;Utilizada em instalação hidráulica residencial, comercial e industrial nos pontos de água fria que recebem a ligação de metais sanitários, chuveiros, registros, torneiras, etc.;"*Material: PVC (Policloreto de Vinila). 
*Processo: Injeção 
*Cor: Azul 
*Conexão: Rosca Fêmea NBR ISO-7 / Bolsa
Soldável 
*Temperatura x Pressão
45 ͦC x 7,5 kgf/cm²";"*ABNT NBR 5648 
* ABNT NBR 5626";"*Sem efeito nocivo ao organismo, atóxico. 
*Resistente a corrosão, não enferruja. 
*Juntas soldáveis a frio. 
*Longa vida útil.";TE SOLD C/BUCHA LATAO 25MM X 1/2;CONEXOES SOLD.C/ BUCHA DE LATAO;AF;PC;Sacos;46.3;38.8;57.5;20.0;3917.40.90;7897801300582;17897801300589;47897801300580;TE SOLDAVEL C BUCHA LATAO 25MM X 1 2;TE;False;25.0;;0.046299999999999994;0.046299999999999994;25.0
507;TE SOLD C/BUCHA LATAO 32MM X 3/4;CONEXOES SOLD.C/ BUCHA DE LATAO;Conexão utilizada em ponto de final da instalação que promove a ligação de água da parede ao metal sanitário, torneiras, chuveiros, etc.;Utilizada em instalação hidráulica residencial, comercial e industrial nos pontos de água fria que recebem a ligação de metais sanitários, chuveiros, registros, torneiras, etc.;"*Material: PVC (Policloreto de Vinila). 
*Processo: Injeção 
*Cor: Azul 
*Conexão: Rosca Fêmea NBR ISO-7 / Bolsa
Soldável 
*Temperatura x Pressão
45 ͦC x 7,5 kgf/cm²";"*ABNT NBR 5648 
* ABNT NBR 5626";"*Sem efeito nocivo ao organismo, atóxico. 
*Resistente a corrosão, não enferruja. 
*Juntas soldáveis a frio. 
*Longa vida útil.";TE SOLD C/BUCHA LATAO 32MM X 3/4;CONEXOES SOLD.C/ BUCHA DE LATAO;AF;PC;Sacos;42.0;80.0;52.0;10.0;3917.40.90;7897801311748;17897801311745;27897801311742;TE SOLDAVEL C BUCHA LATAO 32MM X 3 4;TE;False;32.0;;0.042;0.042;32.0
51;TUBO ULTRATERM 3M - 22MM;CPVC - ULTRATERM - TUBOS;Conduzir por longos trechos o fluido em elevadas temperaturas ou pressões sem comprometer a instalação e suas propriedades.;Utilizada em instalação hidráulica residencial, comercial e industrial na geração de água quente ou sistemas de água fria com alta pressão, Por exemplo: Ramais de água quente, linhas de prumada de água fria.;"*Material: CPVC (Policloreto de Vinila Clorado).
*Processo: Extrusão 
* Cor: Bege 
*Conexão: Ponta / Ponta 
*Temperatura x Pressão:
*20 ͦC x 24 kgf/cm² 
*70 ͦC x 9 kgf/cm²";"*ABNT NBR 15884 
*ABNT NBR 5626";"*Sem efeito nocivo ao organismo, atóxico. 
*Baixa condutividade térmica, isolante. 
* Resistente a corrosão, não enferruja.
*Superfície interna lisa, não incrusta.";TUBO ULTRATERM 3M - 22MM;CPVC - ULTRATERM - TUBOS;AQ;BR;Amarrados;3000.0;22.0;22.0;20.0;3917.23.00;7897801320276;17897801320273;27897801320270;TUBO ULTRATERM 3M - 22MM;TUBO;True;22.0;3.0;3.0;3.0;22.0
516;ADESIVO PLASTICO 17G.;ADESIVOS E COMPLEMENTOS;;;;;;ADESIVO PLASTICO 17G.;ADESIVOS E COMPLEMENTOS;AF;PC;Caixas;20.0;120.0;30.0;48.0;3506.10.90;7897801300674;17897801300671;27897801300678;ADESIVO PLASTICO 17G.;ADESIVO;False;;;0.02;0.02;
517;ADESIVO PLASTICO 75G.;ADESIVOS E COMPLEMENTOS;;;;;;ADESIVO PLASTICO 75G.;ADESIVOS E COMPLEMENTOS;AF;PC;Caixas;30.0;185.0;45.0;30.0;3506.10.90;7897801300681;17897801300688;27897801300685;ADESIVO PLASTICO 75G.;ADESIVO;False;;;0.03;0.03;
518;ADESIVO PLASTICO 175G C/ PINCEL;ADESIVOS E COMPLEMENTOS;;;;;;ADESIVO PLASTICO 175G C/ PINCEL;ADESIVOS E COMPLEMENTOS;AF;PC;Caixas;70.0;88.0;70.0;12.0;3506.10.90;7897801302661;17897801302668;27897801302665;ADESIVO PLASTICO 175G C PINCEL;ADESIVO;False;;;0.07;0.07;
519;ADESIVO FRASCO 850 G;ADESIVOS E COMPLEMENTOS;;;;;;ADESIVO FRASCO 850 G;ADESIVOS E COMPLEMENTOS;AF;PC;Caixas;95.0;200.0;95.0;6.0;3506.10.90;7897801302678;17897801302675;27897801302672;ADESIVO FRASCO 850 G;ADESIVO;False;;;0.095;0.095;
52;TUBO ULTRATERM 3M - 28MM;CPVC - ULTRATERM - TUBOS;Conduzir por longos trechos o fluido em elevadas temperaturas ou pressões sem comprometer a instalação e suas propriedades.;Utilizada em instalação hidráulica residencial, comercial e industrial na geração de água quente ou sistemas de água fria com alta pressão, Por exemplo: Ramais de água quente, linhas de prumada de água fria.;"*Material: CPVC (Policloreto de Vinila Clorado).
*Processo: Extrusão 
* Cor: Bege 
*Conexão: Ponta / Ponta 
*Temperatura x Pressão:
*20 ͦC x 24 kgf/cm² 
*70 ͦC x 9 kgf/cm²";"*ABNT NBR 15884 
*ABNT NBR 5626";"*Sem efeito nocivo ao organismo, atóxico. 
*Baixa condutividade térmica, isolante. 
* Resistente a corrosão, não enferruja.
*Superfície interna lisa, não incrusta.";TUBO ULTRATERM 3M - 28MM;CPVC - ULTRATERM - TUBOS;AQ;BR;Amarrados;3000.0;28.0;28.0;10.0;3917.23.00;7897801320283;17897801320280;27897801320287;TUBO ULTRATERM 3M - 28MM;TUBO;True;28.0;3.0;3.0;3.0;28.0
520;SOLUCAO PREPARADORA 200 ML;ADESIVOS E COMPLEMENTOS;;;;;;SOLUCAO PREPARADORA 200 ML;ADESIVOS E COMPLEMENTOS;AF;PC;Caixas;70.0;83.0;70.0;12.0;3814.00.90;7897801302685;17897801302682;27897801302689;SOLUCAO PREPARADORA 200 ML;;False;;;0.07;0.07;
521;SOLUCAO PREPARADORA 1000 ML;ADESIVOS E COMPLEMENTOS;;;;;;SOLUCAO PREPARADORA 1000 ML;ADESIVOS E COMPLEMENTOS;AF;PC;Caixas;98.0;190.0;98.0;6.0;3814.00.90;7897801302692;17897801302699;27897801302696;SOLUCAO PREPARADORA 1000 ML;;False;;;0.098;0.098;
522;ADESIVO PLÁSTICO EXTRAFORTE PARA PVC 175g C/ PINCEL APLICADOR;ADESIVOS E COMPLEMENTOS;;;;;;ADESIVO PLÁSTICO EXTRAFORTE PARA PVC 175g C/ PINCEL APLICADOR;ADESIVOS E COMPLEMENTOS;AF;PC;Caixas;68.0;103.0;68.0;12.0;3506.10.90;7897801320894;17897801320891;27897801320898;ADESIVO PLASTICO EXTRAFORTE PARA PVC 175G C PINCEL APLICADOR;ADESIVO;False;;;0.068;0.068;
523;ADESIVO PLÁSTICO EXTRAFORTE PARA PVC 850g;ADESIVOS E COMPLEMENTOS;;;;;;ADESIVO PLÁSTICO EXTRAFORTE PARA PVC 850g;ADESIVOS E COMPLEMENTOS;AF;PC;Caixas;94.0;220.0;94.0;6.0;3506.10.90;7897801320900;17897801320907;27897801320904;ADESIVO PLASTICO EXTRAFORTE PARA PVC 850G;ADESIVO;False;;;0.094;0.094;
540;REGISTRO ESFERA SOLD - 20MM;REGISTROS ESFERA COMPACTO;Controlar a passagem do líquido pela tubulação, e assim, permitir intervenção para manutenção do trecho hidráulico.;Utilizado em instalação hidráulica residencial, comercial e industrial aparente. Por exemplo: Barrilete de edificação, banheira de hidromassagem, sauna, ou qualquer outro projeto de infraestrutura hidráulica na condução de água fria potável.;"*Temperatura máxima de serviço 25°C.
*Matéria prima PVC - Policloreto de Vinila.
*Processo: Injeção.
*Pressão máxima de serviço: 7,5 Kgf/cm².";"* ABNT NBR 11306
*ABNT NBR 15704
* ABNT NBR 5626";"*Resistente a Corrosão, não enferruja.
*Fácil instalação e manutenção.
*Ergonômico e simples manejo.
*Seguro e vem com orientação de abre e
fecha na borboleta (Manípulo).";REGISTRO ESFERA SOLD - 20MM;REGISTROS ESFERA COMPACTO;AF;PC;Sacos;66.0;58.0;33.0;6.0;8481.80.95;7897801301008;17897801301005;27897801301002;REGISTRO ESFERA SOLDAVEL - 20MM;REGISTRO;False;20.0;;0.066;0.066;20.0
541;REGISTRO ESFERA SOLD - 25MM;REGISTROS ESFERA COMPACTO;Controlar a passagem do líquido pela tubulação, e assim, permitir intervenção para manutenção do trecho hidráulico.;Utilizado em instalação hidráulica residencial, comercial e industrial aparente. Por exemplo: Barrilete de edificação, banheira de hidromassagem, sauna, ou qualquer outro projeto de infraestrutura hidráulica na condução de água fria potável.;"*Temperatura máxima de serviço 25°C.
*Matéria prima PVC - Policloreto de Vinila.
*Processo: Injeção.
*Pressão máxima de serviço: 7,5 Kgf/cm².";"* ABNT NBR 11306
*ABNT NBR 15704
* ABNT NBR 5626";"*Resistente a Corrosão, não enferruja.
*Fácil instalação e manutenção.
*Ergonômico e simples manejo.
*Seguro e vem com orientação de abre e
fecha na borboleta (Manípulo).";REGISTRO ESFERA SOLD - 25MM;REGISTROS ESFERA COMPACTO;AF;PC;Sacos;66.0;65.0;38.0;6.0;8481.80.95;7897801301015;17897801301012;27897801301019;REGISTRO ESFERA SOLDAVEL - 25MM;REGISTRO;False;25.0;;0.066;0.066;25.0
542;REGISTRO ESFERA SOLD - 32MM;REGISTROS ESFERA COMPACTO;Controlar a passagem do líquido pela tubulação, e assim, permitir intervenção para manutenção do trecho hidráulico.;Utilizado em instalação hidráulica residencial, comercial e industrial aparente. Por exemplo: Barrilete de edificação, banheira de hidromassagem, sauna, ou qualquer outro projeto de infraestrutura hidráulica na condução de água fria potável.;"*Temperatura máxima de serviço 25°C.
*Matéria prima PVC - Policloreto de Vinila.
*Processo: Injeção.
*Pressão máxima de serviço: 7,5 Kgf/cm².";"* ABNT NBR 11306
*ABNT NBR 15704
* ABNT NBR 5626";"*Resistente a Corrosão, não enferruja.
*Fácil instalação e manutenção.
*Ergonômico e simples manejo.
*Seguro e vem com orientação de abre e
fecha na borboleta (Manípulo).";REGISTRO ESFERA SOLD - 32MM;REGISTROS ESFERA COMPACTO;AF;PC;Sacos;82.0;80.0;47.0;4.0;8481.80.95;7897801301022;17897801301029;27897801301026;REGISTRO ESFERA SOLDAVEL - 32MM;REGISTRO;False;32.0;;0.082;0.082;32.0
543;REGISTRO ESFERA SOLD - 40MM;REGISTROS ESFERA COMPACTO;Controlar a passagem do líquido pela tubulação, e assim, permitir intervenção para manutenção do trecho hidráulico.;Utilizado em instalação hidráulica residencial, comercial e industrial aparente. Por exemplo: Barrilete de edificação, banheira de hidromassagem, sauna, ou qualquer outro projeto de infraestrutura hidráulica na condução de água fria potável.;"*Temperatura máxima de serviço 25°C.
*Matéria prima PVC - Policloreto de Vinila.
*Processo: Injeção.
*Pressão máxima de serviço: 7,5 Kgf/cm².";"* ABNT NBR 11306
*ABNT NBR 15704
* ABNT NBR 5626";"*Resistente a Corrosão, não enferruja.
*Fácil instalação e manutenção.
*Ergonômico e simples manejo.
*Seguro e vem com orientação de abre e
fecha na borboleta (Manípulo).";REGISTRO ESFERA SOLD - 40MM;REGISTROS ESFERA COMPACTO;AF;PC;Sacos;111.0;102.0;58.0;3.0;8481.80.95;7897801301060;17897801301067;27897801301064;REGISTRO ESFERA SOLDAVEL - 40MM;REGISTRO;False;40.0;;0.111;0.111;40.0
544;REGISTRO ESFERA SOLD - 50MM;REGISTROS ESFERA COMPACTO;Controlar a passagem do líquido pela tubulação, e assim, permitir intervenção para manutenção do trecho hidráulico.;Utilizado em instalação hidráulica residencial, comercial e industrial aparente. Por exemplo: Barrilete de edificação, banheira de hidromassagem, sauna, ou qualquer outro projeto de infraestrutura hidráulica na condução de água fria potável.;"*Temperatura máxima de serviço 25°C.
*Matéria prima PVC - Policloreto de Vinila.
*Processo: Injeção.
*Pressão máxima de serviço: 7,5 Kgf/cm².";"* ABNT NBR 11306
*ABNT NBR 15704
* ABNT NBR 5626";"*Resistente a Corrosão, não enferruja.
*Fácil instalação e manutenção.
*Ergonômico e simples manejo.
*Seguro e vem com orientação de abre e
fecha na borboleta (Manípulo).";REGISTRO ESFERA SOLD - 50MM;REGISTROS ESFERA COMPACTO;AF;PC;Sacos;115.0;109.0;70.0;3.0;8481.80.95;7897801301077;17897801301074;27897801301071;REGISTRO ESFERA SOLDAVEL - 50MM;REGISTRO;False;50.0;;0.115;0.115;50.0
545;REGISTRO ESFERA SOLD - 60MM;REGISTROS ESFERA COMPACTO;Controlar a passagem do líquido pela tubulação, e assim, permitir intervenção para manutenção do trecho hidráulico.;Utilizado em instalação hidráulica residencial, comercial e industrial aparente. Por exemplo: Barrilete de edificação, banheira de hidromassagem, sauna, ou qualquer outro projeto de infraestrutura hidráulica na condução de água fria potável.;"*Temperatura máxima de serviço 25°C.
*Matéria prima PVC - Policloreto de Vinila.
*Processo: Injeção.
*Pressão máxima de serviço: 7,5 Kgf/cm².";"* ABNT NBR 11306
*ABNT NBR 15704
* ABNT NBR 5626";"*Resistente a Corrosão, não enferruja.
*Fácil instalação e manutenção.
*Ergonômico e simples manejo.
*Seguro e vem com orientação de abre e
fecha na borboleta (Manípulo).";REGISTRO ESFERA SOLD - 60MM;REGISTROS ESFERA COMPACTO;AF;PC;Sacos;129.0;125.0;81.0;2.0;8481.80.95;7897801301084;17897801301081;27897801301088;REGISTRO ESFERA SOLDAVEL - 60MM;REGISTRO;False;60.0;;0.129;0.129;60.0
546;REGISTRO ESFERA SOLD - 75MM;REGISTROS ESFERA COMPACTO;Controlar a passagem do líquido pela tubulação, e assim, permitir intervenção para manutenção do trecho hidráulico.;Utilizado em instalação hidráulica residencial, comercial e industrial aparente. Por exemplo: Barrilete de edificação, banheira de hidromassagem, sauna, ou qualquer outro projeto de infraestrutura hidráulica na condução de água fria potável.;"*Temperatura máxima de serviço 25°C.
*Matéria prima PVC - Policloreto de Vinila.
*Processo: Injeção.
*Pressão máxima de serviço: 7,5 Kgf/cm².";"* ABNT NBR 11306
*ABNT NBR 15704
* ABNT NBR 5626";"*Resistente a Corrosão, não enferruja.
*Fácil instalação e manutenção.
*Ergonômico e simples manejo.
*Seguro e vem com orientação de abre e
fecha na borboleta (Manípulo).";REGISTRO ESFERA SOLD - 75MM;REGISTROS ESFERA COMPACTO;AF;PC;Sacos;180.0;115.0;165.0;2.0;8481.80.95;7897801312400;17897801312407;0;REGISTRO ESFERA SOLDAVEL - 75MM;REGISTRO;False;75.0;;0.18;0.18;75.0
547;REGISTRO ESFERA SOLD - 85MM;REGISTROS ESFERA COMPACTO;Controlar a passagem do líquido pela tubulação, e assim, permitir intervenção para manutenção do trecho hidráulico.;Utilizado em instalação hidráulica residencial, comercial e industrial aparente. Por exemplo: Barrilete de edificação, banheira de hidromassagem, sauna, ou qualquer outro projeto de infraestrutura hidráulica na condução de água fria potável.;"*Temperatura máxima de serviço 25°C.
*Matéria prima PVC - Policloreto de Vinila.
*Processo: Injeção.
*Pressão máxima de serviço: 7,5 Kgf/cm².";"* ABNT NBR 11306
*ABNT NBR 15704
* ABNT NBR 5626";"*Resistente a Corrosão, não enferruja.
*Fácil instalação e manutenção.
*Ergonômico e simples manejo.
*Seguro e vem com orientação de abre e
fecha na borboleta (Manípulo).";REGISTRO ESFERA SOLD - 85MM;REGISTROS ESFERA COMPACTO;AF;PC;Sacos;205.0;130.0;180.0;2.0;8481.80.95;7897801312417;17897801312414;0;REGISTRO ESFERA SOLDAVEL - 85MM;REGISTRO;False;85.0;;0.205;0.205;85.0
548;REGISTRO ESFERA SOLD - 110MM;REGISTROS ESFERA COMPACTO;Controlar a passagem do líquido pela tubulação, e assim, permitir intervenção para manutenção do trecho hidráulico.;Utilizado em instalação hidráulica residencial, comercial e industrial aparente. Por exemplo: Barrilete de edificação, banheira de hidromassagem, sauna, ou qualquer outro projeto de infraestrutura hidráulica na condução de água fria potável.;"*Temperatura máxima de serviço 25°C.
*Matéria prima PVC - Policloreto de Vinila.
*Processo: Injeção.
*Pressão máxima de serviço: 7,5 Kgf/cm².";"* ABNT NBR 11306
*ABNT NBR 15704
* ABNT NBR 5626";"*Resistente a Corrosão, não enferruja.
*Fácil instalação e manutenção.
*Ergonômico e simples manejo.
*Seguro e vem com orientação de abre e
fecha na borboleta (Manípulo).";REGISTRO ESFERA SOLD - 110MM;REGISTROS ESFERA COMPACTO;AF;PC;Sacos;235.0;160.0;210.0;1.0;8481.80.95;7897801313858;17897801313855;0;REGISTRO ESFERA SOLDAVEL - 110MM;REGISTRO;False;110.0;;0.235;0.235;110.0
551;REGISTRO ESFERA ROSCAVEL - 1/2;REGISTROS ESFERA COMPACTO;Controlar a passagem do líquido pela tubulação, e assim, permitir intervenção para manutenção do trecho hidráulico.;Utilizado em instalação hidráulica residencial, comercial e industrial aparente. Por exemplo: Barrilete de edificação, piscina, banheira de hidromassagem, sauna, ou qualquer outro projeto de infraestrutura hidráulica na condução de água fria potável.;"*Temperatura máxima de serviço 25°C.
* Matéria prima PVC – Policloreto de Vinila.
* Processo: Injeção.
* Pressão máxima de serviço: 7,5Kgf/cm².";"* ABNT NBR 11306
* ABNT NBR 15704
* ABNT NBR 5626";"* Resistente a corrosão, não enferruja.
* Fácil instalação e manutenção.
* Ergonômico e Simples Manejo.
* Seguro e vem com orientação de abre e
fecha na borboleta (volante).";REGISTRO ESFERA ROSCAVEL - 1/2;REGISTROS ESFERA COMPACTO;AF;PC;Sacos;66.0;58.0;33.0;6.0;8481.80.95;7897801301039;17897801301036;27897801301033;REGISTRO ESFERA ROSCAVEL - 1 2;REGISTRO;False;;;0.066;0.066;
552;REGISTRO ESFERA ROSCAVEL - 3/4;REGISTROS ESFERA COMPACTO;Controlar a passagem do líquido pela tubulação, e assim, permitir intervenção para manutenção do trecho hidráulico.;Utilizado em instalação hidráulica residencial, comercial e industrial aparente. Por exemplo: Barrilete de edificação, piscina, banheira de hidromassagem, sauna, ou qualquer outro projeto de infraestrutura hidráulica na condução de água fria potável.;"*Temperatura máxima de serviço 25°C.
* Matéria prima PVC – Policloreto de Vinila.
* Processo: Injeção.
* Pressão máxima de serviço: 7,5Kgf/cm².";"* ABNT NBR 11306
* ABNT NBR 15704
* ABNT NBR 5626";"* Resistente a corrosão, não enferruja.
* Fácil instalação e manutenção.
* Ergonômico e Simples Manejo.
* Seguro e vem com orientação de abre e
fecha na borboleta (volante).";REGISTRO ESFERA ROSCAVEL - 3/4;REGISTROS ESFERA COMPACTO;AF;PC;Sacos;66.0;65.0;38.0;6.0;8481.80.95;7897801301046;17897801301043;27897801301040;REGISTRO ESFERA ROSCAVEL - 3 4;REGISTRO;False;;;0.066;0.066;
553;REGISTRO ESFERA ROSCAVEL - 1;REGISTROS ESFERA COMPACTO;Controlar a passagem do líquido pela tubulação, e assim, permitir intervenção para manutenção do trecho hidráulico.;Utilizado em instalação hidráulica residencial, comercial e industrial aparente. Por exemplo: Barrilete de edificação, piscina, banheira de hidromassagem, sauna, ou qualquer outro projeto de infraestrutura hidráulica na condução de água fria potável.;"*Temperatura máxima de serviço 25°C.
* Matéria prima PVC – Policloreto de Vinila.
* Processo: Injeção.
* Pressão máxima de serviço: 7,5Kgf/cm².";"* ABNT NBR 11306
* ABNT NBR 15704
* ABNT NBR 5626";"* Resistente a corrosão, não enferruja.
* Fácil instalação e manutenção.
* Ergonômico e Simples Manejo.
* Seguro e vem com orientação de abre e
fecha na borboleta (volante).";REGISTRO ESFERA ROSCAVEL - 1;REGISTROS ESFERA COMPACTO;AF;PC;Sacos;82.0;80.0;47.0;2.0;8481.80.95;7897801301053;17897801301050;27897801301057;REGISTRO ESFERA ROSCAVEL - 1;REGISTRO;False;;;0.082;0.082;
554;REGISTRO ESFERA ROSCAVEL - 1.1/4;REGISTROS ESFERA COMPACTO;Controlar a passagem do líquido pela tubulação, e assim, permitir intervenção para manutenção do trecho hidráulico.;Utilizado em instalação hidráulica residencial, comercial e industrial aparente. Por exemplo: Barrilete de edificação, piscina, banheira de hidromassagem, sauna, ou qualquer outro projeto de infraestrutura hidráulica na condução de água fria potável.;"*Temperatura máxima de serviço 25°C.
* Matéria prima PVC – Policloreto de Vinila.
* Processo: Injeção.
* Pressão máxima de serviço: 7,5Kgf/cm².";"* ABNT NBR 11306
* ABNT NBR 15704
* ABNT NBR 5626";"* Resistente a corrosão, não enferruja.
* Fácil instalação e manutenção.
* Ergonômico e Simples Manejo.
* Seguro e vem com orientação de abre e
fecha na borboleta (volante).";REGISTRO ESFERA ROSCAVEL - 1.1/4;REGISTROS ESFERA COMPACTO;AF;PC;Sacos;111.0;70.0;95.0;3.0;8481.80.95;7897801301091;17897801301098;27897801301095;REGISTRO ESFERA ROSCAVEL - 1.1 4;REGISTRO;False;;;0.111;0.111;
555;REGISTRO ESFERA ROSCAVEL - 1.1/2;REGISTROS ESFERA COMPACTO;Controlar a passagem do líquido pela tubulação, e assim, permitir intervenção para manutenção do trecho hidráulico.;Utilizado em instalação hidráulica residencial, comercial e industrial aparente. Por exemplo: Barrilete de edificação, piscina, banheira de hidromassagem, sauna, ou qualquer outro projeto de infraestrutura hidráulica na condução de água fria potável.;"*Temperatura máxima de serviço 25°C.
* Matéria prima PVC – Policloreto de Vinila.
* Processo: Injeção.
* Pressão máxima de serviço: 7,5Kgf/cm².";"* ABNT NBR 11306
* ABNT NBR 15704
* ABNT NBR 5626";"* Resistente a corrosão, não enferruja.
* Fácil instalação e manutenção.
* Ergonômico e Simples Manejo.
* Seguro e vem com orientação de abre e
fecha na borboleta (volante).";REGISTRO ESFERA ROSCAVEL - 1.1/2;REGISTROS ESFERA COMPACTO;AF;PC;Sacos;115.0;109.0;70.0;3.0;8481.80.95;7897801301107;17897801301104;27897801301101;REGISTRO ESFERA ROSCAVEL - 1.1 2;REGISTRO;False;;;0.115;0.115;
556;REGISTRO ESFERA ROSCAVEL - 2;REGISTROS ESFERA COMPACTO;Controlar a passagem do líquido pela tubulação, e assim, permitir intervenção para manutenção do trecho hidráulico.;Utilizado em instalação hidráulica residencial, comercial e industrial aparente. Por exemplo: Barrilete de edificação, piscina, banheira de hidromassagem, sauna, ou qualquer outro projeto de infraestrutura hidráulica na condução de água fria potável.;"*Temperatura máxima de serviço 25°C.
* Matéria prima PVC – Policloreto de Vinila.
* Processo: Injeção.
* Pressão máxima de serviço: 7,5Kgf/cm².";"* ABNT NBR 11306
* ABNT NBR 15704
* ABNT NBR 5626";"* Resistente a corrosão, não enferruja.
* Fácil instalação e manutenção.
* Ergonômico e Simples Manejo.
* Seguro e vem com orientação de abre e
fecha na borboleta (volante).";REGISTRO ESFERA ROSCAVEL - 2;REGISTROS ESFERA COMPACTO;AF;PC;Sacos;140.0;80.0;125.0;2.0;8481.80.95;7897801301114;17897801301111;27897801301118;REGISTRO ESFERA ROSCAVEL - 2;REGISTRO;False;;;0.14;0.14;
557;REGISTRO ESFERA ROSCAVEL - 2.1/2;REGISTROS ESFERA COMPACTO;Controlar a passagem do líquido pela tubulação, e assim, permitir intervenção para manutenção do trecho hidráulico.;Utilizado em instalação hidráulica residencial, comercial e industrial aparente. Por exemplo: Barrilete de edificação, piscina, banheira de hidromassagem, sauna, ou qualquer outro projeto de infraestrutura hidráulica na condução de água fria potável.;"*Temperatura máxima de serviço 25°C.
* Matéria prima PVC – Policloreto de Vinila.
* Processo: Injeção.
* Pressão máxima de serviço: 7,5Kgf/cm².";"* ABNT NBR 11306
* ABNT NBR 15704
* ABNT NBR 5626";"* Resistente a corrosão, não enferruja.
* Fácil instalação e manutenção.
* Ergonômico e Simples Manejo.
* Seguro e vem com orientação de abre e
fecha na borboleta (volante).";REGISTRO ESFERA ROSCAVEL - 2.1/2;REGISTROS ESFERA COMPACTO;AF;PC;Sacos;180.0;115.0;165.0;2.0;8481.80.95;7897801312431;17897801312438;0;REGISTRO ESFERA ROSCAVEL - 2.1 2;REGISTRO;False;;;0.18;0.18;
558;REGISTRO ESFERA ROSCAVEL - 3;REGISTROS ESFERA COMPACTO;Controlar a passagem do líquido pela tubulação, e assim, permitir intervenção para manutenção do trecho hidráulico.;Utilizado em instalação hidráulica residencial, comercial e industrial aparente. Por exemplo: Barrilete de edificação, piscina, banheira de hidromassagem, sauna, ou qualquer outro projeto de infraestrutura hidráulica na condução de água fria potável.;"*Temperatura máxima de serviço 25°C.
* Matéria prima PVC – Policloreto de Vinila.
* Processo: Injeção.
* Pressão máxima de serviço: 7,5Kgf/cm².";"* ABNT NBR 11306
* ABNT NBR 15704
* ABNT NBR 5626";"* Resistente a corrosão, não enferruja.
* Fácil instalação e manutenção.
* Ergonômico e Simples Manejo.
* Seguro e vem com orientação de abre e
fecha na borboleta (volante).";REGISTRO ESFERA ROSCAVEL - 3;REGISTROS ESFERA COMPACTO;AF;PC;Sacos;205.0;130.0;180.0;2.0;8481.80.95;7897801312448;17897801312445;0;REGISTRO ESFERA ROSCAVEL - 3;REGISTRO;False;;;0.205;0.205;
559;REGISTRO ESFERA ROSCAVEL - 4;REGISTROS ESFERA COMPACTO;Controlar a passagem do líquido pela tubulação, e assim, permitir intervenção para manutenção do trecho hidráulico.;Utilizado em instalação hidráulica residencial, comercial e industrial aparente. Por exemplo: Barrilete de edificação, piscina, banheira de hidromassagem, sauna, ou qualquer outro projeto de infraestrutura hidráulica na condução de água fria potável.;"*Temperatura máxima de serviço 25°C.
* Matéria prima PVC – Policloreto de Vinila.
* Processo: Injeção.
* Pressão máxima de serviço: 7,5Kgf/cm².";"* ABNT NBR 11306
* ABNT NBR 15704
* ABNT NBR 5626";"* Resistente a corrosão, não enferruja.
* Fácil instalação e manutenção.
* Ergonômico e Simples Manejo.
* Seguro e vem com orientação de abre e
fecha na borboleta (volante).";REGISTRO ESFERA ROSCAVEL - 4;REGISTROS ESFERA COMPACTO;AF;PC;Sacos;235.0;160.0;210.0;1.0;8481.80.95;7897801312455;17897801312452;0;REGISTRO ESFERA ROSCAVEL - 4;REGISTRO;False;;;0.235;0.235;
561;REGISTRO ESF.SOLD.C/ UNIAO - 20MM;REGISTROS ESFERA C/UNIAO;Controlar a passagem do líquido pela tubulação, e assim, permitir intervenção para manutenção do trecho hidráulico.;Utilizada em instalação hidráulica residencial, comercial e industrial aparente. Por exemplo: Barrilete de edificação, piscina, banheira de hidromassagem, sauna, ou qualquer outro projeto de infraestrutura hidráulica na condução de água fria potável.;"* Matéria Prima PVC (Policloreto de Vinila)
*Processo: Injeção
*Temperatura Nominal: 25 ͦC
*Pressão Nominal: 7,5 kgf/cm²";"* ABNT NBR 11306
*ABNT NBR 15704
*ABNT NBR 5626";"* Resistente a Corrosão, não enferruja.
*Fácil manutenção, registro desmontável
*Simples Manejo, apenas ¼ de volta.";REGISTRO ESF.SOLD.C/ UNIAO - 20MM;REGISTROS ESFERA C/UNIAO;AF;PC;Sacos;75.0;48.5;75.0;10.0;8481.80.95;7897801302296;17897801302293;47897801302294;REGISTRO ESF.SOLDAVEL.C UNIAO - 20MM;REGISTRO;False;20.0;;0.075;0.075;20.0
562;REGISTRO ESF.SOLD.C/ UNIAO - 25MM;REGISTROS ESFERA C/UNIAO;Controlar a passagem do líquido pela tubulação, e assim, permitir intervenção para manutenção do trecho hidráulico.;Utilizada em instalação hidráulica residencial, comercial e industrial aparente. Por exemplo: Barrilete de edificação, piscina, banheira de hidromassagem, sauna, ou qualquer outro projeto de infraestrutura hidráulica na condução de água fria potável.;"* Matéria Prima PVC (Policloreto de Vinila)
*Processo: Injeção
*Temperatura Nominal: 25 ͦC
*Pressão Nominal: 7,5 kgf/cm²";"* ABNT NBR 11306
*ABNT NBR 15704
*ABNT NBR 5626";"* Resistente a Corrosão, não enferruja.
*Fácil manutenção, registro desmontável
*Simples Manejo, apenas ¼ de volta.";REGISTRO ESF.SOLD.C/ UNIAO - 25MM;REGISTROS ESFERA C/UNIAO;AF;PC;Sacos;87.0;58.0;85.0;10.0;8481.80.95;7897801302289;17897801302286;47897801302287;REGISTRO ESF.SOLDAVEL.C UNIAO - 25MM;REGISTRO;False;25.0;;0.087;0.087;25.0
563;REGISTRO ESF.SOLD.C/ UNIAO - 32MM;REGISTROS ESFERA C/UNIAO;Controlar a passagem do líquido pela tubulação, e assim, permitir intervenção para manutenção do trecho hidráulico.;Utilizada em instalação hidráulica residencial, comercial e industrial aparente. Por exemplo: Barrilete de edificação, piscina, banheira de hidromassagem, sauna, ou qualquer outro projeto de infraestrutura hidráulica na condução de água fria potável.;"* Matéria Prima PVC (Policloreto de Vinila)
*Processo: Injeção
*Temperatura Nominal: 25 ͦC
*Pressão Nominal: 7,5 kgf/cm²";"* ABNT NBR 11306
*ABNT NBR 15704
*ABNT NBR 5626";"* Resistente a Corrosão, não enferruja.
*Fácil manutenção, registro desmontável
*Simples Manejo, apenas ¼ de volta.";REGISTRO ESF.SOLD.C/ UNIAO - 32MM;REGISTROS ESFERA C/UNIAO;AF;PC;Sacos;99.5;66.0;96.5;5.0;8481.80.95;7897801302760;17897801302767;47897801302768;REGISTRO ESF.SOLDAVEL.C UNIAO - 32MM;REGISTRO;False;32.0;;0.0995;0.0995;32.0
564;REGISTRO ESF.SOLD.C/ UNIAO - 40MM;REGISTROS ESFERA C/UNIAO;Controlar a passagem do líquido pela tubulação, e assim, permitir intervenção para manutenção do trecho hidráulico.;Utilizada em instalação hidráulica residencial, comercial e industrial aparente. Por exemplo: Barrilete de edificação, piscina, banheira de hidromassagem, sauna, ou qualquer outro projeto de infraestrutura hidráulica na condução de água fria potável.;"* Matéria Prima PVC (Policloreto de Vinila)
*Processo: Injeção
*Temperatura Nominal: 25 ͦC
*Pressão Nominal: 7,5 kgf/cm²";"* ABNT NBR 11306
*ABNT NBR 15704
*ABNT NBR 5626";"* Resistente a Corrosão, não enferruja.
*Fácil manutenção, registro desmontável
*Simples Manejo, apenas ¼ de volta.";REGISTRO ESF.SOLD.C/ UNIAO - 40MM;REGISTROS ESFERA C/UNIAO;AF;PC;Sacos;110.0;114.0;110.0;5.0;8481.80.95;7897801306041;17897801306048;47897801306049;REGISTRO ESF.SOLDAVEL.C UNIAO - 40MM;REGISTRO;False;40.0;;0.11;0.11;40.0
565;REGISTRO ESF.SOLD.C/ UNIAO - 50MM;REGISTROS ESFERA C/UNIAO;Controlar a passagem do líquido pela tubulação, e assim, permitir intervenção para manutenção do trecho hidráulico.;Utilizada em instalação hidráulica residencial, comercial e industrial aparente. Por exemplo: Barrilete de edificação, piscina, banheira de hidromassagem, sauna, ou qualquer outro projeto de infraestrutura hidráulica na condução de água fria potável.;"* Matéria Prima PVC (Policloreto de Vinila)
*Processo: Injeção
*Temperatura Nominal: 25 ͦC
*Pressão Nominal: 7,5 kgf/cm²";"* ABNT NBR 11306
*ABNT NBR 15704
*ABNT NBR 5626";"* Resistente a Corrosão, não enferruja.
*Fácil manutenção, registro desmontável
*Simples Manejo, apenas ¼ de volta.";REGISTRO ESF.SOLD.C/ UNIAO - 50MM;REGISTROS ESFERA C/UNIAO;AF;PC;Sacos;132.5;92.0;134.5;2.0;8481.80.95;7897801302319;17897801302316;47897801302317;REGISTRO ESF.SOLDAVEL.C UNIAO - 50MM;REGISTRO;False;50.0;;0.1325;0.1325;50.0
566;REGISTRO ESF.SOLD.C/ UNIAO - 60MM;REGISTROS ESFERA C/UNIAO;Controlar a passagem do líquido pela tubulação, e assim, permitir intervenção para manutenção do trecho hidráulico.;Utilizada em instalação hidráulica residencial, comercial e industrial aparente. Por exemplo: Barrilete de edificação, piscina, banheira de hidromassagem, sauna, ou qualquer outro projeto de infraestrutura hidráulica na condução de água fria potável.;"* Matéria Prima PVC (Policloreto de Vinila)
*Processo: Injeção
*Temperatura Nominal: 25 ͦC
*Pressão Nominal: 7,5 kgf/cm²";"* ABNT NBR 11306
*ABNT NBR 15704
*ABNT NBR 5626";"* Resistente a Corrosão, não enferruja.
*Fácil manutenção, registro desmontável
*Simples Manejo, apenas ¼ de volta.";REGISTRO ESF.SOLD.C/ UNIAO - 60MM;REGISTROS ESFERA C/UNIAO;AF;PC;Sacos;154.0;161.0;154.0;2.0;8481.80.95;7897801306065;17897801306062;47897801306063;REGISTRO ESF.SOLDAVEL.C UNIAO - 60MM;REGISTRO;False;60.0;;0.154;0.154;60.0
567;REGISTRO PRESSAO SOLDAVEL BRANCO - 20MM;REGISTROS PRESSAO;;;;;;REGISTRO PRESSAO SOLDAVEL BRANCO - 20MM;REGISTROS PRESSAO;AF;PC;Sacos;90.0;50.0;60.0;5.0;8481.80.95;7897801317245;17897801317242;27897801317249;REGISTRO PRESSAO SOLDAVEL BRANCO - 20MM;REGISTRO;False;20.0;;0.09;0.09;20.0
568;REGISTRO PRESSAO SOLDAVEL BRANCO - 25MM;REGISTROS PRESSAO;;;;;;REGISTRO PRESSAO SOLDAVEL BRANCO - 25MM;REGISTROS PRESSAO;AF;PC;Sacos;90.0;50.0;60.0;5.0;8481.80.95;7897801317252;17897801317259;27897801317256;REGISTRO PRESSAO SOLDAVEL BRANCO - 25MM;REGISTRO;False;25.0;;0.09;0.09;25.0
569;REPARO P/REGISTRO PRESSAO BRANCO;REGISTROS PRESSAO;;;;;;REPARO P/REGISTRO PRESSAO BRANCO;REGISTROS PRESSAO;AF;PC;Sacos;75.0;50.0;50.0;5.0;8481.80.95;7897801317269;17897801317266;27897801317263;REPARO P REGISTRO PRESSAO BRANCO;REGISTRO;False;;;0.075;0.075;
570;REGISTRO ESF.ROSC.C/ UNIAO - 1/2;REGISTROS ESFERA C/UNIAO;Controlar a passagem do líquido pela tubulação, e assim, permitir intervenção para manutenção do trecho hidráulico.;Utilizada em instalação hidráulica residencial, comercial e industrial aparente. Por exemplo: Barrilete de edificação, piscina, banheira de hidromassagem, sauna, ou qualquer outro projeto de infraestrutura hidráulica na condução de água fria potável.;"* Matéria Prima PVC (Policloreto de Vinila)
*Processo: Injeção
*Temperatura Nominal: 25 ͦC
*Pressão Nominal: 7,5 kgf/cm²";"* ABNT NBR 11306
*ABNT NBR 15704
*ABNT NBR 5626";"*Resistente a Corrosão, não enferruja
*Fácil manutenção, registro desmontável
*Simples Manejo, apenas ¼ de volta.";REGISTRO ESF.ROSC.C/ UNIAO - 1/2;REGISTROS ESFERA C/UNIAO;AF;PC;Sacos;75.0;48.5;75.0;10.0;8481.80.95;7897801302302;17897801302309;47897801302300;REGISTRO ESF.ROSCAVEL.C UNIAO - 1 2;REGISTRO;False;;;0.075;0.075;
571;REGISTRO ESF.ROSC.C/ UNIAO - 3/4;REGISTROS ESFERA C/UNIAO;Controlar a passagem do líquido pela tubulação, e assim, permitir intervenção para manutenção do trecho hidráulico.;Utilizada em instalação hidráulica residencial, comercial e industrial aparente. Por exemplo: Barrilete de edificação, piscina, banheira de hidromassagem, sauna, ou qualquer outro projeto de infraestrutura hidráulica na condução de água fria potável.;"* Matéria Prima PVC (Policloreto de Vinila)
*Processo: Injeção
*Temperatura Nominal: 25 ͦC
*Pressão Nominal: 7,5 kgf/cm²";"* ABNT NBR 11306
*ABNT NBR 15704
*ABNT NBR 5626";"*Resistente a Corrosão, não enferruja
*Fácil manutenção, registro desmontável
*Simples Manejo, apenas ¼ de volta.";REGISTRO ESF.ROSC.C/ UNIAO - 3/4;REGISTROS ESFERA C/UNIAO;AF;PC;Sacos;87.0;58.0;85.0;10.0;8481.80.95;7897801302272;17897801302279;47897801302270;REGISTRO ESF.ROSCAVEL.C UNIAO - 3 4;REGISTRO;False;;;0.087;0.087;
572;REGISTRO ESF.ROSC.C/ UNIAO - 1;REGISTROS ESFERA C/UNIAO;Controlar a passagem do líquido pela tubulação, e assim, permitir intervenção para manutenção do trecho hidráulico.;Utilizada em instalação hidráulica residencial, comercial e industrial aparente. Por exemplo: Barrilete de edificação, piscina, banheira de hidromassagem, sauna, ou qualquer outro projeto de infraestrutura hidráulica na condução de água fria potável.;"* Matéria Prima PVC (Policloreto de Vinila)
*Processo: Injeção
*Temperatura Nominal: 25 ͦC
*Pressão Nominal: 7,5 kgf/cm²";"* ABNT NBR 11306
*ABNT NBR 15704
*ABNT NBR 5626";"*Resistente a Corrosão, não enferruja
*Fácil manutenção, registro desmontável
*Simples Manejo, apenas ¼ de volta.";REGISTRO ESF.ROSC.C/ UNIAO - 1;REGISTROS ESFERA C/UNIAO;AF;PC;Sacos;99.5;66.0;96.5;5.0;8481.80.95;7897801302777;17897801302774;47897801302775;REGISTRO ESF.ROSCAVEL.C UNIAO - 1;REGISTRO;False;;;0.0995;0.0995;
573;REGISTRO ESF.ROSC.C/ UNIAO - 1 1/4;REGISTROS ESFERA C/UNIAO;Controlar a passagem do líquido pela tubulação, e assim, permitir intervenção para manutenção do trecho hidráulico.;Utilizada em instalação hidráulica residencial, comercial e industrial aparente. Por exemplo: Barrilete de edificação, piscina, banheira de hidromassagem, sauna, ou qualquer outro projeto de infraestrutura hidráulica na condução de água fria potável.;"* Matéria Prima PVC (Policloreto de Vinila)
*Processo: Injeção
*Temperatura Nominal: 25 ͦC
*Pressão Nominal: 7,5 kgf/cm²";"* ABNT NBR 11306
*ABNT NBR 15704
*ABNT NBR 5626";"*Resistente a Corrosão, não enferruja
*Fácil manutenção, registro desmontável
*Simples Manejo, apenas ¼ de volta.";REGISTRO ESF.ROSC.C/ UNIAO - 1 1/4;REGISTROS ESFERA C/UNIAO;AF;PC;Sacos;110.0;114.0;110.0;5.0;8481.80.95;7897801306058;17897801306055;47897801306056;REGISTRO ESF.ROSCAVEL.C UNIAO - 1 1 4;REGISTRO;False;;;0.11;0.11;
574;REGISTRO ESF.ROSC.C/ UNIAO - 1.1/2;REGISTROS ESFERA C/UNIAO;Controlar a passagem do líquido pela tubulação, e assim, permitir intervenção para manutenção do trecho hidráulico.;Utilizada em instalação hidráulica residencial, comercial e industrial aparente. Por exemplo: Barrilete de edificação, piscina, banheira de hidromassagem, sauna, ou qualquer outro projeto de infraestrutura hidráulica na condução de água fria potável.;"* Matéria Prima PVC (Policloreto de Vinila)
*Processo: Injeção
*Temperatura Nominal: 25 ͦC
*Pressão Nominal: 7,5 kgf/cm²";"* ABNT NBR 11306
*ABNT NBR 15704
*ABNT NBR 5626";"*Resistente a Corrosão, não enferruja
*Fácil manutenção, registro desmontável
*Simples Manejo, apenas ¼ de volta.";REGISTRO ESF.ROSC.C/ UNIAO - 1.1/2;REGISTROS ESFERA C/UNIAO;AF;PC;Sacos;132.5;92.0;134.5;2.0;8481.80.95;7897801302326;17897801302323;47897801302324;REGISTRO ESF.ROSCAVEL.C UNIAO - 1.1 2;REGISTRO;False;;;0.1325;0.1325;
575;REGISTRO ESF.ROSC.C/ UNIAO - 2;REGISTROS ESFERA C/UNIAO;Controlar a passagem do líquido pela tubulação, e assim, permitir intervenção para manutenção do trecho hidráulico.;Utilizada em instalação hidráulica residencial, comercial e industrial aparente. Por exemplo: Barrilete de edificação, piscina, banheira de hidromassagem, sauna, ou qualquer outro projeto de infraestrutura hidráulica na condução de água fria potável.;"* Matéria Prima PVC (Policloreto de Vinila)
*Processo: Injeção
*Temperatura Nominal: 25 ͦC
*Pressão Nominal: 7,5 kgf/cm²";"* ABNT NBR 11306
*ABNT NBR 15704
*ABNT NBR 5626";"*Resistente a Corrosão, não enferruja
*Fácil manutenção, registro desmontável
*Simples Manejo, apenas ¼ de volta.";REGISTRO ESF.ROSC.C/ UNIAO - 2;REGISTROS ESFERA C/UNIAO;AF;PC;Sacos;154.0;161.0;154.0;2.0;8481.80.95;7897801306072;17897801306079;47897801306070;REGISTRO ESF.ROSCAVEL.C UNIAO - 2;REGISTRO;False;;;0.154;0.154;
577;REGISTRO ESFERA C/ROSCA EXT. - 1/2;REGISTROS ESFERA ROSCA EXT.;;;;;;REGISTRO ESFERA C/ROSCA EXT. - 1/2;REGISTROS ESFERA ROSCA EXT.;AF;PC;Sacos;53.0;59.0;53.0;20.0;8481.80.95;7897801307482;17897801307489;27897801307486;REGISTRO ESFERA C ROSCA EXT. - 1 2;REGISTRO;False;;;0.053;0.053;
578;REGISTRO ESFERA C/ROSCA EXT. - 3/4;REGISTROS ESFERA ROSCA EXT.;;;;;;REGISTRO ESFERA C/ROSCA EXT. - 3/4;REGISTROS ESFERA ROSCA EXT.;AF;PC;Sacos;57.0;63.0;57.0;20.0;8481.80.95;7897801307499;17897801307496;27897801307493;REGISTRO ESFERA C ROSCA EXT. - 3 4;REGISTRO;False;;;0.057;0.057;
581;REGISTRO PRESSAO SOLDAVEL - 20MM;REGISTROS PRESSAO;Controlar a passagem do líquido pela tubulação, e assim, permitir regulagem para consumo no ponto desejado.;Utilizada em instalação hidráulica residencial, comercial e industrial embutidas ou aparentes. Por exemplo: Chuveiros, piscina, duchas, lavatórios, banheiros, ou qualquer outra instalação hidráulica de regulagem de água fria potável.;"* Matéria Prima PVC (Policloreto de Vinila)
*Processo: Injeção
*Fechamento por compressão
*Temperatura Nominal: 25 ͦC
*Pressão Nominal: 7,5 kgf/cm²";"*ABNT NBR 11306
*ABNT NBR 15704
*ABNT NBR 5626";"* Resistente a Corrosão, não enferruja.
*Fácil manutenção, troca rápida de reparo.
*Controle de vazão, movimentos lentos.";REGISTRO PRESSAO SOLDAVEL - 20MM;REGISTROS PRESSAO;AF;PC;Sacos;61.0;90.0;41.0;5.0;8481.80.95;7897801300414;17897801300411;27897801300418;REGISTRO PRESSAO SOLDAVEL - 20MM;REGISTRO;False;20.0;;0.061;0.061;20.0
582;REGISTRO PRESSAO SOLDAVEL - 25MM;REGISTROS PRESSAO;Controlar a passagem do líquido pela tubulação, e assim, permitir regulagem para consumo no ponto desejado.;Utilizada em instalação hidráulica residencial, comercial e industrial embutidas ou aparentes. Por exemplo: Chuveiros, piscina, duchas, lavatórios, banheiros, ou qualquer outra instalação hidráulica de regulagem de água fria potável.;"* Matéria Prima PVC (Policloreto de Vinila)
*Processo: Injeção
*Fechamento por compressão
*Temperatura Nominal: 25 ͦC
*Pressão Nominal: 7,5 kgf/cm²";"*ABNT NBR 11306
*ABNT NBR 15704
*ABNT NBR 5626";"* Resistente a Corrosão, não enferruja.
*Fácil manutenção, troca rápida de reparo.
*Controle de vazão, movimentos lentos.";REGISTRO PRESSAO SOLDAVEL - 25MM;REGISTROS PRESSAO;AF;PC;Sacos;64.0;93.0;48.0;5.0;8481.80.95;7897801300421;17897801300428;27897801300425;REGISTRO PRESSAO SOLDAVEL - 25MM;REGISTRO;False;25.0;;0.064;0.064;25.0
583;REGISTRO ESFERA C/ CABECA QUADRADA 1/2;REGISTROS PRESSAO;Controlar a passagem do líquido pela tubulação, e assim, permitir intervenção para manutenção do trecho hidráulico.;Utilizada em instalação hidráulica residencial, comercial e industrial aparente. Por exemplo: Ramal de entrada predial, kit cavalete, refrigeração de maquinas industrial ou qualquer ponto hidráulico na condução de água fria potável.;"*Matéria Prima PVC (Policloreto de Vinila)
*Processo: Injeção
*Temperatura Nominal: 25 ͦC
*Pressão Nominal: 7,5 kgf/cm²";"*ABNT NBR 11306
*ABNT NBR 15704
*ABNT NBR 5626";"*Resistente a Corrosão, não enferruja.
*Fácil instalação, registro compacto
*Manejo exclusivo, cabeça quadrada";REGISTRO ESFERA C/ CABECA QUADRADA 1/2;REGISTROS PRESSAO;AF;PC;Sacos;55.0;30.0;60.0;20.0;8481.80.95;7897801313360;17897801313367;27897801313364;REGISTRO ESFERA C CABECA QUADRADA 1 2;REGISTRO;False;;;0.055;0.055;
584;REGISTRO ESFERA C/ CABECA QUADRADA 3/4;REGISTROS PRESSAO;Controlar a passagem do líquido pela tubulação, e assim, permitir intervenção para manutenção do trecho hidráulico.;Utilizada em instalação hidráulica residencial, comercial e industrial aparente. Por exemplo: Ramal de entrada predial, kit cavalete, refrigeração de maquinas industrial ou qualquer ponto hidráulico na condução de água fria potável.;"*Matéria Prima PVC (Policloreto de Vinila)
*Processo: Injeção
*Temperatura Nominal: 25 ͦC
*Pressão Nominal: 7,5 kgf/cm²";"*ABNT NBR 11306
*ABNT NBR 15704
*ABNT NBR 5626";"*Resistente a Corrosão, não enferruja.
*Fácil instalação, registro compacto
*Manejo exclusivo, cabeça quadrada";REGISTRO ESFERA C/ CABECA QUADRADA 3/4;REGISTROS PRESSAO;AF;PC;Sacos;70.0;60.0;30.0;20.0;8481.80.95;7897801313698;17897801313695;27897801313692;REGISTRO ESFERA C CABECA QUADRADA 3 4;REGISTRO;False;;;0.07;0.07;
585;REPARO P/REGISTRO PRESSAO;REGISTROS PRESSAO;Controlar a passagem do líquido pela tubulação, e assim, permitir regulagem para consumo no ponto desejado.;Utilizada em instalação hidráulica residencial, comercial e industrial embutidas ou aparentes. Por exemplo: Chuveiros, piscina, duchas, lavatórios, banheiros, ou qualquer outra instalação hidráulica de regulagem de água fria potável.;"* Matéria Prima PVC (Policloreto de Vinila)
*Processo: Injeção
*Fechamento por compressão
*Temperatura Nominal: 25 ͦC
*Pressão Nominal: 7,5 kgf/cm²";"*ABNT NBR 11306
*ABNT NBR 15704
*ABNT NBR 5626";"* Resistente a Corrosão, não enferruja.
*Fácil manutenção, troca rápida de reparo.
*Controle de vazão, movimentos lentos.";REPARO P/REGISTRO PRESSAO;REGISTROS PRESSAO;AF;PC;Sacos;48.0;75.0;48.0;5.0;8481.80.95;7897801300476;17897801300473;27897801300470;REPARO P REGISTRO PRESSAO;REGISTRO;False;;;0.048;0.048;
587;LUVA RED. SOLD. 60 X 50MM;CONEXOES SOLDAVEIS;;;;;;LUVA RED. SOLD. 60 X 50MM;CONEXOES SOLDAVEIS;AF;PC;Sacos;74.0;77.0;74.0;10.0;3917.40.90;7897801312004;17897801312001;27897801312008;LUVA RED. SOLDAVEL. 60 X 50MM;LUVA;False;50.0;;0.074;0.074;50.0
588;LUVA RED. SOLD. 75 X 60MM;CONEXOES SOLDAVEIS;;;;;;LUVA RED. SOLD. 75 X 60MM;CONEXOES SOLDAVEIS;AF;PC;Sacos;90.0;90.0;90.0;8.0;3917.40.90;7897801312011;17897801312018;27897801312015;LUVA RED. SOLDAVEL. 75 X 60MM;LUVA;False;60.0;;0.09;0.09;60.0
589;LUVA RED. SOLD. 110 X 75MM;CONEXOES SOLDAVEIS;;;;;;LUVA RED. SOLD. 110 X 75MM;CONEXOES SOLDAVEIS;AF;PC;Sacos;130.0;130.0;130.0;4.0;3917.40.90;7897801312127;17897801312124;27897801312121;LUVA RED. SOLDAVEL. 110 X 75MM;LUVA;False;75.0;;0.13;0.13;75.0
592;BUCHA RED.LONGA P/ESGOTO DN 50 X 40;CONEXOES ESGOTO SECUNDARIO;;;;;;BUCHA RED.LONGA P/ESGOTO DN 50 X 40;CONEXOES ESGOTO SECUNDARIO;ESGOTO;PC;Sacos;50.7;50.7;65.0;25.0;3917.40.90;7897801300285;17897801300282;27897801300289;BUCHA RED.LONGA P ESGOTO DN 50 X 40;BUCHA;False;50.0;;0.0507;0.0507;50.0
593;CAP ESGOTO SEC. - DN 40;CONEXOES ESGOTO SECUNDARIO;;;;;;CAP ESGOTO SEC.   - DN 40;CONEXOES ESGOTO SECUNDARIO;ESGOTO;PC;Sacos;48.0;21.0;48.0;10.0;3917.40.90;7897801301411;17897801301418;27897801301415;CAP ESGOTO SECUNDARIO. - DN 40;CAP;False;40.0;;0.048;0.048;40.0
594;CAP ESGOTO PRIM. - DN 50;CONEXOES ESGOTO PRIMARIO;;;;;;CAP ESGOTO PRIM. - DN 50;CONEXOES ESGOTO PRIMARIO;ESGOTO;PC;Sacos;63.0;63.0;41.1;10.0;3917.40.90;7897801302425;17897801302422;27897801302429;CAP ESGOTO PRIMARIO. - DN 50;CAP;False;50.0;;0.063;0.063;50.0
595;CAP ESGOTO PRIM. - DN 75;CONEXOES ESGOTO PRIMARIO;;;;;;CAP ESGOTO PRIM. - DN 75;CONEXOES ESGOTO PRIMARIO;ESGOTO;PC;Sacos;87.8;87.8;46.3;10.0;3917.40.90;7897801302432;17897801302439;27897801302436;CAP ESGOTO PRIMARIO. - DN 75;CAP;False;75.0;;0.0878;0.0878;75.0
596;CAP ESGOTO PRIM. - DN 100;CONEXOES ESGOTO PRIMARIO;;;;;;CAP ESGOTO PRIM. - DN 100;CONEXOES ESGOTO PRIMARIO;ESGOTO;PC;Sacos;114.7;114.7;52.3;10.0;3917.40.90;7897801301831;17897801301838;27897801301835;CAP ESGOTO PRIMARIO. - DN 100;CAP;False;100.0;;0.1147;0.1147;100.0
597;CAP ESGOTO PRIM. - DN 150;CONEXOES ESGOSTO 150/200;;;;;;CAP ESGOTO PRIM. - DN 150;CONEXOES ESGOSTO 150/200;ESGOTO;PC;Sacos;174.2;174.2;66.5;5.0;3917.40.90;7897801302913;17897801302910;27897801302917;CAP ESGOTO PRIMARIO. - DN 150;CAP;False;150.0;;0.1742;0.1742;150.0
598;CAP ESGOTO PRIM. - DN 200;CONEXOES ESGOSTO 150/200;;;;;;CAP ESGOTO PRIM. - DN 200;CONEXOES ESGOSTO 150/200;ESGOTO;PC;Sacos;235.0;850.0;235.0;1.0;3917.40.90;7897801312462;17897801312469;27897801312466;CAP ESGOTO PRIMARIO. - DN 200;CAP;False;200.0;;0.235;0.235;200.0
599;CURVA 90 CURTA P/ESG.SEC - DN 40;CONEXOES ESGOTO SECUNDARIO;;;;;;CURVA 90 CURTA P/ESG.SEC   - DN 40;CONEXOES ESGOTO SECUNDARIO;ESGOTO;PC;Sacos;87.0;46.0;87.0;25.0;3917.40.90;7897801302449;17897801302446;27897801302443;CURVA 90 CURTA P ESGOTO.SECUNDARIO - DN 40;JOELHO;False;40.0;;0.087;0.087;40.0
600;CURVA 90 CURTA P/ESG.PRIM - DN 50;CONEXOES ESGOTO PRIMARIO;;;;;;CURVA 90 CURTA P/ESG.PRIM - DN 50;CONEXOES ESGOTO PRIMARIO;ESGOTO;PC;Sacos;94.85;63.0;94.85;20.0;3917.40.90;7897801302401;17897801302408;27897801302405;CURVA 90 CURTA P ESGOTO.PRIMARIO - DN 50;JOELHO;False;50.0;;0.09484999999999999;0.09484999999999999;50.0
601;CURVA 90 CURTA P/ESG.PRIM - DN 75;CONEXOES ESGOTO PRIMARIO;;;;;;CURVA 90 CURTA P/ESG.PRIM - DN 75;CONEXOES ESGOTO PRIMARIO;ESGOTO;PC;Sacos;148.75;88.2;148.75;10.0;3917.40.90;7897801302616;17897801302613;27897801302610;CURVA 90 CURTA P ESGOTO.PRIMARIO - DN 75;JOELHO;False;75.0;;0.14875;0.14875;75.0
602;CURVA 90 CURTA P/ESG.PRIM - DN 100;CONEXOES ESGOTO PRIMARIO;;;;;;CURVA 90 CURTA P/ESG.PRIM - DN 100;CONEXOES ESGOTO PRIMARIO;ESGOTO;PC;Sacos;240.0;115.0;180.0;10.0;3917.40.90;7897801302135;17897801302132;27897801302139;CURVA 90 CURTA P ESGOTO.PRIMARIO - DN 100;JOELHO;False;100.0;;0.24;0.24;100.0
606;CURVA 45 ESG. LONGA DN 40;CONEXOES ESGOTO SECUNDARIO;;;;;;CURVA 45 ESG. LONGA DN 40;CONEXOES ESGOTO SECUNDARIO;ESGOTO;PC;Sacos;240.0;80.0;43.0;10.0;3917.40.90;7897801310888;17897801310885;27897801310882;CURVA 45 ESGOTO. LONGA DN 40;JOELHO;False;40.0;;0.24;0.24;40.0
607;CURVA 45 ESG. LONGA DN 50;CONEXOES ESGOTO PRIMARIO;;;;;;CURVA 45 ESG. LONGA DN 50;CONEXOES ESGOTO PRIMARIO;ESGOTO;PC;Sacos;250.0;51.0;51.0;5.0;3917.40.90;7897801310895;17897801310892;27897801310899;CURVA 45 ESGOTO. LONGA DN 50;JOELHO;False;50.0;;0.25;0.25;50.0
608;CURVA 45 ESG. LONGA DN 75;CONEXOES ESGOTO PRIMARIO;;;;;;CURVA 45 ESG. LONGA DN 75;CONEXOES ESGOTO PRIMARIO;ESGOTO;PC;Sacos;360.0;100.0;80.0;5.0;3917.40.90;7897801310901;17897801310908;27897801310905;CURVA 45 ESGOTO. LONGA DN 75;JOELHO;False;75.0;;0.36;0.36;75.0
609;CURVA 45 ESG. LONGA DN 100;CONEXOES ESGOTO PRIMARIO;;;;;;CURVA 45 ESG. LONGA DN 100;CONEXOES ESGOTO PRIMARIO;ESGOTO;PC;Sacos;102.0;400.0;210.0;5.0;3917.40.90;7897801310918;17897801310915;27897801310912;CURVA 45 ESGOTO. LONGA DN 100;JOELHO;False;100.0;;0.102;0.102;100.0
610;CURVA 45 ESG. LONGA DN 150;CONEXOES ESGOTO 150/200;;;;;;CURVA 45 ESG. LONGA DN 150;CONEXOES ESGOTO 150/200;ESGOTO;PC;Sacos;152.0;600.0;610.0;1.0;3917.40.90;7897801310925;17897801310922;27897801310929;CURVA 45 ESGOTO. LONGA DN 150;JOELHO;False;150.0;;0.152;0.152;150.0
611;JOELHO 45 ESGOTO SEC - DN 40;CONEXOES ESGOTO SECUNDARIO;;;;;;JOELHO 45 ESGOTO SEC   - DN 40;CONEXOES ESGOTO SECUNDARIO;ESGOTO;PC;Sacos;60.0;45.0;45.0;25.0;3917.40.90;7897801301275;17897801301272;27897801301279;JOELHO 45 ESGOTO SECUNDARIO - DN 40;JOELHO;False;40.0;;0.06;0.06;40.0
612;JOELHO 45 ESGOTO PRIM - DN 50;CONEXOES ESGOTO PRIMARIO;;;;;;JOELHO 45 ESGOTO PRIM - DN 50;CONEXOES ESGOTO PRIMARIO;ESGOTO;PC;Sacos;54.5;63.0;120.0;25.0;3917.40.90;7897801301763;17897801301760;27897801301767;JOELHO 45 ESGOTO PRIMARIO - DN 50;JOELHO;False;50.0;;0.0545;0.0545;50.0
613;JOELHO 45 ESGOTO PRIM - DN 75;CONEXOES ESGOTO PRIMARIO;;;;;;JOELHO 45 ESGOTO PRIM - DN 75;CONEXOES ESGOTO PRIMARIO;ESGOTO;PC;Sacos;90.0;110.5;150.0;10.0;3917.40.90;7897801301770;17897801301777;27897801301774;JOELHO 45 ESGOTO PRIMARIO - DN 75;JOELHO;False;75.0;;0.09;0.09;75.0
614;JOELHO 45 ESGOTO PRIM - DN 100;CONEXOES ESGOTO PRIMARIO;;;;;;JOELHO 45 ESGOTO PRIM - DN 100;CONEXOES ESGOTO PRIMARIO;ESGOTO;PC;Sacos;115.0;140.5;180.0;10.0;3917.40.90;7897801301640;17897801301647;27897801301644;JOELHO 45 ESGOTO PRIMARIO - DN 100;JOELHO;False;100.0;;0.115;0.115;100.0
615;JOELHO 45 ESGOTO PRIM - DN 150;CONEXOES ESGOSTO 150/200;;;;;;JOELHO 45 ESGOTO PRIM - DN 150;CONEXOES ESGOSTO 150/200;ESGOTO;PC;Sacos;200.5;169.0;250.0;5.0;3917.40.90;7897801302920;17897801302927;27897801302924;JOELHO 45 ESGOTO PRIMARIO - DN 150;JOELHO;False;150.0;;0.2005;0.2005;150.0
616;JOELHO 90 ESGOTO SEC. - DN 40;CONEXOES ESGOTO SECUNDARIO;;;;;;JOELHO 90 ESGOTO SEC.  - DN 40;CONEXOES ESGOTO SECUNDARIO;ESGOTO;PC;Sacos;67.0;46.0;67.0;50.0;3917.40.90;7897801300339;17897801300336;27897801300333;JOELHO 90 ESGOTO SECUNDARIO. - DN 40;JOELHO;False;40.0;;0.067;0.067;40.0
617;JOELHO 90 ESGOTO PRIM - DN 50;CONEXOES ESGOTO PRIMARIO;;;;;;JOELHO 90 ESGOTO PRIM - DN 50;CONEXOES ESGOTO PRIMARIO;ESGOTO;PC;Sacos;101.5;63.0;101.5;25.0;3917.40.90;7897801301145;17897801301142;27897801301149;JOELHO 90 ESGOTO PRIMARIO - DN 50;JOELHO;False;50.0;;0.1015;0.1015;50.0
618;JOELHO 90 ESGOTO PRIM - DN 75;CONEXOES ESGOTO PRIMARIO;;;;;;JOELHO 90 ESGOTO PRIM - DN 75;CONEXOES ESGOTO PRIMARIO;ESGOTO;PC;Sacos;131.9;87.8;131.9;20.0;3917.40.90;7897801301442;17897801301449;27897801301446;JOELHO 90 ESGOTO PRIMARIO - DN 75;JOELHO;False;75.0;;0.13190000000000002;0.13190000000000002;75.0
619;JOELHO 90 ESGOTO PRIM - DN 100;CONEXOES ESGOTO PRIMARIO;;;;;;JOELHO 90 ESGOTO PRIM - DN 100;CONEXOES ESGOTO PRIMARIO;ESGOTO;PC;Sacos;165.3;114.7;165.3;20.0;3917.40.90;7897801300223;17897801300220;27897801300227;JOELHO 90 ESGOTO PRIMARIO - DN 100;JOELHO;False;100.0;;0.1653;0.1653;100.0
621;JOELHO 90 ESGOTO PRIM - DN 150;CONEXOES ESGOSTO 150/200;;;;;;JOELHO 90 ESGOTO PRIM - DN 150;CONEXOES ESGOSTO 150/200;ESGOTO;PC;Sacos;226.5;169.0;226.5;5.0;3917.40.90;7897801300230;17897801300237;27897801300234;JOELHO 90 ESGOTO PRIMARIO - DN 150;JOELHO;False;150.0;;0.2265;0.2265;150.0
622;JOELHO 90 C/VIS ESGOTO PRIM - DN 100X50;CONEXOES ESGOTO PRIMARIO;;;;;;JOELHO 90 C/VIS ESGOTO PRIM - DN 100X50;CONEXOES ESGOTO PRIMARIO;ESGOTO;PC;Sacos;158.8;114.7;200.0;10.0;3917.40.90;7897801302470;17897801302477;27897801302474;JOELHO 90 C VIS ESGOTO PRIMARIO - DN 100X50;JOELHO;False;;;0.15880000000000002;0.15880000000000002;
623;JOELHO 90 BRANCO C/ANEL - DN 40 X 40;CONEXOES ESGOTO PRIMARIO;;;;;;JOELHO 90 BRANCO C/ANEL -  DN 40 X 40;CONEXOES ESGOTO PRIMARIO;ESGOTO;PC;Sacos;70.0;70.0;46.0;25.0;3917.40.90;7897801308786;17897801308783;27897801308780;JOELHO 90 BRANCO C ANEL - DN 40 X 40;JOELHO;False;40.0;;0.07;0.07;40.0
624;JOELHO AZUL 90 C/VEDACAO - DN 38 X 40;CONEXOES ESGOTO PRIMARIO;;;;;;JOELHO AZUL 90 C/VEDACAO - DN 38 X 40;CONEXOES ESGOTO PRIMARIO;ESGOTO;PC;Sacos;65.0;50.0;65.0;25.0;3917.40.90;7897801307529;17897801307526;27897801307523;JOELHO AZUL 90 C VEDACAO - DN 38 X 40;JOELHO;False;38.0;;0.065;0.065;38.0
626;JUNCAO 45 SIMPLES P/ESGOTO SEC. - DN 40MM;CONEXOES ESGOTO SECUNDARIO;Permite a junção em 45° de uma instalação secundária de esgoto sanitário e águas pluviais na instalação primária.;Utilizada em sistema de esgoto residencial, comercial e industrial, coletando águas pluviais, esgoto sanitário e conduzindo até a rede principal da edificação.;"*Material: PVC (Policloreto de Vinila). 
*Processo: Injeção. 
*Cor: Branco 
*Escoamento por gravidade não submetida à
pressão e ventilação. 
* Temperatura: 45° C";"*ABNT NBR 5681 
*ABNT NBR 5688";"*Bolsa soldável e Bolsa com junta elástica. 
*Leve. 
*Resistente. 
*Estanque. 
* Segura";JUNCAO 45 SIMPLES P/ESGOTO SEC.  - DN 40MM;CONEXOES ESGOTO SECUNDARIO;ESGOTO;PC;Sacos;90.0;46.0;106.0;25.0;3917.40.90;7897801302074;17897801302071;27897801302078;JUNCAO 45 SIMPLES P ESGOTO SECUNDARIO. - DN 40MM;;False;40.0;;0.09;0.09;40.0
627;JUNCAO 45 SIMPLES P/ESGOTO PRIM - DN 50X50;CONEXOES ESGOTO PRIMARIO;Permite a junção em 45° de uma instalação secundária de esgoto sanitário e águas pluviais na instalação primária.;Utilizada em sistema de esgoto residencial, comercial e industrial, coletando águas pluviais, esgoto sanitário e conduzindo até a rede principal da edificação.;"*Material: PVC (Policloreto de Vinila). 
*Processo: Injeção. 
*Cor: Branco 
*Escoamento por gravidade não submetida à
pressão e ventilação. 
* Temperatura: 45° C";"*ABNT NBR 5681 
*ABNT NBR 5688";"*Bolsa soldável e Bolsa com junta elástica. 
*Leve. 
*Resistente. 
*Estanque. 
* Segura";JUNCAO 45 SIMPLES P/ESGOTO PRIM - DN 50X50;CONEXOES ESGOTO PRIMARIO;ESGOTO;PC;Sacos;120.0;63.0;160.0;10.0;3917.40.90;7897801302456;17897801302453;27897801302450;JUNCAO 45 SIMPLES P ESGOTO PRIMARIO - DN 50X50;;False;;;0.12;0.12;
628;JUNCAO 45 SIMPLES P/ESGOTO PRIM - DN 75X75;CONEXOES ESGOTO PRIMARIO;Permite a junção em 45° de uma instalação secundária de esgoto sanitário e águas pluviais na instalação primária.;Utilizada em sistema de esgoto residencial, comercial e industrial, coletando águas pluviais, esgoto sanitário e conduzindo até a rede principal da edificação.;"*Material: PVC (Policloreto de Vinila). 
*Processo: Injeção. 
*Cor: Branco 
*Escoamento por gravidade não submetida à
pressão e ventilação. 
* Temperatura: 45° C";"*ABNT NBR 5681 
*ABNT NBR 5688";"*Bolsa soldável e Bolsa com junta elástica. 
*Leve. 
*Resistente. 
*Estanque. 
* Segura";JUNCAO 45 SIMPLES P/ESGOTO PRIM - DN 75X75;CONEXOES ESGOTO PRIMARIO;ESGOTO;PC;Sacos;205.0;90.0;170.0;10.0;3917.40.90;7897801302593;17897801302590;27897801302597;JUNCAO 45 SIMPLES P ESGOTO PRIMARIO - DN 75X75;;False;;;0.205;0.205;
629;JUNCAO 45 SIMPLES P/ESGOTO PRIM - DN 100X100;CONEXOES ESGOTO PRIMARIO;Permite a junção em 45° de uma instalação secundária de esgoto sanitário e águas pluviais na instalação primária.;Utilizada em sistema de esgoto residencial, comercial e industrial, coletando águas pluviais, esgoto sanitário e conduzindo até a rede principal da edificação.;"*Material: PVC (Policloreto de Vinila). 
*Processo: Injeção. 
*Cor: Branco 
*Escoamento por gravidade não submetida à
pressão e ventilação. 
* Temperatura: 45° C";"*ABNT NBR 5681 
*ABNT NBR 5688";"*Bolsa soldável e Bolsa com junta elástica. 
*Leve. 
*Resistente. 
*Estanque. 
* Segura";JUNCAO 45 SIMPLES P/ESGOTO PRIM - DN 100X100;CONEXOES ESGOTO PRIMARIO;ESGOTO;PC;Sacos;230.0;115.0;265.0;10.0;3917.40.90;7897801301954;17897801301951;27897801301958;JUNCAO 45 SIMPLES P ESGOTO PRIMARIO - DN 100X100;;False;;;0.23;0.23;
630;JUNCAO 45 SIMPLES P/ESGOTO PRIM - DN 150X150;CONEXOES ESGOSTO 150/200;Permite a junção em 45° de uma instalação secundária de esgoto sanitário e águas pluviais na instalação primária.;Utilizada em sistema de esgoto residencial, comercial e industrial, coletando águas pluviais, esgoto sanitário e conduzindo até a rede principal da edificação.;"*Material: PVC (Policloreto de Vinila). 
*Processo: Injeção. 
*Cor: Branco 
*Escoamento por gravidade não submetida à
pressão e ventilação. 
* Temperatura: 45° C";"*ABNT NBR 5681 
*ABNT NBR 5688";"*Bolsa soldável e Bolsa com junta elástica. 
*Leve. 
*Resistente. 
*Estanque. 
* Segura";JUNCAO 45 SIMPLES P/ESGOTO PRIM - DN 150X150;CONEXOES ESGOSTO 150/200;ESGOTO;PC;Sacos;308.0;350.0;308.0;5.0;3917.40.90;7897801307888;17897801307885;27897801307882;JUNCAO 45 SIMPLES P ESGOTO PRIMARIO - DN 150X150;;False;;;0.308;0.308;
633;CURVA 90 ESG. LONGA DN 40;CONEXOES ESGOTO SECUNDARIO;;;;;;CURVA 90 ESG. LONGA DN 40;CONEXOES ESGOTO SECUNDARIO;ESGOTO;PC;Sacos;42.0;180.0;180.0;10.0;3917.40.90;7897801310932;17897801310939;27897801310936;CURVA 90 ESGOTO. LONGA DN 40;JOELHO;False;40.0;;0.042;0.042;40.0
634;CURVA 90 ESG. LONGA DN 50;CONEXOES ESGOTO PRIMARIO;;;;;;CURVA 90 ESG. LONGA DN 50;CONEXOES ESGOTO PRIMARIO;ESGOTO;PC;Sacos;153.0;181.0;60.0;12.0;3917.40.90;7897801310949;17897801310946;27897801310943;CURVA 90 ESGOTO. LONGA DN 50;JOELHO;False;50.0;;0.153;0.153;50.0
635;CURVA 90 ESG. LONGA DN 75;CONEXOES ESGOTO PRIMARIO;;;;;;CURVA 90 ESG. LONGA DN 75;CONEXOES ESGOTO PRIMARIO;ESGOTO;PC;Sacos;390.0;90.0;90.0;10.0;3917.40.90;7897801310956;17897801310953;27897801310950;CURVA 90 ESGOTO. LONGA DN 75;JOELHO;False;75.0;;0.39;0.39;75.0
636;CURVA 90 ESG. LONGA DN 100;CONEXOES ESGOTO PRIMARIO;;;;;;CURVA 90 ESG. LONGA DN 100;CONEXOES ESGOTO PRIMARIO;ESGOTO;PC;Sacos;580.0;110.0;170.0;8.0;3917.40.90;7897801310963;17897801310960;27897801310967;CURVA 90 ESGOTO. LONGA DN 100;JOELHO;False;100.0;;0.58;0.58;100.0
637;CURVA 90 ESG. LONGA DN 150;CONEXOES ESGOTO 150/200;;;;;;CURVA 90 ESG. LONGA DN 150;CONEXOES ESGOTO 150/200;ESGOTO;PC;Sacos;152.0;590.0;590.0;1.0;3917.40.90;7897801310970;17897801310977;27897801310974;CURVA 90 ESGOTO. LONGA DN 150;JOELHO;False;150.0;;0.152;0.152;150.0
638;JUNCAO RED.45 SIMPLES P/ESG.PRIM - DN 75X50;CONEXOES ESGOTO PRIMARIO;Permite a junção em 45° de uma instalação secundária de esgoto sanitário ou águas pluviais na instalação primária, ainda sim reduzindo o diâmetro.;Utilizada em sistema de esgoto residencial, comercial e industrial, coletando águas pluviais, esgoto sanitário e conduzindo até a rede principal da edificação.;"* Material: PVC (Policloreto de Vinila). 
* Processo: Injeção. 
*Cor: Branco 
*Escoamento por gravidade não submetida à
pressão e ventilação. 
* Temperatura: 45° C";"* ABNT NBR 5681 
* ABNT NBR 5688";"* Bolsa com junta elástica. 
* Leve.
*Resistente.
*Estanque.
* Segura.";JUNCAO RED.45 SIMPLES P/ESG.PRIM - DN 75X50;CONEXOES ESGOTO PRIMARIO;ESGOTO;PC;Sacos;153.0;175.0;88.0;10.0;3917.40.90;7897801302609;17897801302606;27897801302603;JUNCAO RED.45 SIMPLES P ESGOTO.PRIMARIO - DN 75X50;;False;;;0.153;0.153;
639;JUNCAO RED.45 SIMPLES P/ESG.PRIM - DN 100X50;CONEXOES ESGOTO PRIMARIO;Permite a junção em 45° de uma instalação secundária de esgoto sanitário ou águas pluviais na instalação primária, ainda sim reduzindo o diâmetro.;Utilizada em sistema de esgoto residencial, comercial e industrial, coletando águas pluviais, esgoto sanitário e conduzindo até a rede principal da edificação.;"* Material: PVC (Policloreto de Vinila). 
* Processo: Injeção. 
*Cor: Branco 
*Escoamento por gravidade não submetida à
pressão e ventilação. 
* Temperatura: 45° C";"* ABNT NBR 5681 
* ABNT NBR 5688";"* Bolsa com junta elástica. 
* Leve.
*Resistente.
*Estanque.
* Segura.";JUNCAO RED.45 SIMPLES P/ESG.PRIM - DN 100X50;CONEXOES ESGOTO PRIMARIO;ESGOTO;PC;Sacos;175.5;115.0;185.0;10.0;3917.40.90;7897801301978;17897801301975;27897801301972;JUNCAO RED.45 SIMPLES P ESGOTO.PRIMARIO - DN 100X50;;False;;;0.1755;0.1755;
640;JUNCAO RED.45 SIMPLES P/ESG.PRIM - DN 100X75;CONEXOES ESGOTO PRIMARIO;Permite a junção em 45° de uma instalação secundária de esgoto sanitário ou águas pluviais na instalação primária, ainda sim reduzindo o diâmetro.;Utilizada em sistema de esgoto residencial, comercial e industrial, coletando águas pluviais, esgoto sanitário e conduzindo até a rede principal da edificação.;"* Material: PVC (Policloreto de Vinila). 
* Processo: Injeção. 
*Cor: Branco 
*Escoamento por gravidade não submetida à
pressão e ventilação. 
* Temperatura: 45° C";"* ABNT NBR 5681 
* ABNT NBR 5688";"* Bolsa com junta elástica. 
* Leve.
*Resistente.
*Estanque.
* Segura.";JUNCAO RED.45 SIMPLES P/ESG.PRIM - DN 100X75;CONEXOES ESGOTO PRIMARIO;ESGOTO;PC;Sacos;200.0;115.0;220.0;10.0;3917.40.90;7897801302586;17897801302583;27897801302580;JUNCAO RED.45 SIMPLES P ESGOTO.PRIMARIO - DN 100X75;;False;;;0.2;0.2;
641;JUNCAO RED.45 SIMPLES P/ESG.PRIM - DN 150X100;CONEXOES ESGOSTO 150/200;Permite a junção em 45° de uma instalação secundária de esgoto sanitário ou águas pluviais na instalação primária, ainda sim reduzindo o diâmetro.;Utilizada em sistema de esgoto residencial, comercial e industrial, coletando águas pluviais, esgoto sanitário e conduzindo até a rede principal da edificação.;"* Material: PVC (Policloreto de Vinila). 
* Processo: Injeção. 
*Cor: Branco 
*Escoamento por gravidade não submetida à
pressão e ventilação. 
* Temperatura: 45° C";"* ABNT NBR 5681 
* ABNT NBR 5688";"* Bolsa com junta elástica. 
* Leve.
*Resistente.
*Estanque.
* Segura.";JUNCAO RED.45 SIMPLES P/ESG.PRIM - DN 150X100;CONEXOES ESGOSTO 150/200;ESGOTO;PC;Sacos;300.0;276.0;276.0;5.0;3917.40.90;7897801308700;17897801308707;27897801308704;JUNCAO RED.45 SIMPLES P ESGOTO.PRIMARIO - DN 150X100;;False;;;0.3;0.3;
644;LUVA ESGOTO SEC. - DN 40;CONEXOES ESGOTO SECUNDARIO;;;;;;LUVA ESGOTO SEC.   - DN 40;CONEXOES ESGOTO SECUNDARIO;ESGOTO;PC;Sacos;46.0;46.0;46.0;25.0;3917.40.90;7897801300292;17897801300299;27897801300296;LUVA ESGOTO SECUNDARIO. - DN 40;LUVA;False;40.0;;0.046;0.046;40.0
645;LUVA ESGOTO PRIM. - DN 50;CONEXOES ESGOTO PRIMARIO;;;;;;LUVA ESGOTO PRIM. - DN 50;CONEXOES ESGOTO PRIMARIO;ESGOTO;PC;Sacos;63.0;63.0;62.5;25.0;3917.40.90;7897801301824;17897801301821;27897801301828;LUVA ESGOTO PRIMARIO. - DN 50;LUVA;False;50.0;;0.063;0.063;50.0
646;LUVA ESGOTO PRIM. - DN 75;CONEXOES ESGOTO PRIMARIO;;;;;;LUVA ESGOTO PRIM. - DN 75;CONEXOES ESGOTO PRIMARIO;ESGOTO;PC;Sacos;87.8;87.8;73.0;10.0;3917.40.90;7897801302142;17897801302149;27897801302146;LUVA ESGOTO PRIMARIO. - DN 75;LUVA;False;75.0;;0.0878;0.0878;75.0
647;LUVA ESGOTO PRIM. - DN 100;CONEXOES ESGOTO PRIMARIO;;;;;;LUVA ESGOTO PRIM. - DN 100;CONEXOES ESGOTO PRIMARIO;ESGOTO;PC;Sacos;114.7;114.7;84.0;10.0;3917.40.90;7897801301800;17897801301807;27897801301804;LUVA ESGOTO PRIMARIO. - DN 100;LUVA;False;100.0;;0.1147;0.1147;100.0
648;LUVA ESGOTO PRIM. - DN 150;CONEXOES ESGOSTO 150/200;;;;;;LUVA ESGOTO PRIM. - DN 150;CONEXOES ESGOSTO 150/200;ESGOTO;PC;Sacos;115.0;169.0;169.0;5.0;3917.40.90;7897801302937;17897801302934;27897801302931;LUVA ESGOTO PRIMARIO. - DN 150;LUVA;False;150.0;;0.115;0.115;150.0
649;LUVA DE CORRER P/TUBO ESG - DN 40;CONEXOES ESGOTO SECUNDARIO;A Luva de Correr Esgoto é utilizada para reparar vazamento de pequenos furos, trincas, em juntas mal executadas ou emendas. Fácil instalação em instalações existentes e dispensa o uso do adesivo ou rosca por possuir nas duas extremidades anéis de borracha para vedação.;"Podem ser aplicadas na manutenção de fissuras nas tubulações hidro sanitária de modo a corrigir a não conformidade apresentado no sistema de escoar os efluentes de aparelhos sanitários, para conduzir água pluvial ou até mesmo para instalações prediais de esgoto e ventilação; inseridos na vertical ou na horizontal de obras residenciais, comerciais e industriais.";"*Material: PVC (Policloreto de Vinila). 
*Processo: Injeção. 
*Cor: Branco 
*Escoamento por gravidade não submetida à
pressão e ventilação. 
* Temperatura: 45° C";"* ABNT NBR 5681 
*ABNT NBR 5688";"*Fácil aplicação, não necessita o uso de
adesivo plástico, ótima durabilidade e
versatilidade. 
*Total estanque devido aos anéis de
vedação. 
* Material não corrosivo.";LUVA DE CORRER P/TUBO ESG - DN 40;CONEXOES ESGOTO SECUNDARIO;ESGOTO;PC;Sacos;50.1;50.1;66.5;10.0;3917.40.90;7897801302524;17897801302521;27897801302528;LUVA DE CORRER P TUBO ESGOTO - DN 40;TUBO;True;40.0;;0.0501;0.0501;40.0
650;LUVA DE CORRER P/TUBO ESG - DN 50;CONEXOES ESGOTO PRIMARIO;A Luva de Correr Esgoto é utilizada para reparar vazamento de pequenos furos, trincas, em juntas mal executadas ou emendas. Fácil instalação em instalações existentes e dispensa o uso do adesivo ou rosca por possuir nas duas extremidades anéis de borracha para vedação.;"Podem ser aplicadas na manutenção de fissuras nas tubulações hidro sanitária de modo a corrigir a não conformidade apresentado no sistema de escoar os efluentes de aparelhos sanitários, para conduzir água pluvial ou até mesmo para instalações prediais de esgoto e ventilação; inseridos na vertical ou na horizontal de obras residenciais, comerciais e industriais.";"*Material: PVC (Policloreto de Vinila). 
*Processo: Injeção. 
*Cor: Branco 
*Escoamento por gravidade não submetida à
pressão e ventilação. 
* Temperatura: 45° C";"* ABNT NBR 5681 
*ABNT NBR 5688";"*Fácil aplicação, não necessita o uso de
adesivo plástico, ótima durabilidade e
versatilidade. 
*Total estanque devido aos anéis de
vedação. 
* Material não corrosivo.";LUVA DE CORRER P/TUBO ESG - DN 50;CONEXOES ESGOTO PRIMARIO;ESGOTO;PC;Sacos;65.0;65.0;80.0;10.0;3917.40.90;7897801302531;17897801302538;27897801302535;LUVA DE CORRER P TUBO ESGOTO - DN 50;TUBO;True;50.0;;0.065;0.065;50.0
651;LUVA DE CORRER P/TUBO ESG - DN 75;CONEXOES ESGOTO PRIMARIO;A Luva de Correr Esgoto é utilizada para reparar vazamento de pequenos furos, trincas, em juntas mal executadas ou emendas. Fácil instalação em instalações existentes e dispensa o uso do adesivo ou rosca por possuir nas duas extremidades anéis de borracha para vedação.;"Podem ser aplicadas na manutenção de fissuras nas tubulações hidro sanitária de modo a corrigir a não conformidade apresentado no sistema de escoar os efluentes de aparelhos sanitários, para conduzir água pluvial ou até mesmo para instalações prediais de esgoto e ventilação; inseridos na vertical ou na horizontal de obras residenciais, comerciais e industriais.";"*Material: PVC (Policloreto de Vinila). 
*Processo: Injeção. 
*Cor: Branco 
*Escoamento por gravidade não submetida à
pressão e ventilação. 
* Temperatura: 45° C";"* ABNT NBR 5681 
*ABNT NBR 5688";"*Fácil aplicação, não necessita o uso de
adesivo plástico, ótima durabilidade e
versatilidade. 
*Total estanque devido aos anéis de
vedação. 
* Material não corrosivo.";LUVA DE CORRER P/TUBO ESG - DN 75;CONEXOES ESGOTO PRIMARIO;ESGOTO;PC;Sacos;88.0;88.0;90.0;10.0;3917.40.90;7897801302548;17897801302545;27897801302542;LUVA DE CORRER P TUBO ESGOTO - DN 75;TUBO;True;75.0;;0.088;0.088;75.0
652;LUVA DE CORRER P/TUBO ESG - DN 100;CONEXOES ESGOTO PRIMARIO;A Luva de Correr Esgoto é utilizada para reparar vazamento de pequenos furos, trincas, em juntas mal executadas ou emendas. Fácil instalação em instalações existentes e dispensa o uso do adesivo ou rosca por possuir nas duas extremidades anéis de borracha para vedação.;"Podem ser aplicadas na manutenção de fissuras nas tubulações hidro sanitária de modo a corrigir a não conformidade apresentado no sistema de escoar os efluentes de aparelhos sanitários, para conduzir água pluvial ou até mesmo para instalações prediais de esgoto e ventilação; inseridos na vertical ou na horizontal de obras residenciais, comerciais e industriais.";"*Material: PVC (Policloreto de Vinila). 
*Processo: Injeção. 
*Cor: Branco 
*Escoamento por gravidade não submetida à
pressão e ventilação. 
* Temperatura: 45° C";"* ABNT NBR 5681 
*ABNT NBR 5688";"*Fácil aplicação, não necessita o uso de
adesivo plástico, ótima durabilidade e
versatilidade. 
*Total estanque devido aos anéis de
vedação. 
* Material não corrosivo.";LUVA DE CORRER P/TUBO ESG - DN 100;CONEXOES ESGOTO PRIMARIO;ESGOTO;PC;Sacos;114.7;114.7;133.0;10.0;3917.40.90;7897801302555;17897801302552;27897801302559;LUVA DE CORRER P TUBO ESGOTO - DN 100;TUBO;True;100.0;;0.1147;0.1147;100.0
653;LUVA DE CORRER P/TUBO ESG - DN 150;CONEXOES ESGOSTO 150/200;A Luva de Correr Esgoto é utilizada para reparar vazamento de pequenos furos, trincas, em juntas mal executadas ou emendas. Fácil instalação em instalações existentes e dispensa o uso do adesivo ou rosca por possuir nas duas extremidades anéis de borracha para vedação.;"Podem ser aplicadas na manutenção de fissuras nas tubulações hidro sanitária de modo a corrigir a não conformidade apresentado no sistema de escoar os efluentes de aparelhos sanitários, para conduzir água pluvial ou até mesmo para instalações prediais de esgoto e ventilação; inseridos na vertical ou na horizontal de obras residenciais, comerciais e industriais.";"*Material: PVC (Policloreto de Vinila). 
*Processo: Injeção. 
*Cor: Branco 
*Escoamento por gravidade não submetida à
pressão e ventilação. 
* Temperatura: 45° C";"* ABNT NBR 5681 
*ABNT NBR 5688";"*Fácil aplicação, não necessita o uso de
adesivo plástico, ótima durabilidade e
versatilidade. 
*Total estanque devido aos anéis de
vedação. 
* Material não corrosivo.";LUVA DE CORRER P/TUBO ESG - DN 150;CONEXOES ESGOSTO 150/200;ESGOTO;PC;Sacos;163.8;140.0;163.8;5.0;3917.40.90;7897801308090;17897801308097;27897801308094;LUVA DE CORRER P TUBO ESGOTO - DN 150;TUBO;True;150.0;;0.1638;0.1638;150.0
654;REDUCAO EXCENTRICA ESGOTO PRIM - DN 75X50;CONEXOES ESGOTO PRIMARIO;;;;;;REDUCAO EXCENTRICA ESGOTO PRIM - DN   75X50;CONEXOES ESGOTO PRIMARIO;ESGOTO;PC;Sacos;75.5;75.5;107.5;10.0;3917.40.90;7897801302104;17897801302101;27897801302108;REDUCAO EXCENTRICA ESGOTO PRIMARIO - DN 75X50;REDUCAO;False;;;0.0755;0.0755;
655;REDUCAO EXCENTRICA ESGOTO PRIM - DN 100X50;CONEXOES ESGOTO PRIMARIO;;;;;;REDUCAO EXCENTRICA ESGOTO PRIM - DN 100X50;CONEXOES ESGOTO PRIMARIO;ESGOTO;PC;Sacos;100.0;135.0;100.0;10.0;3917.40.90;7897801301657;17897801301654;27897801301651;REDUCAO EXCENTRICA ESGOTO PRIMARIO - DN 100X50;REDUCAO;False;;;0.1;0.1;
656;REDUCAO EXCENTRICA ESGOTO PRIM - DN 100X75;CONEXOES ESGOTO PRIMARIO;;;;;;REDUCAO EXCENTRICA ESGOTO PRIM - DN 100X75;CONEXOES ESGOTO PRIMARIO;ESGOTO;PC;Sacos;101.6;101.6;122.0;10.0;3917.40.90;7897801302159;17897801302156;27897801302153;REDUCAO EXCENTRICA ESGOTO PRIMARIO - DN 100X75;REDUCAO;False;;;0.1016;0.1016;
657;REDUCAO EXCENTRICA ESGOTO PRIM - DN 150X100;CONEXOES ESGOSTO 150/200;;;;;;REDUCAO EXCENTRICA ESGOTO PRIM - DN 150X100;CONEXOES ESGOSTO 150/200;ESGOTO;PC;Sacos;150.0;150.0;150.0;5.0;3917.40.90;7897801301459;17897801301456;27897801301453;REDUCAO EXCENTRICA ESGOTO PRIMARIO - DN 150X100;REDUCAO;False;;;0.15;0.15;
658;TE ESGOTO SEC. - DN 40;CONEXOES ESGOTO SECUNDARIO;;;;;;TE ESGOTO SEC. - DN 40;CONEXOES ESGOTO SECUNDARIO;ESGOTO;PC;Sacos;88.0;46.0;67.0;25.0;3917.40.90;7897801300278;17897801300275;27897801300272;TE ESGOTO SECUNDARIO. - DN 40;TE;False;40.0;;0.088;0.088;40.0
659;TE ESGOTO PRIM. - DN 50X50;CONEXOES ESGOTO PRIMARIO;;;;;;TE ESGOTO PRIM. - DN 50X50;CONEXOES ESGOTO PRIMARIO;ESGOTO;PC;Sacos;110.5;63.0;152.5;10.0;3917.40.90;7897801301497;17897801301494;27897801301491;TE ESGOTO PRIMARIO. - DN 50X50;TE;False;;;0.1105;0.1105;
660;TE ESGOTO PRIM. - DN 75X75;CONEXOES ESGOTO PRIMARIO;;;;;;TE ESGOTO PRIM. - DN 75X75;CONEXOES ESGOTO PRIMARIO;ESGOTO;PC;Sacos;143.9;87.8;184.0;10.0;3917.40.90;7897801301756;17897801301753;27897801301750;TE ESGOTO PRIMARIO. - DN 75X75;TE;False;;;0.1439;0.1439;
661;TE ESGOTO PRIM. - DN 100X100;CONEXOES ESGOTO PRIMARIO;;;;;;TE ESGOTO PRIM. - DN 100X100;CONEXOES ESGOTO PRIMARIO;ESGOTO;PC;Sacos;177.3;114.7;224.0;10.0;3917.40.90;7897801301268;17897801301265;27897801301262;TE ESGOTO PRIMARIO. - DN 100X100;TE;False;;;0.1773;0.1773;
662;TE ESGOTO PRIM. - DN 150X150;CONEXOES ESGOSTO 150/200;;;;;;TE ESGOTO PRIM. - DN 150X150;CONEXOES ESGOSTO 150/200;ESGOTO;PC;Sacos;259.5;169.0;296.0;5.0;3917.40.90;7897801303019;17897801303016;27897801303013;TE ESGOTO PRIMARIO. - DN 150X150;TE;False;;;0.2595;0.2595;
663;TE REDUCAO P/ESGOTO PRIM - DN 75X50;CONEXOES ESGOTO PRIMARIO;;;;;;TE REDUCAO P/ESGOTO PRIM - DN 75X50;CONEXOES ESGOTO PRIMARIO;ESGOTO;PC;Sacos;133.9;87.8;160.0;10.0;3917.40.90;7897801302487;17897801302484;27897801302481;TE REDUCAO P ESGOTO PRIMARIO - DN 75X50;TE;False;;;0.13390000000000002;0.13390000000000002;
664;TE REDUCAO P/ESGOTO PRIM - DN 100X50;CONEXOES ESGOTO PRIMARIO;;;;;;TE REDUCAO P/ESGOTO PRIM - DN 100X50;CONEXOES ESGOTO PRIMARIO;ESGOTO;PC;Sacos;160.0;114.7;167.0;10.0;3917.40.90;7897801301480;17897801301487;27897801301484;TE REDUCAO P ESGOTO PRIMARIO - DN 100X50;TE;False;;;0.16;0.16;
665;TE REDUCAO P/ESGOTO PRIM - DN 100X75;CONEXOES ESGOTO PRIMARIO;;;;;;TE REDUCAO P/ESGOTO PRIM - DN 100X75;CONEXOES ESGOTO PRIMARIO;ESGOTO;PC;Sacos;168.8;114.7;197.0;10.0;3917.40.90;7897801302463;17897801302460;27897801302467;TE REDUCAO P ESGOTO PRIMARIO - DN 100X75;TE;False;;;0.1688;0.1688;
666;TE REDUCAO P/ESGOTO PRIM - DN 150X100;CONEXOES ESGOSTO 150/200;;;;;;TE REDUCAO P/ESGOTO PRIM - DN 150X100;CONEXOES ESGOSTO 150/200;ESGOTO;PC;Sacos;218.2;246.0;218.2;5.0;3917.40.90;7897801307451;17897801307458;27897801307455;TE REDUCAO P ESGOTO PRIMARIO - DN 150X100;TE;False;;;0.21819999999999998;0.21819999999999998;
668;VALVULA DE RETENCAO DE ESGOTO DN 100;VALVULAS DE RETENCAO PARA ESGOTO;Evitar o retorno e o refluxo nas instalações prediais de esgoto e águas pluviais, principalmente nos casos de inundações, enchentes, entupimentos ou ainda vazões elevadas nos períodos de fortes chuvas.;Utilizada em sistemas prediais de esgoto sanitário impossibilitando retorno de efluentes para o ambiente da edificação, através da diferença de nível existente entre logradouro e residência, antes da saída do esgoto na rede coletora pública ou em fossas sépticas.;"*Material: PVC (Policloreto de Vinila). 
*Processo: Injeção. 
*Cor: Branco. 
*Conexão Bolsa / Bolsa. 
* Temperatura: 45° C. 
*Portinhola de fechamento com vedação em
borracha.";"*ABNT NBR 8110 
*ABNT NBR 5688";"*Facilidade de instalação. 
*Estanqueidade em junta elástica. 
*Fácil solução para limpeza e desobstrução
Da rede devido sua tampa roscável. 
*Impede o retorno do mau cheiro para o
interior da edificação. 
*Superfície interna lisa, não incrusta.";VALVULA DE RETENCAO DE ESGOTO DN 100;VALVULAS DE RETENCAO PARA ESGOTO;ESGOTO;PC;Sacos;167.0;195.0;203.0;1.0;8481.30.00;7897801311199;17897801311196;27897801311193;VALVULA DE RETENCAO DE ESGOTO DN 100;VALVULA;False;100.0;;0.167;0.167;100.0
669;VALVULA DE RETENCAO DE ESGOTO DN 150;VALVULAS DE RETENCAO PARA ESGOTO;Evitar o retorno e o refluxo nas instalações prediais de esgoto e águas pluviais, principalmente nos casos de inundações, enchentes, entupimentos ou ainda vazões elevadas nos períodos de fortes chuvas.;Utilizada em sistemas prediais de esgoto sanitário impossibilitando retorno de efluentes para o ambiente da edificação, através da diferença de nível existente entre logradouro e residência, antes da saída do esgoto na rede coletora pública ou em fossas sépticas.;"*Material: PVC (Policloreto de Vinila). 
*Processo: Injeção. 
*Cor: Branco. 
*Conexão Bolsa / Bolsa. 
* Temperatura: 45° C. 
*Portinhola de fechamento com vedação em
borracha.";"*ABNT NBR 8110 
*ABNT NBR 5688";"*Facilidade de instalação. 
*Estanqueidade em junta elástica. 
*Fácil solução para limpeza e desobstrução
Da rede devido sua tampa roscável. 
*Impede o retorno do mau cheiro para o
interior da edificação. 
*Superfície interna lisa, não incrusta.";VALVULA DE RETENCAO DE ESGOTO DN 150;VALVULAS DE RETENCAO PARA ESGOTO;ESGOTO;PC;Caixa;305.0;230.0;220.0;1.0;8481.30.00;7897801316774;17897801316771;27897801316778;VALVULA DE RETENCAO DE ESGOTO DN 150;VALVULA;False;150.0;;0.305;0.305;150.0
670;ANEL DE VEDACAO P/ESG. DN 40;ANEIS VEDACAO P/ESGOTO;;;;;;ANEL DE VEDACAO P/ESG. DN 40;ANEIS VEDACAO P/ESGOTO;ESGOTO;PC;Sacos;48.0;48.0;5.0;50.0;4016.93.00;7897801302357;17897801302354;27897801302351;ANEL DE VEDACAO P ESGOTO. DN 40;;False;40.0;;0.048;0.048;40.0
671;ANEL DE VEDACAO P/ESG. DN 50;ANEIS VEDACAO P/ESGOTO;;;;;;ANEL DE VEDACAO P/ESG. DN 50;ANEIS VEDACAO P/ESGOTO;ESGOTO;PC;Sacos;63.0;63.0;6.0;50.0;4016.93.00;7897801302364;17897801302361;27897801302368;ANEL DE VEDACAO P ESGOTO. DN 50;;False;50.0;;0.063;0.063;50.0
672;ANEL DE VEDACAO P/ESG. DN 75;ANEIS VEDACAO P/ESGOTO;;;;;;ANEL DE VEDACAO P/ESG. DN 75;ANEIS VEDACAO P/ESGOTO;ESGOTO;PC;Sacos;89.0;89.0;6.0;25.0;4016.93.00;7897801302371;17897801302378;27897801302375;ANEL DE VEDACAO P ESGOTO. DN 75;;False;75.0;;0.089;0.089;75.0
673;ANEL DE VEDACAO P/ESG. DN 100;ANEIS VEDACAO P/ESGOTO;;;;;;ANEL DE VEDACAO P/ESG. DN 100;ANEIS VEDACAO P/ESGOTO;ESGOTO;PC;Sacos;116.0;116.0;6.0;25.0;4016.93.00;7897801302388;17897801302385;27897801302382;ANEL DE VEDACAO P ESGOTO. DN 100;;False;100.0;;0.116;0.116;100.0
674;ANEL DE VEDACAO P/ESG. DN 150;ANEIS VEDACAO P/ESGOTO;;;;;;ANEL DE VEDACAO P/ESG. DN 150;ANEIS VEDACAO P/ESGOTO;ESGOTO;PC;Sacos;163.0;163.0;9.0;15.0;4016.93.00;7897801302395;17897801302392;27897801302399;ANEL DE VEDACAO P ESGOTO. DN 150;;False;150.0;;0.163;0.163;150.0
675;PASTA LUBRIFICANTE 160 G;ADESIVOS PLASTICOS;;;;;;PASTA LUBRIFICANTE 160 G;ADESIVOS PLASTICOS;ESGOTO;PC;Caixas;150.0;45.0;70.0;24.0;3401.19.00;7897801302708;17897801302705;27897801302702;PASTA LUBRIFICANTE 160 G;PASTA LUBRIFICANTE;False;;;0.15;0.15;
676;PASTA LUBRIFICANTE 400 G;ADESIVOS PLASTICOS;;;;;;PASTA LUBRIFICANTE 400 G;ADESIVOS PLASTICOS;ESGOTO;PC;Caixas;180.0;70.0;100.0;12.0;3401.19.00;7897801302715;17897801302712;27897801302719;PASTA LUBRIFICANTE 400 G;PASTA LUBRIFICANTE;False;;;0.18;0.18;
677;PASTA LUBRIFICANTE 1 KG;ADESIVOS PLASTICOS;;;;;;PASTA LUBRIFICANTE 1 KG;ADESIVOS PLASTICOS;ESGOTO;PC;Caixas;170.0;40.0;100.0;6.0;3401.19.00;7897801302722;17897801302729;27897801302726;PASTA LUBRIFICANTE 1 KG;PASTA LUBRIFICANTE;False;;;0.17;0.17;
678;ANEL DE VEDACAO P/ESG. DN 200;ANEIS VEDACAO P/ESGOTO;;;;;;ANEL DE VEDACAO P/ESG. DN 200;ANEIS VEDACAO P/ESGOTO;ESGOTO;PC;Sacos;210.0;12.0;210.0;5.0;4016.93.00;7897801309233;17897801309230;27897801309237;ANEL DE VEDACAO P ESGOTO. DN 200;;False;200.0;;0.21;0.21;200.0
680;ASSENTO SANITARIO PREMIER BRANCO;ASSENTOS SANITARIOS;Proporcionar acabamento a louça sanitária garantindo conforto e higiene ao usuário.;Compatível com louças sanitárias de padrão oval e que possuem furos entre 140mm a 150mm, em instalação sanitária residencial, comercial e industrial.;"*Material: Assento e Tampa em polipropileno
(PP) e o parafuso de fixação é Polietileno de
alta densidade (PEAD). 
*Processo: Injeção.
*Cor: Branco.
*Componentes: Tampa, assento e parafusos.";*ABNT NBR 16729;"*Embalagem termoencolhível.
*Assento com tampa envolvente. 
* Acompanha o conjunto de fixação. 
*Estrutura mais firme.
*Instalação simples e rápida.
*Durável e resistente, não racha. 
*Superfície lisa, fácil de limpar.
*Diversas opções de cores: branco, caramelo,
cinza claro e bege.";ASSENTO SANITARIO PREMIER BRANCO;ASSENTOS SANITARIOS;ACESSÓRIOS;PC;Caixas;447.0;28.0;360.0;6.0;3922.20.00;7897801308175;17897801308172;27897801308179;ASSENTO SANITARIO PREMIER BRANCO;;False;;;0.447;0.447;
681;ASSENTO SANITARIO PREMIER CARAMELO;ASSENTOS SANITARIOS;Proporcionar acabamento a louça sanitária garantindo conforto e higiene ao usuário.;Compatível com louças sanitárias de padrão oval e que possuem furos entre 140mm a 150mm, em instalação sanitária residencial, comercial e industrial.;"*Material: Assento e Tampa em polipropileno
(PP) e o parafuso de fixação é Polietileno de
alta densidade (PEAD). 
*Processo: Injeção.
*Cor: Branco.
*Componentes: Tampa, assento e parafusos.";*ABNT NBR 16729;"*Embalagem termoencolhível.
*Assento com tampa envolvente. 
* Acompanha o conjunto de fixação. 
*Estrutura mais firme.
*Instalação simples e rápida.
*Durável e resistente, não racha. 
*Superfície lisa, fácil de limpar.
*Diversas opções de cores: branco, caramelo,
cinza claro e bege.";ASSENTO SANITARIO PREMIER CARAMELO;ASSENTOS SANITARIOS;ACESSÓRIOS;PC;Caixas;447.0;28.0;360.0;6.0;3922.20.00;7897801308182;17897801308189;27897801308186;ASSENTO SANITARIO PREMIER CARAMELO;;False;;;0.447;0.447;
682;ASSENTO SANITARIO PREMIER CINZA CLARO;ASSENTOS SANITARIOS;Proporcionar acabamento a louça sanitária garantindo conforto e higiene ao usuário.;Compatível com louças sanitárias de padrão oval e que possuem furos entre 140mm a 150mm, em instalação sanitária residencial, comercial e industrial.;"*Material: Assento e Tampa em polipropileno
(PP) e o parafuso de fixação é Polietileno de
alta densidade (PEAD). 
*Processo: Injeção.
*Cor: Branco.
*Componentes: Tampa, assento e parafusos.";*ABNT NBR 16729;"*Embalagem termoencolhível.
*Assento com tampa envolvente. 
* Acompanha o conjunto de fixação. 
*Estrutura mais firme.
*Instalação simples e rápida.
*Durável e resistente, não racha. 
*Superfície lisa, fácil de limpar.
*Diversas opções de cores: branco, caramelo,
cinza claro e bege.";ASSENTO SANITARIO PREMIER CINZA CLARO;ASSENTOS SANITARIOS;ACESSÓRIOS;PC;Caixas;447.0;28.0;360.0;6.0;3922.20.00;7897801308199;17897801308196;27897801308193;ASSENTO SANITARIO PREMIER CINZA CLARO;;False;;;0.447;0.447;
683;ASSENTO SANITARIO PREMIER BEGE;ASSENTOS SANITARIOS;Proporcionar acabamento a louça sanitária garantindo conforto e higiene ao usuário.;Compatível com louças sanitárias de padrão oval e que possuem furos entre 140mm a 150mm, em instalação sanitária residencial, comercial e industrial.;"*Material: Assento e Tampa em polipropileno
(PP) e o parafuso de fixação é Polietileno de
alta densidade (PEAD). 
*Processo: Injeção.
*Cor: Branco.
*Componentes: Tampa, assento e parafusos.";*ABNT NBR 16729;"*Embalagem termoencolhível.
*Assento com tampa envolvente. 
* Acompanha o conjunto de fixação. 
*Estrutura mais firme.
*Instalação simples e rápida.
*Durável e resistente, não racha. 
*Superfície lisa, fácil de limpar.
*Diversas opções de cores: branco, caramelo,
cinza claro e bege.";ASSENTO SANITARIO PREMIER BEGE;ASSENTOS SANITARIOS;ACESSÓRIOS;PC;Caixas;447.0;28.0;360.0;6.0;3922.20.00;7897801308205;17897801308202;27897801308209;ASSENTO SANITARIO PREMIER BEGE;;False;;;0.447;0.447;
700;JUNCAO RED INVERTIDA ESGOTO PRIM. - DN 75X50;CONEXOES ESGOTO PRIMARIO;Permite a junção em 45° de uma instalação secundária de esgoto sanitário ou águas pluviais na instalação primária, ainda sim reduzindo o diâmetro.;Utilizada em sistema de esgoto residencial, comercial e industrial, coletando águas pluviais, esgoto sanitário e conduzindo até a rede principal da edificação.;"*Material: PVC (Policloreto de Vinila). 
*Processo: Injeção. 
*Cor: Branco
*Escoamento por gravidade não submetida à
pressão e ventilação. 
* Temperatura: 45° C";"* ABNT NBR 5681 
* ABNT NBR 5688";"*Bolsa com junta elástica. 
*Leve. 
*Resistente. 
*Estanque. 
* Segura";JUNCAO RED INVERTIDA ESGOTO PRIM. - DN 75X50;CONEXOES ESGOTO PRIMARIO;ESGOTO;PC;Sacos;420.0;140.0;460.0;5.0;3917.40.90;7897801312110;17897801312117;27897801312114;JUNCAO RED INVERTIDA ESGOTO PRIMARIO. - DN 75X50;;False;;;0.42;0.42;
701;JUNCAO RED INVERTIDA ESGOTO PRIM. - DN 100X50;CONEXOES ESGOTO PRIMARIO;Permite a junção em 45° de uma instalação secundária de esgoto sanitário ou águas pluviais na instalação primária, ainda sim reduzindo o diâmetro.;Utilizada em sistema de esgoto residencial, comercial e industrial, coletando águas pluviais, esgoto sanitário e conduzindo até a rede principal da edificação.;"*Material: PVC (Policloreto de Vinila). 
*Processo: Injeção. 
*Cor: Branco
*Escoamento por gravidade não submetida à
pressão e ventilação. 
* Temperatura: 45° C";"* ABNT NBR 5681 
* ABNT NBR 5688";"*Bolsa com junta elástica. 
*Leve. 
*Resistente. 
*Estanque. 
* Segura";JUNCAO RED INVERTIDA ESGOTO PRIM. - DN 100X50;CONEXOES ESGOTO PRIMARIO;ESGOTO;PC;Sacos;190.0;110.0;170.0;5.0;3917.40.90;7897801312547;17897801312544;27897801312541;JUNCAO RED INVERTIDA ESGOTO PRIMARIO. - DN 100X50;;False;;;0.19;0.19;
702;JUNCAO RED INVERTIDA ESGOTO PRIM. - DN 100X75;CONEXOES ESGOTO PRIMARIO;Permite a junção em 45° de uma instalação secundária de esgoto sanitário ou águas pluviais na instalação primária, ainda sim reduzindo o diâmetro.;Utilizada em sistema de esgoto residencial, comercial e industrial, coletando águas pluviais, esgoto sanitário e conduzindo até a rede principal da edificação.;"*Material: PVC (Policloreto de Vinila). 
*Processo: Injeção. 
*Cor: Branco
*Escoamento por gravidade não submetida à
pressão e ventilação. 
* Temperatura: 45° C";"* ABNT NBR 5681 
* ABNT NBR 5688";"*Bolsa com junta elástica. 
*Leve. 
*Resistente. 
*Estanque. 
* Segura";JUNCAO RED INVERTIDA ESGOTO PRIM. - DN 100X75;CONEXOES ESGOTO PRIMARIO;ESGOTO;PC;Sacos;220.0;100.0;220.0;5.0;3917.40.90;7897801312554;17897801312551;27897801312558;JUNCAO RED INVERTIDA ESGOTO PRIMARIO. - DN 100X75;;False;;;0.22;0.22;
704;JUNCAO INVERTIDA ESGOTO PRIM. - DN 75X75;CONEXOES ESGOTO PRIMARIO;Permite a junção em 45° de uma instalação secundária de esgoto sanitário ou águas pluviais na instalação primária.;Utilizada em sistema de esgoto residencial, comercial e industrial, coletando águas pluviais, esgoto sanitário e conduzindo até a rede principal da edificação.;"*Material: PVC (Policloreto de Vinila). 
*Processo: Injeção. 
*Cor: Branco 
*Escoamento por gravidade não submetida à
pressão e ventilação. 
* Temperatura: 45° C";"*ABNT NBR 5681
*ABNT NBR 5688";"*Bolsa com junta elástica. 
*Leve. 
*Leve. 
* Estanque. 
* Segura";JUNCAO INVERTIDA ESGOTO PRIM. - DN 75X75;CONEXOES ESGOTO PRIMARIO;ESGOTO;PC;Sacos;380.0;150.0;500.0;5.0;3917.40.90;7897801312103;17897801312100;27897801312107;JUNCAO INVERTIDA ESGOTO PRIMARIO. - DN 75X75;;False;;;0.38;0.38;
708;JUNCAO DUPLA ESGOTO PRIM - DN 75X75;CONEXOES ESGOTO PRIMARIO;Permite a junção em 45° de uma instalação secundária de esgoto sanitário ou águas pluviais na instalação primária, ainda sim com dupla ligação.;Utilizada em sistema de esgoto residencial, comercial e industrial, coletando águas pluviais, esgoto sanitário e conduzindo até a rede principal da edificação.;"*Material: PVC (Policloreto de Vinila). 
*Processo: Injeção. 
*Cor: Branco
*Escoamento por gravidade não submetida à
pressão e ventilação. 
* Temperatura: 45° C";"*ABNT NBR 5681 
*ABNT NBR 5688";"* Bolsa com junta elástica. 
* Leve.
*Resistente.
*Estanque.
* Segura.";JUNCAO DUPLA ESGOTO PRIM - DN 75X75;CONEXOES ESGOTO PRIMARIO;ESGOTO;PC;Sacos;370.0;160.0;570.0;8.0;3917.40.90;7897801312097;17897801312094;27897801312091;JUNCAO DUPLA ESGOTO PRIMARIO - DN 75X75;;False;;;0.37;0.37;
709;JUNCAO INVERTIDA ESGOTO PRIM. - DN 100X100;CONEXOES ESGOTO PRIMARIO;Permite a junção em 45° de uma instalação secundária de esgoto sanitário ou águas pluviais na instalação primária.;Utilizada em sistema de esgoto residencial, comercial e industrial, coletando águas pluviais, esgoto sanitário e conduzindo até a rede principal da edificação.;"*Material: PVC (Policloreto de Vinila). 
*Processo: Injeção. 
*Cor: Branco 
*Escoamento por gravidade não submetida à
pressão e ventilação. 
* Temperatura: 45° C";"*ABNT NBR 5681
*ABNT NBR 5688";pressão e ventilação.;JUNCAO INVERTIDA ESGOTO PRIM. - DN 100X100;CONEXOES ESGOTO PRIMARIO;ESGOTO;PC;Sacos;260.0;110.0;220.0;5.0;3917.40.90;7897801312134;17897801312131;27897801312138;JUNCAO INVERTIDA ESGOTO PRIMARIO. - DN 100X100;;False;;;0.26;0.26;
710;JUNCAO DUPLA ESGOTO PRIM - DN 100X100;CONEXOES ESGOTO PRIMARIO;Permite a junção em 45° de uma instalação secundária de esgoto sanitário ou águas pluviais na instalação primária, ainda sim com dupla ligação.;Utilizada em sistema de esgoto residencial, comercial e industrial, coletando águas pluviais, esgoto sanitário e conduzindo até a rede principal da edificação.;"*Material: PVC (Policloreto de Vinila). 
*Processo: Injeção. 
*Cor: Branco
*Escoamento por gravidade não submetida à
pressão e ventilação. 
* Temperatura: 45° C";"*ABNT NBR 5681 
*ABNT NBR 5688";"* Bolsa com junta elástica. 
* Leve.
*Resistente.
*Estanque.
* Segura.";JUNCAO DUPLA ESGOTO PRIM - DN 100X100;CONEXOES ESGOTO PRIMARIO;ESGOTO;PC;Sacos;260.0;100.0;330.0;5.0;3917.40.90;7897801312561;17897801312568;27897801312565;JUNCAO DUPLA ESGOTO PRIMARIO - DN 100X100;;False;;;0.26;0.26;
714;JOELHO 45 ESGOTO PRIM - DN 200;CONEXOES ESGOSTO 150/200;;;;;;JOELHO 45 ESGOTO PRIM - DN 200;CONEXOES ESGOSTO 150/200;ESGOTO;PC;Sacos;260.0;220.0;270.0;1.0;3917.40.90;7897801312479;17897801312476;27897801312473;JOELHO 45 ESGOTO PRIMARIO - DN 200;JOELHO;False;200.0;;0.26;0.26;200.0
716;JOELHO 90 ESGOTO PRIM - DN 200;CONEXOES ESGOSTO 150/200;;;;;;JOELHO 90 ESGOTO PRIM - DN 200;CONEXOES ESGOSTO 150/200;ESGOTO;PC;Sacos;310.0;310.0;210.0;1.0;3917.40.90;7897801312486;17897801312483;27897801312480;JOELHO 90 ESGOTO PRIMARIO - DN 200;JOELHO;False;200.0;;0.31;0.31;200.0
718;JUNCAO 45 SIMPLES P/ESGOTO PRIM - DN 200X200;CONEXOES ESGOSTO 150/200;Permite a junção em 45° de uma instalação secundária de esgoto sanitário e águas pluviais na instalação primária.;Utilizada em sistema de esgoto residencial, comercial e industrial, coletando águas pluviais, esgoto sanitário e conduzindo até a rede principal da edificação.;"*Material: PVC (Policloreto de Vinila). 
*Processo: Injeção. 
*Cor: Branco 
*Escoamento por gravidade não submetida à
pressão e ventilação. 
* Temperatura: 45° C";"*ABNT NBR 5681 
*ABNT NBR 5688";"*Bolsa soldável e Bolsa com junta elástica. 
*Leve. 
*Resistente. 
*Estanque. 
* Segura";JUNCAO 45 SIMPLES P/ESGOTO PRIM - DN 200X200;CONEXOES ESGOSTO 150/200;ESGOTO;PC;Sacos;440.0;240.0;440.0;1.0;3917.40.90;7897801312493;17897801312490;27897801312497;JUNCAO 45 SIMPLES P ESGOTO PRIMARIO - DN 200X200;;False;;;0.44;0.44;
720;LUVA ESGOTO PRIM. - DN 200;CONEXOES ESGOSTO 150/200;;;;;;LUVA ESGOTO PRIM. - DN 200;CONEXOES ESGOSTO 150/200;ESGOTO;PC;Sacos;210.0;140.0;210.0;1.0;3917.40.90;7897801312509;17897801312506;27897801312503;LUVA ESGOTO PRIMARIO. - DN 200;LUVA;False;200.0;;0.21;0.21;200.0
722;LUVA DE CORRER P/TUBO ESG - DN 200;CONEXOES ESGOSTO 150/200;A Luva de Correr Esgoto é utilizada para reparar vazamento de pequenos furos, trincas, em juntas mal executadas ou emendas. Fácil instalação em instalações existentes e dispensa o uso do adesivo ou rosca por possuir nas duas extremidades anéis de borracha para vedação.;"Podem ser aplicadas na manutenção de fissuras nas tubulações hidro sanitária de modo a corrigir a não conformidade apresentado no sistema de escoar os efluentes de aparelhos sanitários, para conduzir água pluvial ou até mesmo para instalações prediais de esgoto e ventilação; inseridos na vertical ou na horizontal de obras residenciais, comerciais e industriais.";"*Material: PVC (Policloreto de Vinila). 
*Processo: Injeção. 
*Cor: Branco 
*Escoamento por gravidade não submetida à
pressão e ventilação. 
* Temperatura: 45° C";"* ABNT NBR 5681 
*ABNT NBR 5688";"*Fácil aplicação, não necessita o uso de
adesivo plástico, ótima durabilidade e
versatilidade. 
*Total estanque devido aos anéis de
vedação. 
* Material não corrosivo.";LUVA DE CORRER P/TUBO ESG - DN 200;CONEXOES ESGOSTO 150/200;ESGOTO;PC;Sacos;230.0;230.0;230.0;1.0;3917.40.90;7897801312516;17897801312513;27897801312510;LUVA DE CORRER P TUBO ESGOTO - DN 200;TUBO;True;200.0;;0.23;0.23;200.0
724;REDUCAO EXCENTRICA ESGOTO PRIM - DN 200X150;CONEXOES ESGOSTO 150/200;;;;;;REDUCAO EXCENTRICA ESGOTO PRIM - DN 200X150;CONEXOES ESGOSTO 150/200;ESGOTO;PC;Sacos;180.0;180.0;200.0;1.0;3917.40.90;7897801312523;17897801312520;27897801312527;REDUCAO EXCENTRICA ESGOTO PRIMARIO - DN 200X150;REDUCAO;False;;;0.18;0.18;
726;TE ESGOTO PRIM. - DN 200X200;CONEXOES ESGOSTO 150/200;;;;;;TE ESGOTO PRIM. - DN 200X200;CONEXOES ESGOSTO 150/200;ESGOTO;PC;Sacos;400.0;200.0;350.0;1.0;3917.40.90;7897801312530;17897801312537;27897801312534;TE ESGOTO PRIMARIO. - DN 200X200;TE;False;;;0.4;0.4;
727;"TORNEIRA BOIA PARA CAIXA D AGUA 1/2"" E 3/4""";TORNEIRAS BOIA;;;;;;"TORNEIRA BOIA PARA CAIXA D AGUA 1/2"" E 3/4""";TORNEIRAS BOIA;ACESSÓRIOS;PC;Sacos;435.0;80.0;80.0;20.0;8481.80.19;7897801319041;17897801319048;27897801319045;TORNEIRA BOIA PARA CAIXA D AGUA 1 2 E 3 4;;False;;;0.435;0.435;
728;TE DE INSPECAO ESGOTO DN 100 X 75;CONEXOES ESGOTO PRIMARIO;Permitir o acesso para limpeza e inspeção nas colunas ou linhas em (trechos horizontais) aparentes, que ficam suspensas no subsolo de prédios além de conduzir efluentes em seções críticas: ramais de despejo, condutores verticais, subcoletores e tubos de queda suscetíveis a danos físicos externos ou internos, como impactos e altas temperaturas;No projeto hidráulico, com todos os pontos de água definidos, é possível saber onde passarão e quais as características e tipos dos tubos e conexões do sistema. O Tê de inspeção se torna importante porque é a peça que permite a busca, limpeza e desobstrução das tubulações.;"*Material: PVC (Policloreto de Vinila). 
*Processo: Injeção. 
*Cor: Branco 
*Escoamento por gravidade não submetida à
pressão e ventilação.
*Temperatura: 45° C";"* ABNT NBR 5681 
*ABNT NBR 5688";"*Facilidade de instalação. 
*Simples execução das juntas, leveza dos
materiais. 
* Estanqueidade em junta elástica. 
*Fácil solução para limpeza e desobstrução
da rede devido sua tampa roscável. 
*Bolsa dupla ação 
*Tampa roscável que facilita o acesso ao
interior da tubulação";TE DE INSPECAO ESGOTO DN 100 X 75;CONEXOES ESGOTO PRIMARIO;ESGOTO;PC;Sacos;190.0;190.0;130.0;12.0;3917.40.90;7897801312592;17897801312599;27897801312596;TE DE INSPECAO ESGOTO DN 100 X 75;TE;False;100.0;;0.19;0.19;100.0
729;CURVA 45 ESG. CURTA DN 100;CONEXOES ESGOTO PRIMARIO;;;;;;CURVA 45 ESG. CURTA DN 100;CONEXOES ESGOTO PRIMARIO;ESGOTO;PC;Sacos;230.0;230.0;110.0;20.0;3917.40.90;7897801312608;17897801312605;27897801312602;CURVA 45 ESGOTO. CURTA DN 100;JOELHO;False;100.0;;0.23;0.23;100.0
730;TORNEIRA BOIA PARA CAIXA D AGUA 1/2;TORNEIRAS BOIA;Produto projetado para instalação em reservatórios ou cisternas prediais com função mecânica de liberar ou bloquear a passagem de água.;Utilizada em sistema de água fria residencial, comercial e industrial e deve ser instalado em sistemas de água fria em reservatórios ou cisternas, o mesmo é compatível com todos os modelos existentes no mercado.;"*Material: a boia é polietileno, a haste em
alumínio e o corpo é polipropileno. 
*Processo: Sopro e Injeção. 
*Cor: Vermelho. 
*Componentes: porca de aperto, corpo, haste
e a boia. 
*Pressão de serviço – 7,5 Kgf/cm². 
* Temperatura máxima 45°C.";"*ABNT NBR 14534
*ABNT NBR 5626";"*Fácil instalação, versátil, adaptável a
reservatório de água fria.
*Não é necessário uso de ferramenta para a
Instalação";;;;;;;;;;;;;;TORNEIRA BOIA PARA CAIXA D AGUA 1 2;;False;;;;;
731;TORNEIRA BOIA PARA CAIXA D AGUA 3/4;TORNEIRAS BOIA;Produto projetado para instalação em reservatórios ou cisternas prediais com função mecânica de liberar ou bloquear a passagem de água.;Utilizada em sistema de água fria residencial, comercial e industrial e deve ser instalado em sistemas de água fria em reservatórios ou cisternas, o mesmo é compatível com todos os modelos existentes no mercado.;"*Material: a boia é polietileno, a haste em
alumínio e o corpo é polipropileno. 
*Processo: Sopro e Injeção. 
*Cor: Vermelho. 
*Componentes: porca de aperto, corpo, haste
e a boia. 
*Pressão de serviço – 7,5 Kgf/cm². 
* Temperatura máxima 45°C.";"*ABNT NBR 14534
*ABNT NBR 5626";"*Fácil instalação, versátil, adaptável a
reservatório de água fria.
*Não é necessário uso de ferramenta para a
Instalação";;;;;;;;;;;;;;TORNEIRA BOIA PARA CAIXA D AGUA 3 4;;False;;;;;
732;TORNEIRA BOIA PARA BEBEDOURO 1/2;TORNEIRAS BOIA;Controlar e interromper a entrada da água nos reservatórios quando se atinge o nível operacional previsto;Devem ser aplicados em reservatórios de água fria que não ultrapasse a pressão e temperatura máxima de serviço.;"*Material: a boia é polietileno, a haste em
alumínio e o corpo é polipropileno. 
*Processo: Sopro e Injeção. 
*Cor: Vermelho. 
*Componentes: porca de aperto, corpo, haste
e a boia. 
*Pressão de serviço – 7,5 Kgf/cm². 
* Temperatura máxima 45°C.";*ABNT NBR 14534;"*Fácil instalação, versátil, adaptável a
reservatório de água fria.
*Não é necessário uso de ferramenta para a
Instalação";TORNEIRA BOIA PARA BEBEDOURO 1/2;TORNEIRAS BOIA;ACESSÓRIOS;PC;Sacos;280.0;70.0;60.0;20.0;8481.80.19;7897801312059;17897801312056;27897801312053;TORNEIRA BOIA PARA BEBEDOURO 1 2;;False;;;0.28;0.28;
733;TORNEIRA BOIA 1/2 CURTA;TORNEIRAS BOIA;;;;;;TORNEIRA BOIA 1/2 CURTA;TORNEIRAS BOIA;ACESSÓRIOS;PC;Caixas;420.0;80.0;80.0;30.0;8481.80.19;7897801313179;17897801313176;27897801313173;TORNEIRA BOIA 1 2 CURTA;;False;;;0.42;0.42;
737;ADAPTADOR N1 P/VALV PIA/LAV DN 40;VALVULAS P/ PIA E LAVATORIO;Proporcionar o escoamento de fluídos provenientes de pias, tanques e cubas até um desconector.;Utilizada em sistema de esgoto residencial, comercial e industrial, coletando fluídos provenientes de lavação em louças sanitárias, pias e tanques e destinando ao ponto de espera do esgoto sanitário.;"*Material: PP (polipropileno). 
*Processo: Injeção. 
* Cor: Branco. 
*Conexão: aplicação para pia e lavatório com
ladrão.
*Temperatura: resistente à temperatura de
até 60°C.";*ABNT NBR 15423;"*Embalagem autoexplicativa. 
*Fácil instalação, versátil, adaptável a qualquer
pia e lavatório. 
* Evita improviso na instalação de válvula de
escoamento.";ADAPTADOR N1 P/VALV PIA/LAV DN 40;VALVULAS P/ PIA E LAVATORIO;ACESSÓRIOS;PC;Sacos;61.0;42.0;42.0;50.0;3917.40.90;7897801312899;17897801312896;27897801312893;ADAPTADOR N1 P VALV PIA LAV DN 40;ADAPTADOR;False;40.0;;0.061;0.061;40.0
738;ADAPTADOR N2 P/VALV PIA/LAV DN 40;VALVULAS P/ PIA E LAVATORIO;Proporcionar o escoamento de fluídos provenientes de pias, tanques e cubas até um desconector.;Utilizada em sistema de esgoto residencial, comercial e industrial, coletando fluídos provenientes de lavação em louças sanitárias, pias e tanques e destinando ao ponto de espera do esgoto sanitário.;"*Material: PP (polipropileno). 
*Processo: Injeção. 
* Cor: Branco.
*Conexão: aplicação para pia e lavatório com
ladrão. 
*Temperatura: resistente à temperatura de
até 60°C.";*ABNT NBR 15423;"*Embalagem autoexplicativa. 
*Fácil instalação, versátil, adaptável a qualquer
pia e lavatório. 
*Evita improviso na instalação de válvula de
escoamento.";ADAPTADOR N2 P/VALV PIA/LAV DN 40;VALVULAS P/ PIA E LAVATORIO;ACESSÓRIOS;PC;Sacos;42.0;36.0;42.0;50.0;3917.40.90;7897801310567;17897801310564;27897801310561;ADAPTADOR N2 P VALV PIA LAV DN 40;ADAPTADOR;False;40.0;;0.042;0.042;40.0
741;ENGATE PLASTICO 30CM X 1/2;ENGATES;Produto criado para integrar sistemas hidráulicos de água fria, interligando os pontos de espera aos aparelhos sanitários.;O engate deve ser aplicado em sistemas prediais de água fria que não ultrapassem a pressão máxima de serviço. Ex: caixa acoplada, caixas de descarga aparentes, pias e bidês.;"* Material: Engate fabricado em PVC flexível e o nípel fabricado em PVC Rígido.
*Processo: Extrusão e Injeção. 
*Cor: Branco. 
*Pressão máxima de serviço: 4,078 Kgf/cm² 
*Temperatura de trabalho 20°C a 30°C. 
* Rosca padrão BSP. 
*Composição: terminal, mangueira flexível,
anel de vedação, anel deslizante e nípel.";"* ABNT NBR 14878 
*ABNT NBR 5626";"* Produto de fácil instalação. 
*Resistente a corrosão. 
*Estanqueidade garantida. 
* Flexível.";ENGATE PLASTICO 30CM X 1/2;ENGATES;ACESSÓRIOS;PC;Sacos;350.0;35.0;35.0;20.0;3917.33.00;7897801300827;17897801300824;47897801300825;ENGATE PLASTICO 30CM X 1 2;;False;;;0.35;0.35;
742;ENGATE PLASTICO 40CM X 1/2;ENGATES;Produto criado para integrar sistemas hidráulicos de água fria, interligando os pontos de espera aos aparelhos sanitários.;O engate deve ser aplicado em sistemas prediais de água fria que não ultrapassem a pressão máxima de serviço. Ex: caixa acoplada, caixas de descarga aparentes, pias e bidês.;"* Material: Engate fabricado em PVC flexível e o nípel fabricado em PVC Rígido.
*Processo: Extrusão e Injeção. 
*Cor: Branco. 
*Pressão máxima de serviço: 4,078 Kgf/cm² 
*Temperatura de trabalho 20°C a 30°C. 
* Rosca padrão BSP. 
*Composição: terminal, mangueira flexível,
anel de vedação, anel deslizante e nípel.";"* ABNT NBR 14878 
*ABNT NBR 5626";"* Produto de fácil instalação. 
*Resistente a corrosão. 
*Estanqueidade garantida. 
* Flexível.";ENGATE PLASTICO 40CM X 1/2;ENGATES;ACESSÓRIOS;PC;Sacos;450.0;35.0;35.0;20.0;3917.33.00;7897801300834;17897801300831;47897801300832;ENGATE PLASTICO 40CM X 1 2;;False;;;0.45;0.45;
743;ENGATE PLASTICO 50CM X 1/2;ENGATES;Produto criado para integrar sistemas hidráulicos de água fria, interligando os pontos de espera aos aparelhos sanitários.;O engate deve ser aplicado em sistemas prediais de água fria que não ultrapassem a pressão máxima de serviço. Ex: caixa acoplada, caixas de descarga aparentes, pias e bidês.;"* Material: Engate fabricado em PVC flexível e o nípel fabricado em PVC Rígido.
*Processo: Extrusão e Injeção. 
*Cor: Branco. 
*Pressão máxima de serviço: 4,078 Kgf/cm² 
*Temperatura de trabalho 20°C a 30°C. 
* Rosca padrão BSP. 
*Composição: terminal, mangueira flexível,
anel de vedação, anel deslizante e nípel.";"* ABNT NBR 14878 
*ABNT NBR 5626";"* Produto de fácil instalação. 
*Resistente a corrosão. 
*Estanqueidade garantida. 
* Flexível.";ENGATE PLASTICO 50CM X 1/2;ENGATES;ACESSÓRIOS;PC;Sacos;560.0;35.0;35.0;20.0;3917.33.00;7897801300841;17897801300848;27897801300845;ENGATE PLASTICO 50CM X 1 2;;False;;;0.56;0.56;
744;ENGATE PLASTICO 60CM X 1/2;ENGATES;Produto criado para integrar sistemas hidráulicos de água fria, interligando os pontos de espera aos aparelhos sanitários.;O engate deve ser aplicado em sistemas prediais de água fria que não ultrapassem a pressão máxima de serviço. Ex: caixa acoplada, caixas de descarga aparentes, pias e bidês.;"* Material: Engate fabricado em PVC flexível e o nípel fabricado em PVC Rígido.
*Processo: Extrusão e Injeção. 
*Cor: Branco. 
*Pressão máxima de serviço: 4,078 Kgf/cm² 
*Temperatura de trabalho 20°C a 30°C. 
* Rosca padrão BSP. 
*Composição: terminal, mangueira flexível,
anel de vedação, anel deslizante e nípel.";"* ABNT NBR 14878 
*ABNT NBR 5626";"* Produto de fácil instalação. 
*Resistente a corrosão. 
*Estanqueidade garantida. 
* Flexível.";ENGATE PLASTICO 60CM X 1/2;ENGATES;ACESSÓRIOS;PC;Sacos;665.0;35.0;35.0;20.0;3917.33.00;7897801303026;17897801303023;27897801303020;ENGATE PLASTICO 60CM X 1 2;;False;;;0.665;0.665;
745;ENGATE PLASTICO 1METRO X 1/2;ENGATES;Produto criado para integrar sistemas hidráulicos de água fria, interligando os pontos de espera aos aparelhos sanitários.;O engate deve ser aplicado em sistemas prediais de água fria que não ultrapassem a pressão máxima de serviço. Ex: caixa acoplada, caixas de descarga aparentes, pias e bidês.;"* Material: Engate fabricado em PVC flexível e o nípel fabricado em PVC Rígido.
*Processo: Extrusão e Injeção. 
*Cor: Branco. 
*Pressão máxima de serviço: 4,078 Kgf/cm² 
*Temperatura de trabalho 20°C a 30°C. 
* Rosca padrão BSP. 
*Composição: terminal, mangueira flexível,
anel de vedação, anel deslizante e nípel.";"* ABNT NBR 14878 
*ABNT NBR 5626";"* Produto de fácil instalação. 
*Resistente a corrosão. 
*Estanqueidade garantida. 
* Flexível.";ENGATE PLASTICO 1METRO X 1/2;ENGATES;ACESSÓRIOS;PC;Sacos;1060.0;35.0;35.0;5.0;3917.33.00;7897801303033;17897801303030;27897801303037;ENGATE PLASTICO 1METRO X 1 2;;False;;;1.06;1.06;
750;KIT CHUVEIRO FRIO;CHUVEIRO;Dispositivo constituído de corpo, crivo e elemento de ligação, cuja função é fornecer água fria com vazão e de forma adequada a higiene pessoal.;Utilizada em sistema de esgoto residencial, comercial e industrial de água fria, podendo ser instalado em locais como: área externa da residência, área de banho em piscina, residência de praia onde se lava o corpo, etc.;"* Material: Haste em PVC (Policloreto de
Vinila), corpo, canopla e crivo em PP
(Polipropileno). 
*Processo: Injeção. 
*Cor: Branco. 
*Conexão: Rosca Macho x Rosca Fêmea padrão
BSP. 
*Temperatura x Pressão
45 ͦC x 4,0 kgf/cm²";"* ABNT NBR 15206
* ABNT NBR 5626";"*Embalagem autoexplicativa.
*Fácil instalação, versátil, adaptável a qualquer
chuveiro elétrico. 
*Moderno e Resistente a corrosão.";KIT CHUVEIRO FRIO;CHUVEIRO;ACESSÓRIOS;PC;Sacos;410.0;120.0;120.0;10.0;3922.90.00;7897801310208;17897801310205;27897801310202;KIT CHUVEIRO FRIO;;False;;;0.41;0.41;
751;CHUVEIRO;CHUVEIRO;;;;;;CHUVEIRO;CHUVEIRO;ACESSÓRIOS;PC;Sacos;120.0;80.0;120.0;20.0;3922.90.00;7897801309455;17897801309452;27897801309459;CHUVEIRO;;False;;;0.12;0.12;
752;HASTE PARA CHUVEIRO FRIO;HASTE PARA CHUVEIRO;;;;;;HASTE PARA CHUVEIRO FRIO;HASTE PARA CHUVEIRO;ACESSÓRIOS;PC;Sacos;350.0;20.0;20.0;20.0;3922.90.00;7897801309462;17897801309469;27897801309466;HASTE PARA CHUVEIRO FRIO;;False;;;0.35;0.35;
753;HASTE PARA CHUVEIRO ELETRICO;HASTE PARA CHUVEIRO;Haste utilizada para ligação de chuveiros elétricos, cuja função é fornecer água fria com vazão e de forma adequada a higiene pessoal.;Utilizada em sistema de esgoto residencial, comercial e industrial, ligando o ponto de espera na parede com o chuveiro elétrico.;"* Material: Haste em PVC (Policloreto de Vinila)
e canopla em PP (Polipropileno). 
*Processo: Injeção. 
*Cor: Branco. 
*Conexão: Rosca Macho x Rosca Fêmea padrão
BSP. 
*Temperatura x Pressão
45 ͦC x 4,0 kgf/cm²";"* ABNT NBR 15206
* ABNT NBR 5626";"* Embalagem autoexplicativa. 
*Fácil instalação, versátil, adaptável a qualquer
chuveiro elétrico. 
*Resistente a corrosão.";HASTE PARA CHUVEIRO ELETRICO;HASTE PARA CHUVEIRO;ACESSÓRIOS;PC;Sacos;395.0;30.0;30.0;20.0;3922.90.00;7897801309479;17897801309476;27897801309473;HASTE PARA CHUVEIRO ELETRICO;;False;;;0.395;0.395;
770;PARAFUSO FIXACAO ASSENTO SANITARIO BRANCO;KIT ACESSORIOS P/ BANHEIRO;Proporcionar a fixação do assento sanitário premier Krona em um vaso sanitário de louça com formato oval.;Aplica-se apenas no assento Premier Krona e é compatível com louças sanitárias de padrão oval que possuem furos entre 140mm a 150mm.;"*Material: Polietileno de Alta Densidade (PEAD). 
*Processo: Injeção. 
* Cor: Branco.
*Conexão: aplicação assento premier Krona";*ABNT NBR 16729;"* Embalagem autoexplicativa. 
*Fácil instalação, versátil, adaptável apenas ao
assento premier Krona. 
*Não é necessário uso de ferramenta para a
instalação.
*Resistente a ataques químicos.
*Diversas opções de cores: branco, caramelo,
cinza claro e bege.";PARAFUSO FIXACAO ASSENTO SANITARIO BRANCO;KIT ACESSORIOS P/ BANHEIRO;ACESSÓRIOS;PC;Sacos;28.0;78.0;86.0;10.0;3922.20.00;7897801310260;17897801310267;27897801310264;PARAFUSO FIXACAO ASSENTO SANITARIO BRANCO;;False;;;0.028;0.028;
771;PARAFUSO FIXACAO ASSENTO SANITARIO CARAMELO;KIT ACESSORIOS P/ BANHEIRO;Proporcionar a fixação do assento sanitário premier Krona em um vaso sanitário de louça com formato oval.;Aplica-se apenas no assento Premier Krona e é compatível com louças sanitárias de padrão oval que possuem furos entre 140mm a 150mm.;"*Material: Polietileno de Alta Densidade (PEAD). 
*Processo: Injeção. 
* Cor: Branco.
*Conexão: aplicação assento premier Krona";*ABNT NBR 16729;"* Embalagem autoexplicativa. 
*Fácil instalação, versátil, adaptável apenas ao
assento premier Krona. 
*Não é necessário uso de ferramenta para a
instalação.
*Resistente a ataques químicos.
*Diversas opções de cores: branco, caramelo,
cinza claro e bege.";PARAFUSO FIXACAO ASSENTO SANITARIO CARAMELO;KIT ACESSORIOS P/ BANHEIRO;ACESSÓRIOS;PC;Sacos;28.0;78.0;86.0;10.0;3922.20.00;7897801310277;17897801310274;27897801310271;PARAFUSO FIXACAO ASSENTO SANITARIO CARAMELO;;False;;;0.028;0.028;
772;PARAFUSO FIXACAO ASSENTO SANITARIO CINZA CL;KIT ACESSORIOS P/ BANHEIRO;Proporcionar a fixação do assento sanitário premier Krona em um vaso sanitário de louça com formato oval.;Aplica-se apenas no assento Premier Krona e é compatível com louças sanitárias de padrão oval que possuem furos entre 140mm a 150mm.;"*Material: Polietileno de Alta Densidade (PEAD). 
*Processo: Injeção. 
* Cor: Branco.
*Conexão: aplicação assento premier Krona";*ABNT NBR 16729;"* Embalagem autoexplicativa. 
*Fácil instalação, versátil, adaptável apenas ao
assento premier Krona. 
*Não é necessário uso de ferramenta para a
instalação.
*Resistente a ataques químicos.
*Diversas opções de cores: branco, caramelo,
cinza claro e bege.";PARAFUSO FIXACAO ASSENTO SANITARIO CINZA CL;KIT ACESSORIOS P/ BANHEIRO;ACESSÓRIOS;PC;Sacos;28.0;78.0;86.0;10.0;3922.20.00;7897801310284;17897801310281;27897801310288;PARAFUSO FIXACAO ASSENTO SANITARIO CINZA CL;;False;;;0.028;0.028;
773;PARAFUSO FIXACAO ASSENTO SANITARIO BEGE;KIT ACESSORIOS P/ BANHEIRO;Proporcionar a fixação do assento sanitário premier Krona em um vaso sanitário de louça com formato oval.;Aplica-se apenas no assento Premier Krona e é compatível com louças sanitárias de padrão oval que possuem furos entre 140mm a 150mm.;"*Material: Polietileno de Alta Densidade (PEAD). 
*Processo: Injeção. 
* Cor: Branco.
*Conexão: aplicação assento premier Krona";*ABNT NBR 16729;"* Embalagem autoexplicativa. 
*Fácil instalação, versátil, adaptável apenas ao
assento premier Krona. 
*Não é necessário uso de ferramenta para a
instalação.
*Resistente a ataques químicos.
*Diversas opções de cores: branco, caramelo,
cinza claro e bege.";PARAFUSO FIXACAO ASSENTO SANITARIO BEGE;KIT ACESSORIOS P/ BANHEIRO;ACESSÓRIOS;PC;Sacos;28.0;78.0;86.0;10.0;3922.20.00;7897801310291;17897801310298;27897801310295;PARAFUSO FIXACAO ASSENTO SANITARIO BEGE;;False;;;0.028;0.028;
777;TORNEIRA P/ PIA 1/2 - 3/4 - BRANCA;TORNEIRAS;;;;;;;;;;;;;;;;;;;TORNEIRA P PIA 1 2 - 3 4 - BRANCA;;False;;;;;
778;TORNEIRA P/ PIA 1/2 - 3/4 - CINZA;TORNEIRAS;;;;;;;;;;;;;;;;;;;TORNEIRA P PIA 1 2 - 3 4 - CINZA;;False;;;;;
779;TORNEIRA P/ TANQUE 1/2 - 3/4 - BRANCA;TORNEIRAS;;;;;;;;;;;;;;;;;;;TORNEIRA P TANQUE 1 2 - 3 4 - BRANCA;;False;;;;;
78;RALO QUADRADO OCULTO 10x10 cm KRONA;CAIXAS E RALOS;;;;;;RALO QUADRADO OCULTO 10x10 cm KRONA;CAIXAS E RALOS;ESGOTO;PC;Blister;125.0;48.0;125.0;1.0;3917.40.90;7898708518384;17898708518381;27898708518388;RALO QUADRADO OCULTO 10X10 CM KRONA;;False;;;0.125;0.125;
780;TORNEIRA P/ TANQUE 1/2 - 3/4 - CINZA;TORNEIRAS;;;;;;;;;;;;;;;;;;;TORNEIRA P TANQUE 1 2 - 3 4 - CINZA;;False;;;;;
781;TORNEIRA ESF.P/JARDIM/TANQUE - 1/2 E 3/4;TORNEIRAS ESFERA P/JARDIM /TANQUE;Obstruir, interromper e controlar o fluxo de água decorrente da instalação hidráulica.;Sendo altamente testado pode ser utilizado na instalação de água fria residencial, comercial e industrial.;"*Material: PP (polipropileno).
*Processo: Injeção
*Cor: Corpo branco e Manípulo azul. 
*A pressão máxima de trabalho é 40mca
(4kgf/cm²). 
*A temperatura máxima de trabalho é de 45°C. 
*Componentes: corpo, ponteira, abraçadeira,
bucha de redução, haste(interna) e anel de
vedação(interno).";*ABNT NBR 10281;"*Design clean;
*Manípulo com melhor ergonomia para abertura
e fechamento em ¼ de volta
*Possui duas ponteiras para instalação de
mangueira ½” e ¾”.
* Acompanha bucha de redução com rosca de
¾” e ½”.
*Instale o produto manualmente, uso de
ferramentas podem danificá-los.
*Instalação simples e rápida. 
*Superfície lisa, fácil de limpar.";TORNEIRA ESF.P/JARDIM/TANQUE - 1/2 E 3/4;TORNEIRAS ESFERA P/JARDIM /TANQUE;ACESSÓRIOS;PC;Sacos;100.0;70.0;25.0;6.0;8481.80.99;7897801307901;17897801307908;27897801307905;TORNEIRA ESF.P JARDIM TANQUE - 1 2 E 3 4;;False;;;0.1;0.1;
784;TORNEIRA PARA JARDIM – PRETA/PRETA;TORNEIRAS;;;;;;;;;;;;;;;;;;;TORNEIRA PARA JARDIM PRETA PRETA;;False;;;;;
786;TORNEIRA PARA JARDIM SLIM - PRETA/PRETA;TORNEIRAS;Obstruir, interromper e controlar o fluxo de água decorrente da instalação hidráulica.;Sendo altamente testado pode ser utilizado na instalação de água fria residencial, comercial e industrial.;"*Material: PP (polipropileno)
*Processo: Injeção. 
*Cor: Preto.
*A pressão máxima de trabalho é 40mca
(4kgf/cm²). 
*A temperatura máxima de trabalho é de 45°C.
*Componentes: torneira, adaptador para
mangueira e bucha de redução ¾ e ½.";*ABNT NBR 10281;"*Design clean;
*Novo manípulo com melhor ergonomia para
abertura e fechamento 
*Possui ponteira para instalação de mangueira. 
*Acompanha bucha de redução com rosca de
¾” e ½”. 
* Instale o produto manualmente, uso de
ferramentas podem danificá-los. 
*Instalação simples e rápida.
*Superfície lisa, fácil de limpar.";TORNEIRA PARA JARDIM SLIM - PRETA/PRETA;TORNEIRAS;ACESSÓRIOS;PC;Sacos;90.0;32.0;70.0;12.0;8481.80.99;7897801319188;17897801319185;27897801319182;TORNEIRA PARA JARDIM SLIM - PRETA PRETA;;False;;;0.09;0.09;
787;TORNEIRA PARA PIA SLIM - BRANCA/PRETA;TORNEIRAS;Obstruir, interromper e controlar o fluxo de água decorrente da instalação hidráulica.;Sendo altamente testado pode ser utilizado na instalação de água fria residencial, comercial e industrial.;"*Material: PP (polipropileno).
*Processo: Injeção. 
*Cor: Corpo Branco e manípulo preto. 
*A pressão máxima de trabalho é 40mca
(4kgf/cm²).
*A temperatura máxima de trabalho é de 45°C. 
*Componentes: torneira e bucha de redução ¾
e ½.";*ABNT NBR 10281;"*Design clean;
*Novo manípulo com melhor ergonomia para
abertura e fechamento 
*Possui ponteira para instalação de mangueira. 
*Acompanha bucha de redução com rosca de
¾” e ½”. 
* Instale o produto manualmente, uso de
ferramentas podem danificá-los. 
*Instalação simples e rápida.
*Superfície lisa, fácil de limpar.";TORNEIRA PARA PIA SLIM - BRANCA/PRETA;TORNEIRAS;ACESSÓRIOS;PC;Sacos;180.0;78.0;40.0;12.0;8481.80.19;7897801319195;17897801319192;27897801319199;TORNEIRA PARA PIA SLIM - BRANCA PRETA;;False;;;0.18;0.18;
788;TORNEIRA PARA TANQUE SLIM - BRANCA/PRETA;TORNEIRAS;Obstruir, interromper e controlar o fluxo de água decorrente da instalação hidráulica.;Utilizado em instalação de água fria residencial, comercial e industrial.;"*Material: PP (polipropileno).
*Processo: Injeção. 
*Cor: Corpo Branco e manípulo preto
*A pressão máxima de trabalho é 40mca
(4kgf/cm²).
*A temperatura máxima de trabalho é de 45°C.
*Componentes: torneira e bucha de redução ¾
E ½.";*ABNT NBR 10281;"*Design clean;
*Novo manípulo com melhor ergonomia para
abertura e fechamento 
*Possui ponteira para instalação de mangueira. 
*Acompanha bucha de redução com rosca de
¾” e ½”. 
* Instale o produto manualmente, uso de
ferramentas podem danificá-los. 
*Instalação simples e rápida.
*Superfície lisa, fácil de limpar.";TORNEIRA PARA TANQUE SLIM - BRANCA/PRETA;TORNEIRAS;ACESSÓRIOS;PC;Sacos;117.0;75.0;40.0;12.0;8481.80.99;7897801319201;17897801319208;27897801319205;TORNEIRA PARA TANQUE SLIM - BRANCA PRETA;;False;;;0.117;0.117;
79;RALO QUADRADO OCULTO 15x15 cm KRONA;CAIXAS E RALOS;;;;;;RALO QUADRADO OCULTO 15x15 cm KRONA;CAIXAS E RALOS;ESGOTO;PC;Blister;195.0;39.0;195.0;1.0;3917.40.90;7898708518391;17898708518398;27898708518395;RALO QUADRADO OCULTO 15X15 CM KRONA;;False;;;0.195;0.195;
790;TUBO P/CX.DESC.LONGO C/CURVA;TUBOS DESCIDA;Produto projetado para fazer a ligação de forma aparente da caixa de descarga à bacia sanitária.;Instalado de forma aparente, o tubo é Utilizado para fazer a ligação da caixa de descarga com a bacia sanitária.;"*Material: PVC.
*Processo: Extrusão.
*Cor: Branco.
*Temperatura: resistente á temperatura de
até 45°C";*ABNT NBR 8160;"*Produto de fácil instalação.
*Resistente a corrosão e impacto.";TUBO P/CX.DESC.LONGO C/CURVA;TUBOS DESCIDA;ACESSÓRIOS;PC;Sacos;400.0;1600.0;400.0;10.0;3917.23.00;7897801300254;17897801300251;27897801300258;TUBO P CX.DESC.LONGO C CURVA;TUBO;True;;;0.4;0.4;
791;TUBO P/CX.DESC.CURTO C/CURVA;TUBOS DESCIDA;Produto projetado para fazer a ligação de forma aparente da caixa de descarga à bacia sanitária.;Instalado de forma aparente, o tubo é Utilizado para fazer a ligação da caixa de descarga com a bacia sanitária.;"*Material: PVC.
*Processo: Extrusão.
*Cor: Branco.
*Temperatura: resistente á temperatura de
até 45°C";*ABNT NBR 8160;"*Produto de fácil instalação.
*Resistente a corrosão e impacto.";TUBO P/CX.DESC.CURTO C/CURVA;TUBOS DESCIDA;ACESSÓRIOS;PC;Sacos;400.0;1200.0;400.0;10.0;3917.23.00;7897801300261;17897801300268;27897801300265;TUBO P CX.DESC.CURTO C CURVA;TUBO;True;;;0.4;0.4;
792;TUBO DESCIDA DE EMBUTIR C/CURVA P/CX.DESCARGA;TUBOS DESCIDA;Produto projetado para fazer a ligação de forma embutida da caixa de descarga a bacia sanitária.;Instalado de forma embutida o tubo é utilizado para fazer a ligação da caixa de descarga com a bacia sanitária.;"*Material: PVC.
*Processo: Extrusão.
*Cor: Branco.
*Temperatura: resistente à temperatura de
até 45°C.";*ABNT NBR 8160;"*Produto de fácil instalação.
*Resistente a corrosão e impacto.";TUBO DESCIDA DE EMBUTIR C/CURVA P/CX.DESCARGA;TUBOS DESCIDA;ACESSÓRIOS;PC;Sacos;400.0;1600.0;400.0;10.0;3917.23.00;7897801301787;17897801301784;27897801301781;TUBO DESCIDA DE EMBUTIR C CURVA P CX.DESCARGA;TUBO;True;;;0.4;0.4;
793;TUBO DE DESCIDA P/VALV.DESCARGA C/JOELHO AZUL;TUBOS DESCIDA;Produto projetado para fazer a ligação da válvula de descarga ao tubo de ligação da bacia sanitária.;Instalado de forma embutida, ou seja, dentro da parede. A peça é utilizada para fazer a ligação da válvula de descarga com o tubo de ligação da bacia sanitária.;"*Material: PVC.
*Processo: Extrusão.
*Cor: Branco.
*Temperatura: resistente à temperatura de
até 45°C.
*Acompanha anéis de vedação em borracha e
anel de vedação achatado do tubo com a
válvula";*ABNT NBR 8160;"*Produto de fácil instalação; 
*Resistente a corrosão;.
*Estanqueidade garantida através dos anéis de
vedação em borracha;";TUBO DE DESCIDA P/VALV.DESCARGA C/JOELHO AZUL;TUBOS DESCIDA;ACESSÓRIOS;PC;Sacos;38.0;800.0;38.0;20.0;3917.23.00;7897801307635;17897801307632;27897801307639;TUBO DE DESCIDA P VALV.DESCARGA C JOELHO AZUL;TUBO;True;;;0.038;0.038;
794;CURVA P/TUBO DE DESCIDA DA CX.DE DESCARGA;TUBOS DESCIDA;Conectar o tubo de descida da caixa de descarga aparente com a bacia sanitária.;Utilizada em sistema de esgoto residencial, comercial e industrial, ligando o tubo de descida da caixa de descarga aparente com a bacia sanitária.;"*Material: PVC (Policloreto de Vinila). 
*Processo: Injeção.
*Cor: Branco. .
*Conexão: ponta bolsa x ponta. 
*Temperatura: resistente à temperatura de
até 45°C.";"*ABNT NBR 5681 
*ABNT NBR 5688";"*Embalagem autoexplicativa. 
*Fácil instalação, versátil, adaptável bacia
sanitária.";CURVA P/TUBO DE DESCIDA DA CX.DE DESCARGA;TUBOS DESCIDA;ACESSÓRIOS;PC;Sacos;400.0;300.0;400.0;10.0;3917.23.00;7897801301602;17897801301609;27897801301606;CURVA P TUBO DE DESCIDA DA CX.DE DESCARGA;TUBO;True;;;0.4;0.4;
798;ESPUDE P/VASO SANITARIO;ESPUDE;;;;;;ESPUDE P/VASO SANITARIO;ESPUDE;ACESSÓRIOS;PC;Sacos;65.0;22.0;65.0;20.0;3917.40.90;7897801302012;17897801302019;27897801302016;ESPUDE P VASO SANITARIO;;False;;;0.065;0.065;
80;RALO LINEAR PVC SECO 50CM OCULTO KRONA;CAIXAS E RALOS;;;;;;RALO LINEAR PVC SECO 50CM OCULTO KRONA;CAIXAS E RALOS;ESGOTO;PC;Filme;523.0;25.0;100.0;1.0;3917.40.90;7898708518407;17898708518404;27898708518401;RALO LINEAR PVC SECO 50CM OCULTO KRONA;;False;;;0.523;0.523;
806;V1 - VALVULA P/PIA C/UNHO;VALVULAS P/ PIA E LAVATORIO;Coletar ou manter confinado os fluidos provenientes da lavação em cuba de pia e destinar até o sifão de escoamento, conforme a necessidade do usuário.;Utilizado em instalação de esgoto residencial, comercial e industrial.;"*Material: Corpo é PP (polipropileno), Flange é
PEAD (polietileno de alta densidade), Junta e
Arruela são PVCF (pvc flexível) e a Tampa é
PEBD (polietileno de baixa densidade). 
*Processo: Injeção.
* Cor: Branco. 
*Conexão: aplicação para pia. 
*Temperatura: resistente à temperatura de até
60°C.
*Componentes: Tampa, Aba, Corpo, Junta de
vedação, arruela de aperto, flange e o unho*.
*exclusivo no modelo V1.";*ABNT NBR 15423;"* Embalagem autoexplicativa. 
*Fácil instalação, versátil, adaptável a qualquer
pia.
* Não é necessário uso de ferramenta para a
Instalação.";V1 - VALVULA P/PIA C/UNHO;VALVULAS P/ PIA E LAVATORIO;ACESSÓRIOS;PC;Sacos;90.0;52.0;52.0;20.0;3917.40.90;7897801301176;17897801301173;27897801301170;V1 - VALVULA P PIA C UNHO;VALVULA;False;;;0.09;0.09;
807;V2 - VALVULA P/PIA;VALVULAS P/ PIA E LAVATORIO;Coletar ou manter confinado os fluidos provenientes da lavação em cuba de pia e destinar até o sifão de escoamento, conforme a necessidade do usuário.;Utilizado em instalação de esgoto residencial, comercial e industrial.;"*Material: Corpo é PP (polipropileno), Flange é
PEAD (polietileno de alta densidade), Junta e
Arruela são PVCF (pvc flexível) e a Tampa é
PEBD (polietileno de baixa densidade). 
*Processo: Injeção.
* Cor: Branco. 
*Conexão: aplicação para pia. 
*Temperatura: resistente à temperatura de até
60°C.
*Componentes: Tampa, Aba, Corpo, Junta de
vedação, arruela de aperto, flange e o unho*.
*exclusivo no modelo V1.";*ABNT NBR 15423;"* Embalagem autoexplicativa. 
*Fácil instalação, versátil, adaptável a qualquer
pia.
* Não é necessário uso de ferramenta para a
Instalação.";V2 - VALVULA P/PIA;VALVULAS P/ PIA E LAVATORIO;ACESSÓRIOS;PC;Sacos;62.0;52.0;52.0;20.0;3917.40.90;7897801301183;17897801301180;27897801301187;V2 - VALVULA P PIA;VALVULA;False;;;0.062;0.062;
808;V3 - VALVULA P/PIA (CORPO E TAMPA);VALVULAS P/ PIA E LAVATORIO;Coletar ou manter confinado os fluidos provenientes da lavação em cuba de pia e destinar até o sifão de escoamento, conforme a necessidade do usuário.;Utilizado em instalação de esgoto residencial, comercial e industrial.;"*Material: Corpo é PP (polipropileno), Flange é
PEAD (polietileno de alta densidade), Junta e
Arruela são PVCF (pvc flexível) e a Tampa é
PEBD (polietileno de baixa densidade). 
*Processo: Injeção.
* Cor: Branco. 
*Conexão: aplicação para pia. 
*Temperatura: resistente à temperatura de até
60°C.
*Componentes: Tampa, Aba, Corpo, Junta de
vedação, arruela de aperto, flange e o unho*.
*exclusivo no modelo V1.";*ABNT NBR 15423;"* Embalagem autoexplicativa. 
*Fácil instalação, versátil, adaptável a qualquer
pia.
* Não é necessário uso de ferramenta para a
Instalação.";V3 - VALVULA P/PIA (CORPO E TAMPA);VALVULAS P/ PIA E LAVATORIO;ACESSÓRIOS;PC;Sacos;62.0;52.0;52.0;20.0;3917.40.90;7897801301190;17897801301197;27897801301194;V3 - VALVULA P PIA CORPO E TAMPA;VALVULA;False;;;0.062;0.062;
809;V5 - VALVULA P/LAVATORIO C/LADRAO E UNHO;VALVULAS P/ PIA E LAVATORIO;Coletar ou manter confinado os fluidos provenientes da lavação em cuba de lavatório e destinar até o sifão de escoamento, conforme a necessidade do usuário.;Utilizado em instalação de água fria residencial, comercial e industrial.;"*Material: Corpo é PP (polipropileno), Flange é
PEAD (polietileno de alta densidade), Junta e
Arruela são PVCF (pvc flexível) e a Tampa é
PEBD (polietileno de baixa densidade). 
*Processo: Injeção.
* Cor: Branco. 
*Conexão: aplicação para pia. 
*Temperatura: resistente à temperatura de até
60°C.
*Componentes: Tampa, Aba, Corpo, Junta de
vedação, arruela de aperto, flange e o unho*.
*exclusivo no modelo V1.";*ABNT NBR 15423;"*Embalagem auto explicativa.
*Fácil instalação, versátil, adaptável a qualquer
lavatório (com ladrão)
*Não é necessário uso de ferramenta para a
instalação.";V5 - VALVULA P/LAVATORIO C/LADRAO E UNHO;VALVULAS P/ PIA E LAVATORIO;ACESSÓRIOS;PC;Sacos;110.0;60.0;60.0;20.0;3917.40.90;7897801301206;17897801301203;27897801301200;V5 - VALVULA P LAVATORIO C LADRAO E UNHO;VALVULA;False;;;0.11;0.11;
81;RALO LINEAR PVC SECO 50CM ACAB. POLIDO KRONA;CAIXAS E RALOS;;;;;;RALO LINEAR PVC SECO 50CM ACAB. POLIDO KRONA;CAIXAS E RALOS;ESGOTO;PC;Caixa;523.0;25.0;100.0;1.0;3917.40.90;7898708518414;17898708518411;27898708518418;RALO LINEAR PVC SECO 50CM ACAB. POLIDO KRONA;;False;;;0.523;0.523;
810;V6 - VALVULA P/LAVATORIO C/LADRAO;VALVULAS P/ PIA E LAVATORIO;Coletar ou manter confinado os fluidos provenientes da lavação em cuba de lavatório e destinar até o sifão de escoamento, conforme a necessidade do usuário.;Utilizado em instalação de água fria residencial, comercial e industrial.;"*Material: Corpo é PP (polipropileno), Flange é
PEAD (polietileno de alta densidade), Junta e
Arruela são PVCF (pvc flexível) e a Tampa é
PEBD (polietileno de baixa densidade). 
*Processo: Injeção.
* Cor: Branco. 
*Conexão: aplicação para pia. 
*Temperatura: resistente à temperatura de até
60°C.
*Componentes: Tampa, Aba, Corpo, Junta de
vedação, arruela de aperto, flange e o unho*.
*exclusivo no modelo V1.";*ABNT NBR 15423;"*Embalagem auto explicativa.
*Fácil instalação, versátil, adaptável a qualquer
lavatório (com ladrão)
*Não é necessário uso de ferramenta para a
instalação.";V6 - VALVULA P/LAVATORIO C/LADRAO;VALVULAS P/ PIA E LAVATORIO;ACESSÓRIOS;PC;Sacos;84.0;60.0;60.0;20.0;3917.40.90;7897801301213;17897801301210;27897801301217;V6 - VALVULA P LAVATORIO C LADRAO;VALVULA;False;;;0.084;0.084;
811;V7 - VALVULA P/LAVATORIO E TANQUE C/UNHO;VALVULAS P/ PIA E LAVATORIO;Coletar ou manter confinado os fluidos provenientes da lavação em cuba de lavatório e tanque e destinar até o sifão de escoamento, conforme a necessidade do usuário.;Utilizado em instalação de água fria residencial, comercial e industrial.;"*Material: Corpo é PP (polipropileno), Flange é
PEAD (polietileno de alta densidade), Junta e
Arruela são PVCF (pvc flexível) e a Tampa é
PEBD (polietileno de baixa densidade). 
*Processo: Injeção.
* Cor: Branco. 
*Conexão: aplicação para pia. 
*Temperatura: resistente à temperatura de até
60°C.
*Componentes: Tampa, Aba, Corpo, Junta de
vedação, arruela de aperto, flange e o unho*.
*exclusivo no modelo V1.";*ABNT NBR 15423;"*Embalagem autoexplicativa
*Fácil instalação, versátil, adaptável a qualquer
pia (sem ladrão).
* Não é necessário uso de ferramenta para a
instalação.";V7 - VALVULA P/LAVATORIO E TANQUE C/UNHO;VALVULAS P/ PIA E LAVATORIO;ACESSÓRIOS;PC;Sacos;60.0;112.0;60.0;20.0;3917.40.90;7897801301220;17897801301227;27897801301224;V7 - VALVULA P LAVATORIO E TANQUE C UNHO;VALVULA;False;;;0.06;0.06;
812;V8 - VALVULA P/LAVATORIO E TANQUE;VALVULAS P/ PIA E LAVATORIO;Coletar ou manter confinado os fluidos provenientes da lavação em cuba de lavatório e tanque e destinar até o sifão de escoamento, conforme a necessidade do usuário.;Utilizado em instalação de água fria residencial, comercial e industrial.;"*Material: Corpo é PP (polipropileno), Flange é
PEAD (polietileno de alta densidade), Junta e
Arruela são PVCF (pvc flexível) e a Tampa é
PEBD (polietileno de baixa densidade). 
*Processo: Injeção.
* Cor: Branco. 
*Conexão: aplicação para pia. 
*Temperatura: resistente à temperatura de até
60°C.
*Componentes: Tampa, Aba, Corpo, Junta de
vedação, arruela de aperto, flange e o unho*.
*exclusivo no modelo V1.";*ABNT NBR 15423;"*Embalagem autoexplicativa
*Fácil instalação, versátil, adaptável a qualquer
pia (sem ladrão).
* Não é necessário uso de ferramenta para a
instalação.";V8 - VALVULA P/LAVATORIO E TANQUE;VALVULAS P/ PIA E LAVATORIO;ACESSÓRIOS;PC;Sacos;82.0;60.0;60.0;20.0;3917.40.90;7897801301237;17897801301234;27897801301231;V8 - VALVULA P LAVATORIO E TANQUE;VALVULA;False;;;0.082;0.082;
813;V9 - VALVULA P/ TANQUE 1.1/2;VALVULAS P/ PIA E LAVATORIO;Coletar ou manter confinado os fluidos provenientes da lavação em cuba de tanque e destinar até o sifão de escoamento, conforme a necessidade do usuário.;Utilizado em instalação de água fria residencial, comercial e indústria;"*Material: Corpo é PP (polipropileno), Flange é
PEAD (polietileno de alta densidade), Junta e
Arruela são PVCF (pvc flexível) e a Tampa é
PEBD (polietileno de baixa densidade). 
*Processo: Injeção.
* Cor: Branco. 
*Conexão: aplicação para pia. 
*Temperatura: resistente à temperatura de até
60°C.
*Componentes: Tampa, Aba, Corpo, Junta de
vedação, arruela de aperto, flange e o unho*.
*exclusivo no modelo V1.";*ABNT NBR 15423;"*Embalagem autoexplicativa. 
*Fácil instalação, versátil, adaptável a qualquer
tanque (sem ladrão).
* Não é necessário uso de ferramenta para a
Instalação.";V9 - VALVULA P/ TANQUE 1.1/2;VALVULAS P/ PIA E LAVATORIO;ACESSÓRIOS;PC;Sacos;100.0;62.0;62.0;20.0;3917.40.90;7897801302043;17897801302040;27897801302047;V9 - VALVULA P TANQUE 1.1 2;VALVULA;False;;;0.1;0.1;
814;V10 - VALVULA P/ TANQUE DN 40;VALVULAS P/ PIA E LAVATORIO;Coletar ou manter confinado os fluidos provenientes da lavação em tanques de concreto e destinar até o sifão de escoamento, conforme a necessidade do usuário.;Utilizado em instalação de água fria residencial, comercial e industrial, especialmente em tanque de concreto.;"*Material: Corpo é PP (polipropileno), Flange é
PEAD (polietileno de alta densidade), Junta e
Arruela são PVCF (pvc flexível) e a Tampa é
PEBD (polietileno de baixa densidade). 
*Processo: Injeção.
* Cor: Branco. 
*Conexão: aplicação para pia. 
*Temperatura: resistente à temperatura de até
60°C.
*Componentes: Tampa, Aba, Corpo, Junta de
vedação, arruela de aperto, flange e o unho*.
*exclusivo no modelo V1.";*ABNT NBR 15423;"* Embalagem autoexplicativa. 
*Fácil instalação, versátil, adaptável apenas em
tanque de concreto.
* Não é necessário uso de ferramenta para a
Instalação";V10 - VALVULA P/ TANQUE DN 40;VALVULAS P/ PIA E LAVATORIO;ACESSÓRIOS;PC;Sacos;64.0;47.0;47.0;20.0;3917.40.90;7897801302050;17897801302057;27897801302054;V10 - VALVULA P TANQUE DN 40;VALVULA;False;40.0;;0.064;0.064;40.0
815;T1-TAMPA P/VALVULA PIA E LAVAT.;VALVULAS P/ PIA E LAVATORIO;;;;;;T1-TAMPA P/VALVULA PIA E LAVAT.;VALVULAS P/ PIA E LAVATORIO;ACESSÓRIOS;PC;Sacos;22.0;27.0;27.0;100.0;3917.40.90;7897801301244;17897801301241;27897801301248;T1 - TAMPA P VALVULA PIA E LAVAT.;VALVULA;False;;;0.022;0.022;
816;T2-TAMPA P/VALVULA DE TANQUE;VALVULAS P/ PIA E LAVATORIO;;;;;;T2-TAMPA P/VALVULA DE TANQUE;VALVULAS P/ PIA E LAVATORIO;ACESSÓRIOS;PC;Sacos;22.0;37.0;37.0;100.0;3917.40.90;7897801302067;17897801302064;27897801302061;T2 - TAMPA P VALVULA DE TANQUE;VALVULA;False;;;0.022;0.022;
817;U1 - UNHO COMPLETO P/VALVULA PIA E LAVATORIO;VALVULAS P/ PIA E LAVATORIO;Adaptar a saída da válvula de escoamento de pias, lavatórios e tanques para a conexão com mangueiras flexíveis;Utilizado em instalação de água fria residencial, comercial e industrial.;"*Material: Corpo é PP (polipropileno).
*Processo: Injeção.
* Cor: Branco.
*Temperatura: resistente à temperatura de até
60°C.";*ABNT NBR 15423;"*Embalagem autoexplicativa.
*Fácil instalação, versátil, adaptável as válvulas
V1, V5 e V7.
* Não é necessário uso de ferramenta para a
Instalação";U1 - UNHO COMPLETO P/VALVULA PIA E LAVATORIO;VALVULAS P/ PIA E LAVATORIO;ACESSÓRIOS;PC;Sacos;38.0;41.0;41.0;20.0;3917.40.90;7897801301251;17897801301258;27897801301255;U1 - UNHO COMPLETO P VALVULA PIA E LAVATORIO;VALVULA;False;;;0.038;0.038;
82;RALO LINEAR PVC SIFONADO 50CM OCULTO KRONA;CAIXAS E RALOS;;;;;;RALO LINEAR PVC SIFONADO 50CM OCULTO KRONA;CAIXAS E RALOS;ESGOTO;PC;Filme;523.0;25.0;100.0;1.0;3917.40.90;7898708518421;17898708518428;27898708518425;RALO LINEAR PVC SIFONADO 50CM OCULTO KRONA;;False;;;0.523;0.523;
822;LAVATORIO KRONA - BRANCO 36 X 26 CM;LAVATORIOS;Coletar os fluidos provenientes da lavação e destinar até a válvula de escoamento que faz a ligação do lavatório até o ponto de saída para a rede de esgoto. Podendo ter a característica de manter a água confinada por um determinado período de tempo, conforme a necessidade do usuário.;Utilizado em instalação de água fria residencial, comercial e industrial.;"* Material: PP (polipropileno). 
*Processo: Injeção. 
*Cor: Branco. 
*Capacidade: 4,3 litros.
*Componentes: Lavatório, tampa para válvula
⅞, válvula ⅞ acoplada, bucha n°6 e parafuso
fenda combinada n°6.";*ABNT NBR 16728;"* Embalagem autoexplicativa.
*Fácil instalação, versátil, possibilita a
instalação de duas opções de torneira,
saboneteira acoplada
*Acompanha kit instalação e válvula integrada
ao produto.";LAVATORIO KRONA - BRANCO 36 X 26 CM;LAVATORIOS;ACESSÓRIOS;PC;Caixas;260.0;150.0;340.0;6.0;3922.10.00;7897801302623;17897801302620;27897801302627;LAVATORIO KRONA - BRANCO 36 X 26 CM;;False;;;0.26;0.26;
83;RALO LINEAR PVC SIFONADO 50CM ACAB. POLIDO KRONA;CAIXAS E RALOS;;;;;;RALO LINEAR PVC SIFONADO 50CM ACAB. POLIDO KRONA;CAIXAS E RALOS;ESGOTO;PC;Caixa;523.0;25.0;100.0;1.0;3917.40.90;7898708518438;17898708518435;27898708518432;RALO LINEAR PVC SIFONADO 50CM ACAB. POLIDO KRONA;;False;;;0.523;0.523;
836;KIT PORTINHOLA P/VÁLVULA RETENÇÃO DN100;VALVULAS DE RETENCAO PARA ESGOTO;;;;;*;KIT PORTINHOLA P/VÁLVULA RETENÇÃO DN100;VALVULAS DE RETENCAO PARA ESGOTO;ESGOTO;PC;Sacos;114.0;20.0;113.0;2.0;8481.30.00;7897801321211;17897801321218;27897801321215;KIT PORTINHOLA P VALVULA RETENCAO DN100;VALVULA;False;100.0;;0.114;0.114;100.0
837;KIT PORTINHOLA P/VÁLVULA RETENÇÃO DN150;VALVULAS DE RETENCAO PARA ESGOTO;;;;;*;KIT PORTINHOLA P/VÁLVULA RETENÇÃO DN150;VALVULAS DE RETENCAO PARA ESGOTO;ESGOTO;PC;Sacos;178.0;17.0;163.0;2.0;8481.30.00;7897801321228;17897801321225;27897801321222;KIT PORTINHOLA P VALVULA RETENCAO DN150;VALVULA;False;150.0;;0.178;0.178;150.0
838;KIT TAMPA P/VÁLVULA RETENÇÃO DN100;VALVULAS DE RETENCAO PARA ESGOTO;;;;;*;KIT TAMPA P/VÁLVULA RETENÇÃO DN100;VALVULAS DE RETENCAO PARA ESGOTO;ESGOTO;PC;Sacos;167.0;47.0;167.0;2.0;8481.30.00;7897801321235;17897801321232;27897801321239;KIT TAMPA P VALVULA RETENCAO DN100;VALVULA;False;100.0;;0.167;0.167;100.0
839;KIT TAMPA P/VÁLVULA RETENÇÃO DN150;VALVULAS DE RETENCAO PARA ESGOTO;;;;;*;KIT TAMPA P/VÁLVULA RETENÇÃO DN150;VALVULAS DE RETENCAO PARA ESGOTO;ESGOTO;PC;Sacos;210.0;44.0;210.0;2.0;8481.30.00;7897801321242;17897801321249;27897801321246;KIT TAMPA P VALVULA RETENCAO DN150;VALVULA;False;150.0;;0.21;0.21;150.0
84;RALO LINEAR PVC SECO 75CM SAIDA CENTRAL OCULTO KRONA;CAIXAS E RALOS;;;;;;RALO LINEAR PVC SECO 75CM SAIDA CENTRAL OCULTO KRONA;CAIXAS E RALOS;ESGOTO;PC;Filme;773.0;33.0;100.0;1.0;3917.40.90;7898708518445;17898708518442;27898708518449;RALO LINEAR PVC SECO 75CM SAIDA CENTRAL OCULTO KRONA;;False;;;0.773;0.773;
840;KT SIFÃO PARA CAIXA SIFONADA DN100;VALVULAS DE RETENCAO PARA ESGOTO;;;;;;KT SIFÃO PARA CAIXA SIFONADA DN100;VALVULAS DE RETENCAO PARA ESGOTO;ESGOTO;PC;Sacos;65.0;51.0;55.0;5.0;3917.40.90;7897801321259;17897801321256;27897801321253;KT SIFAO PARA CAIXA SIFONADA DN100;;False;100.0;;0.065;0.065;100.0
841;KT SIFÃO PARA CAIXA SIFONADA DN150;VALVULAS DE RETENCAO PARA ESGOTO;;;;;;KT SIFÃO PARA CAIXA SIFONADA DN150;VALVULAS DE RETENCAO PARA ESGOTO;ESGOTO;PC;Sacos;106.0;50.0;60.0;5.0;3917.40.90;7897801321266;17897801321263;27897801321260;KT SIFAO PARA CAIXA SIFONADA DN150;;False;150.0;;0.106;0.106;150.0
85;RALO LINEAR PVC SECO 75CM SAIDA CENTRAL POLIDO KRONA;CAIXAS E RALOS;;;;;;RALO LINEAR PVC SECO 75CM SAIDA CENTRAL POLIDO KRONA;CAIXAS E RALOS;ESGOTO;PC;Caixa;773.0;33.0;100.0;1.0;3917.40.90;7898708518452;17898708518459;27898708518456;RALO LINEAR PVC SECO 75CM SAIDA CENTRAL POLIDO KRONA;;False;;;0.773;0.773;
859;MULTISIFAO LONGO (TUBO EXTENSIVEL) 1500MM;SIFOES;Projetado para ligar a válvula de escoamento ao ponto de esgoto mesmo estando desalinhado do eixo simétrico da válvula.;Utilizada em sistema de esgoto residencial, comercial e industrial de esgoto, podendo ser instalado em locais como: cuba de pia, lavatório e tanque, etc, sendo duplo ou simples.;"* Material: mangueira corrugada, adaptador,
abraçadeira, terminal escalonado em PP
(Polipropileno) e vedações TPE-V
(Termoplástico Vulcanizado). 
*Processo: Injeção. 
*Cor: Branco. 
*Conexão: terminal escalonado (mm) x
entrada (pol)
*Temperatura: 80 ͦC em regime não contínuo.";"*ABNT NBR 14162 
*ABNT NBR 8133";"*Embalagem autoexplicativa. 
*Fácil instalação, versátil, adaptável a qualquer
válvula. 
*Resistente a corrosão, as solicitações de
esforços mecânicos e altas temperaturas.";MULTISIFAO LONGO (TUBO EXTENSIVEL) 1500MM;SIFOES;ACESSÓRIOS;PC;Sacos;51.6;26.6;42.5;6.0;3917.40.90;7897801311229;17897801311226;27897801311223;MULTISIFAO LONGO TUBO EXTENSIVEL 1500MM;TUBO;True;;;0.0516;0.0516;
86;RALO LINEAR PVC SIFONADO 75CM SAIDA CENTRAL OCULTO KRONA;CAIXAS E RALOS;;;;;;RALO LINEAR PVC SIFONADO 75CM SAIDA CENTRAL OCULTO KRONA;CAIXAS E RALOS;ESGOTO;PC;Filme;773.0;33.0;100.0;1.0;3917.40.90;7898708518469;17898708518466;27898708518463;RALO LINEAR PVC SIFONADO 75CM SAIDA CENTRAL OCULTO KRONA;;False;;;0.773;0.773;
860;MULTISIFAO SIMPLES (TUBO EXTENSIVEL);SIFOES;Projetado para ligar a válvula de escoamento ao ponto de esgoto mesmo estando desalinhado do eixo simétrico da válvula.;Utilizada em sistema de esgoto residencial, comercial e industrial de esgoto, podendo ser instalado em locais como: cuba de pia, lavatório e tanque, etc, sendo duplo ou simples.;"* Material: mangueira corrugada, adaptador,
abraçadeira, terminal escalonado em PP
(Polipropileno) e vedações TPE-V
(Termoplástico Vulcanizado). 
*Processo: Injeção. 
*Cor: Branco. 
*Conexão: terminal escalonado (mm) x
entrada (pol)
*Temperatura: 80 ͦC em regime não contínuo.";"*ABNT NBR 14162 
*ABNT NBR 8133";"*Embalagem autoexplicativa. 
*Fácil instalação, versátil, adaptável a qualquer
válvula. 
*Resistente a corrosão, as solicitações de
esforços mecânicos e altas temperaturas.";MULTISIFAO SIMPLES (TUBO EXTENSIVEL);SIFOES;ACESSÓRIOS;PC;Sacos;330.0;54.0;54.0;12.0;3917.40.90;7897801301596;17897801301593;27897801301590;MULTISIFAO SIMPLES TUBO EXTENSIVEL;TUBO;True;;;0.33;0.33;
861;MULTISIFAO DUPLO (TUBO EXTENSIVEL);SIFOES;Projetado para ligar a válvula de escoamento ao ponto de esgoto mesmo estando desalinhado do eixo simétrico da válvula.;Utilizada em sistema de esgoto residencial, comercial e industrial de esgoto, podendo ser instalado em locais como: cuba de pia, lavatório e tanque, etc, sendo duplo ou simples.;"* Material: mangueira corrugada, adaptador,
abraçadeira, terminal escalonado em PP
(Polipropileno) e vedações TPE-V
(Termoplástico Vulcanizado). 
*Processo: Injeção. 
*Cor: Branco. 
*Conexão: terminal escalonado (mm) x
entrada (pol)
*Temperatura: 80 ͦC em regime não contínuo.";"*ABNT NBR 14162 
*ABNT NBR 8133";"*Embalagem autoexplicativa. 
*Fácil instalação, versátil, adaptável a qualquer
válvula. 
*Resistente a corrosão, as solicitações de
esforços mecânicos e altas temperaturas.";MULTISIFAO DUPLO (TUBO EXTENSIVEL);SIFOES;ACESSÓRIOS;PC;Sacos;340.0;140.0;140.0;12.0;3917.40.90;7897801301817;17897801301814;27897801301811;MULTISIFAO DUPLO TUBO EXTENSIVEL;TUBO;True;;;0.34;0.34;
862;MULTISIFAO SIMPLES (TUBO EXTENSIVEL) COM 48;SIFOES;Projetado para ligar a válvula de escoamento ao ponto de esgoto mesmo estando desalinhado do eixo simétrico da válvula.;Utilizada em sistema de esgoto residencial, comercial e industrial de esgoto, podendo ser instalado em locais como: cuba de pia, lavatório e tanque, etc, sendo duplo ou simples.;"* Material: mangueira corrugada, adaptador,
abraçadeira, terminal escalonado em PP
(Polipropileno) e vedações TPE-V
(Termoplástico Vulcanizado). 
*Processo: Injeção. 
*Cor: Branco. 
*Conexão: terminal escalonado (mm) x
entrada (pol)
*Temperatura: 80 ͦC em regime não contínuo.";"*ABNT NBR 14162 
*ABNT NBR 8133";"*Embalagem autoexplicativa. 
*Fácil instalação, versátil, adaptável a qualquer
válvula. 
*Resistente a corrosão, as solicitações de
esforços mecânicos e altas temperaturas.";MULTISIFAO SIMPLES (TUBO EXTENSIVEL) COM 48;SIFOES;ACESSÓRIOS;PC;Sacos;330.0;54.0;54.0;48.0;3917.40.90;7897801318013;17897801318010;27897801318017;MULTISIFAO SIMPLES TUBO EXTENSIVEL COM 48;TUBO;True;;;0.33;0.33;
87;RALO LINEAR PVC SIFONADO 75CM SAIDA CENTRAL POLIDO KRONA;CAIXAS E RALOS;;;;;;RALO LINEAR PVC SIFONADO 75CM SAIDA CENTRAL POLIDO KRONA;CAIXAS E RALOS;ESGOTO;PC;Caixa;773.0;33.0;100.0;1.0;3917.40.90;7898708518476;17898708518473;27898708518470;RALO LINEAR PVC SIFONADO 75CM SAIDA CENTRAL POLIDO KRONA;;False;;;0.773;0.773;
870;TE RED SOLD - 85 X 60MM;CONEXOES SOLDAVEIS;;;;;;TE RED SOLD - 85 X 60MM;CONEXOES SOLDAVEIS;AF;PC;Sacos;170.0;100.0;130.0;2.0;3917.40.90;7897801312349;17897801312346;27897801312343;TE RED SOLDAVEL - 85 X 60MM;TE;False;60.0;;0.17;0.17;60.0
872;TE RED SOLD - 110 X 60MM;CONEXOES SOLDAVEIS;;;;;;TE RED SOLD - 110 X 60MM;CONEXOES SOLDAVEIS;AF;PC;Sacos;130.0;200.0;180.0;1.0;3917.40.90;7897801312356;17897801312353;27897801312350;TE RED SOLDAVEL - 110 X 60MM;TE;False;60.0;;0.13;0.13;60.0
873;TE RED SOLD - 110 X 75MM;CONEXOES SOLDAVEIS;;;;;;TE RED SOLD - 110 X 75MM;CONEXOES SOLDAVEIS;AF;PC;Sacos;210.0;130.0;200.0;1.0;3917.40.90;7897801312363;17897801312360;27897801312367;TE RED SOLDAVEL - 110 X 75MM;TE;False;75.0;;0.21;0.21;75.0
874;TE RED SOLD - 60 X 25MM;CONEXOES SOLDAVEIS;;;;;;TE RED SOLD - 60 X 25MM;CONEXOES SOLDAVEIS;AF;PC;Sacos;100.0;100.0;90.0;10.0;3917.40.90;7897801312714;17897801312711;27897801312718;TE RED SOLDAVEL - 60 X 25MM;TE;False;25.0;;0.1;0.1;25.0
875;LUVA DE CORRER ROSCAVEL 1/2;CONEXOES ROSCAVEIS;;;;;;LUVA DE CORRER ROSCAVEL 1/2;CONEXOES ROSCAVEIS;AF;PC;Sacos;45.0;30.0;30.0;12.0;3917.40.90;7897801312776;17897801312773;27897801312770;LUVA DE CORRER ROSCAVEL 1 2;LUVA;False;;;0.045;0.045;
876;LUVA DE CORRER ROSCAVEL 3/4;CONEXOES ROSCAVEIS;;;;;;LUVA DE CORRER ROSCAVEL 3/4;CONEXOES ROSCAVEIS;AF;PC;Sacos;50.0;40.0;40.0;12.0;3917.40.90;7897801312783;17897801312780;27897801312787;LUVA DE CORRER ROSCAVEL 3 4;LUVA;False;;;0.05;0.05;
88;SIFAO 50MM PARA RALOS KRONA;CAIXAS E RALOS;;;;;;SIFAO 50MM PARA RALOS KRONA;CAIXAS E RALOS;ESGOTO;PC;Blister;50.0;80.0;50.0;1.0;3917.40.90;7898708518483;17898708518480;27898708518487;SIFAO 50MM PARA RALOS KRONA;;False;50.0;;0.05;0.05;50.0
89;BOLSA ACOPLAVEL CX SIFONADA 100MM PVC;CAIXAS E RALOS;;;;;;BOLSA ACOPLAVEL CX SIFONADA 100MM PVC;CAIXAS E RALOS;ESGOTO;PC;Sacos;95.0;30.0;95.0;1.0;3917.40.90;7898708518490;17898708518497;27898708518494;BOLSA ACOPLAVEL CX SIFONADA 100MM PVC;;False;100.0;;0.095;0.095;100.0
90;BOLSA ACOPLAVEL CX SIFONADA 150MM PVC;CAIXAS E RALOS;;;;;;BOLSA ACOPLAVEL CX SIFONADA 150MM PVC;CAIXAS E RALOS;ESGOTO;PC;Sacos;143.0;30.0;143.0;1.0;3917.40.90;7898708518506;17898708518503;27898708518500;BOLSA ACOPLAVEL CX SIFONADA 150MM PVC;;False;150.0;;0.143;0.143;150.0
904;CX.SIFONADA NR.05 QUAD.BRANCA 100 X 100 X 50;CAIXAS E RALOS;;;;;;CX.SIFONADA NR.05 QUAD.BRANCA 100 X 100 X 50;CAIXAS E RALOS;ESGOTO;PC;Caixas;143.0;104.0;143.0;12.0;3917.40.90;7897801302180;17897801302187;27897801302184;CX.SIFONADA NR.05 QUAD.BRANCA 100 X 100 X 50;;False;;;0.143;0.143;
906;CX.SIFONADA NR.07 RED.BRANCA 100 X 100 X 50;CAIXAS E RALOS;;;;;;CX.SIFONADA NR.07 RED.BRANCA   100 X 100 X 50;CAIXAS E RALOS;ESGOTO;PC;Caixas;143.0;104.0;143.0;12.0;3917.40.90;7897801302173;17897801302170;27897801302177;CX.SIFONADA NR.07 RED.BRANCA 100 X 100 X 50;;False;;;0.143;0.143;
908;CX.SIFONADA NR.09 QUAD.BRANCA 100 X 150 X 50;CAIXAS E RALOS;;;;;;CX.SIFONADA NR.09 QUAD.BRANCA 100 X 150 X 50;CAIXAS E RALOS;ESGOTO;PC;Caixas;145.0;158.0;145.0;6.0;3917.40.90;7897801311052;17897801311059;27897801311056;CX.SIFONADA NR.09 QUAD.BRANCA 100 X 150 X 50;;False;;;0.145;0.145;
910;CX. SIFONADA NR.11 RED. BRANCA 100X150X50;CAIXAS E RALOS;;;;;;CX. SIFONADA NR.11 RED. BRANCA 100X150X50;CAIXAS E RALOS;ESGOTO;PC;Caixas;190.0;155.0;150.0;6.0;3917.40.90;7897801311069;17897801311066;27897801311063;CX. SIFONADA NR.11 RED. BRANCA 100X150X50;;False;;;0.19;0.19;
912;CX.SIF.NR.13 C/GRELHA QUADR.BR.150 X 150 X 50;CAIXAS E RALOS;;;;;;CX.SIF.NR.13 C/GRELHA QUADR.BR.150 X 150 X 50;CAIXAS E RALOS;ESGOTO;PC;Caixas;155.0;155.0;22.5;6.0;3917.40.90;7897801302982;17897801302989;27897801302986;CX.SIF.NR.13 C GRELHA QUADR.BR.150 X 150 X 50;;False;;;0.155;0.155;
914;CX.SIF.NR.15 C/GRELHA RED.BR.150 X 150 X 50;CAIXAS E RALOS;;;;;;CX.SIF.NR.15 C/GRELHA RED.BR.150 X 150 X 50;CAIXAS E RALOS;ESGOTO;PC;Caixas;225.0;150.0;213.5;6.0;3917.40.90;7897801302999;17897801302996;27897801302993;CX.SIF.NR.15 C GRELHA RED.BR.150 X 150 X 50;;False;;;0.225;0.225;
916;CX.SIF.NR.17 C/GRELHA QUADR.BR.150 X 185 X 75;CAIXAS E RALOS;;;;;;CX.SIF.NR.17 C/GRELHA QUADR.BR.150 X 185 X 75;CAIXAS E RALOS;ESGOTO;PC;Caixas;213.5;185.0;213.5;6.0;3917.40.90;7897801308267;17897801308264;27897801308261;CX.SIF.NR.17 C GRELHA QUADR.BR.150 X 185 X 75;;False;;;0.2135;0.2135;
918;CX.SIF.NR.19 C/GRELHA RED.BR.150 X 185 X 75;CAIXAS E RALOS;;;;;;CX.SIF.NR.19 C/GRELHA RED.BR.150 X 185 X 75;CAIXAS E RALOS;ESGOTO;PC;Caixas;213.5;185.0;213.5;6.0;3917.40.90;7897801308274;17897801308271;27897801308278;CX.SIF.NR.19 C GRELHA RED.BR.150 X 185 X 75;;False;;;0.2135;0.2135;
922;RALO SIF.N.37 RED.C/ GRELHA RED.100 X 38 X 40;CAIXAS E RALOS;;;;;;RALO SIF.N.37 RED.C/ GRELHA RED.100 X 38 X 40;CAIXAS E RALOS;ESGOTO;PC;Caixas;110.0;60.0;110.0;20.0;3917.40.90;7897801302753;17897801302750;27897801302757;RALO SIF.N.37 RED.C GRELHA RED.100 X 38 X 40;;False;;;0.11;0.11;
924;CX.SIF. NR.21 QUAD. DN 250 X 172 X 50;CAIXAS E RALOS;;;;;;CX.SIF. NR.21 QUAD. DN 250 X 172 X 50;CAIXAS E RALOS;ESGOTO;PC;Caixas;305.7;172.0;305.7;4.0;3917.40.90;7897801308441;17897801308448;27897801308445;CX.SIF. NR.21 QUAD. DN 250 X 172 X 50;;False;250.0;;0.30569999999999997;0.30569999999999997;250.0
925;CX.SIF. NR.22 QUAD. DN 250 X 230 X 75;CAIXAS E RALOS;;;;;;CX.SIF. NR.22 QUAD. DN 250 X 230 X 75;CAIXAS E RALOS;ESGOTO;PC;Caixas;305.7;230.0;305.7;4.0;3917.40.90;7897801308502;17897801308509;27897801308506;CX.SIF. NR.22 QUAD. DN 250 X 230 X 75;;False;250.0;;0.30569999999999997;0.30569999999999997;250.0
926;CX.SIF. NR.23 RED. DN 250 X 172 X 50;CAIXAS E RALOS;;;;;;CX.SIF. NR.23 RED. DN 250 X 172 X 50;CAIXAS E RALOS;ESGOTO;PC;Caixas;305.7;172.0;305.7;4.0;3917.40.90;7897801308410;17897801308417;27897801308414;CX.SIF. NR.23 RED. DN 250 X 172 X 50;;False;250.0;;0.30569999999999997;0.30569999999999997;250.0
927;CX.SIF. NR.24 RED. DN 250 X 230 X 75;CAIXAS E RALOS;;;;;;CX.SIF. NR.24 RED. DN 250 X 230 X 75;CAIXAS E RALOS;ESGOTO;PC;Caixas;305.7;230.0;305.7;4.0;3917.40.90;7897801308519;17897801308516;27897801308513;CX.SIF. NR.24 RED. DN 250 X 230 X 75;;False;250.0;;0.30569999999999997;0.30569999999999997;250.0
928;CORPO CAIXA SIFONADA NR.28 100 X 100 X 50;CAIXAS E RALOS;;;;;;CORPO CAIXA SIFONADA NR.28 100 X 100 X 50;CAIXAS E RALOS;ESGOTO;PC;Caixas;100.0;50.0;100.0;6.0;3917.40.90;7897801308489;17897801308486;27897801308483;CORPO CAIXA SIFONADA NR.28 100 X 100 X 50;;False;;;0.1;0.1;
929;CORPO CAIXA SIFONADA NR.31 150 X 150 X 50;CAIXAS E RALOS;;;;;;CORPO CAIXA SIFONADA NR.31 150 X 150 X 50;CAIXAS E RALOS;ESGOTO;PC;Caixas;213.5;150.0;23.5;6.0;3917.40.90;7897801308496;17897801308493;27897801308490;CORPO CAIXA SIFONADA NR.31 150 X 150 X 50;;False;;;0.2135;0.2135;
930;CORPO CX. SIFONADA NR.32 100X150X50;CAIXAS E RALOS;;;;;;CORPO CX. SIFONADA NR.32 100X150X50;CAIXAS E RALOS;ESGOTO;PC;Caixas;176.0;150.0;176.0;6.0;3917.40.90;7897801311076;17897801311073;27897801311070;CORPO CX. SIFONADA NR.32 100X150X50;;False;;;0.176;0.176;
931;RALO SIFONADO QUADR.NR.43 BR. 100 X 52 X 40;CAIXAS E RALOS;;;;;;RALO SIFONADO QUADR.NR.43 BR. 100 X 52 X 40;CAIXAS E RALOS;ESGOTO;PC;Caixas;122.0;53.0;96.0;20.0;3917.40.90;7897801302746;17897801302743;27897801302740;RALO SIFONADO QUADR.NR.43 BR. 100 X 52 X 40;;False;;;0.122;0.122;
936;GRELHA NR.50 QUADR.BR.P/CX.SIFONADA 100;CAIXAS E RALOS;;;;;;GRELHA NR.50 QUADR.BR.P/CX.SIFONADA 100;CAIXAS E RALOS;ESGOTO;PC;Sacos;100.0;10.0;100.0;12.0;3917.40.90;7897801307093;17897801307090;27897801307097;GRELHA NR.50 QUADR.BR.P CX.SIFONADA 100;;False;;;0.1;0.1;
937;GRELHA NR.51 QUADR.CROMADA CX.SIF.100;CAIXAS E RALOS;;;;;;GRELHA NR.51 QUADR.CROMADA CX.SIF.100;CAIXAS E RALOS;ESGOTO;PC;Sacos;100.0;10.0;100.0;12.0;3917.40.90;7897801306621;17897801306628;27897801306625;GRELHA NR.51 QUADR.CROMADA CX.SIF.100;;False;;;0.1;0.1;
938;GRELHA NR.52 QUADR.BRANCA CX.SIF.150;CAIXAS E RALOS;;;;;;GRELHA NR.52 QUADR.BRANCA       CX.SIF.150;CAIXAS E RALOS;ESGOTO;PC;Sacos;150.0;10.0;150.0;12.0;3917.40.90;7897801303897;17897801303894;27897801303891;GRELHA NR.52 QUADR.BRANCA CX.SIF.150;;False;;;0.15;0.15;
939;GRELHA NR.53 QUADR.CROMADA CX.SIF.150;CAIXAS E RALOS;;;;;;GRELHA NR.53 QUADR.CROMADA    CX.SIF.150;CAIXAS E RALOS;ESGOTO;PC;Sacos;150.0;10.0;150.0;12.0;3917.40.90;7897801303903;17897801303900;27897801303907;GRELHA NR.53 QUADR.CROMADA CX.SIF.150;;False;;;0.15;0.15;
940;GRELHA NR.54 REDONDA BRANCA CX.SIF.100;CAIXAS E RALOS;;;;;;GRELHA NR.54 REDONDA BRANCA   CX.SIF.100;CAIXAS E RALOS;ESGOTO;PC;Sacos;100.0;100.0;10.0;12.0;3917.40.90;7897801307109;17897801307106;27897801307103;GRELHA NR.54 REDONDA BRANCA CX.SIF.100;;False;;;0.1;0.1;
941;GRELHA NR.55 REDONDA CROMADA CX.SIF.100;CAIXAS E RALOS;;;;;;GRELHA NR.55 REDONDA CROMADA  CX.SIF.100;CAIXAS E RALOS;ESGOTO;PC;Sacos;100.0;10.0;100.0;12.0;3917.40.90;7897801306638;17897801306635;27897801306632;GRELHA NR.55 REDONDA CROMADA CX.SIF.100;;False;;;0.1;0.1;
942;GRELHA NR.56 REDONDA BRANCA CX.SIF.150;CAIXAS E RALOS;;;;;;GRELHA NR.56 REDONDA BRANCA     CX.SIF.150;CAIXAS E RALOS;ESGOTO;PC;Sacos;150.0;10.0;150.0;12.0;3917.40.90;7897801303910;17897801303917;27897801303914;GRELHA NR.56 REDONDA BRANCA CX.SIF.150;;False;;;0.15;0.15;
943;GRELHA NR.57 REDONDA CROMADA CX.SIF.150;CAIXAS E RALOS;;;;;;GRELHA NR.57 REDONDA CROMADA  CX.SIF.150;CAIXAS E RALOS;ESGOTO;PC;Sacos;150.0;10.0;150.0;12.0;3917.40.90;7897801303927;17897801303924;27897801303921;GRELHA NR.57 REDONDA CROMADA CX.SIF.150;;False;;;0.15;0.15;
944;PORTA GRELHA NR.58 QUADR.BRANCA CX.SIF. 100;CAIXAS E RALOS;;;;;;PORTA GRELHA NR.58 QUADR.BRANCA  CX.SIF. 100;CAIXAS E RALOS;ESGOTO;PC;Sacos;100.0;10.0;100.0;12.0;3917.40.90;7897801307246;17897801307243;27897801307240;PORTA GRELHA NR.58 QUADR.BRANCA CX.SIF. 100;;False;;;0.1;0.1;
946;PORTA GRELHA NR.60 QUADR.CROMADO CX.SIF.100;CAIXAS E RALOS;;;;;;PORTA GRELHA NR.60 QUADR.CROMADO CX.SIF.100;CAIXAS E RALOS;ESGOTO;PC;Sacos;100.0;10.0;100.0;12.0;3917.40.90;7897801306645;17897801306642;27897801306649;PORTA GRELHA NR.60 QUADR.CROMADO CX.SIF.100;;False;;;0.1;0.1;
947;PORTA GRELHA NR.61 QUADR.BRANCA .CX.SIF.150;CAIXAS E RALOS;;;;;;PORTA GRELHA NR.61 QUADR.BRANCA .CX.SIF.150;CAIXAS E RALOS;ESGOTO;PC;Sacos;150.0;10.0;150.0;12.0;3917.40.90;7897801303941;17897801303948;27897801303945;PORTA GRELHA NR.61 QUADR.BRANCA .CX.SIF.150;;False;;;0.15;0.15;
949;PORTA GRELHA NR.63 QUADR.CROMADO CX.SIF.150;CAIXAS E RALOS;;;;;;PORTA GRELHA NR.63 QUADR.CROMADO CX.SIF.150;CAIXAS E RALOS;ESGOTO;PC;Sacos;150.0;10.0;150.0;12.0;3917.40.90;7897801306591;17897801306598;27897801306595;PORTA GRELHA NR.63 QUADR.CROMADO CX.SIF.150;;False;;;0.15;0.15;
950;PORTA GRELHA NR.64 RED.BR.CX.SIF.100X100X50;CAIXAS E RALOS;;;;;;PORTA GRELHA NR.64 RED.BR.CX.SIF.100X100X50;CAIXAS E RALOS;ESGOTO;PC;Sacos;100.0;10.0;100.0;12.0;3917.40.90;7897801307116;17897801307113;27897801307110;PORTA GRELHA NR.64 RED.BR.CX.SIF.100X100X50;;False;;;0.1;0.1;
952;PORTA GRELHA NR.66 RED.CROMADO CX.SIF.100;CAIXAS E RALOS;;;;;;PORTA GRELHA NR.66 RED.CROMADO CX.SIF.100;CAIXAS E RALOS;ESGOTO;PC;Sacos;100.0;10.0;100.0;12.0;3917.40.90;7897801306652;17897801306659;27897801306656;PORTA GRELHA NR.66 RED.CROMADO CX.SIF.100;;False;;;0.1;0.1;
953;PORTA GRELHA NR.67 RED.BR.CX.SIF.150X150X50;CAIXAS E RALOS;;;;;;PORTA GRELHA NR.67 RED.BR.CX.SIF.150X150X50;CAIXAS E RALOS;ESGOTO;PC;Sacos;150.0;10.0;150.0;12.0;3917.40.90;7897801303934;17897801303931;27897801303938;PORTA GRELHA NR.67 RED.BR.CX.SIF.150X150X50;;False;;;0.15;0.15;
955;PORTA GRELHA NR.69 RED.CROMADO CX.SIF.150;CAIXAS E RALOS;;;;;;PORTA GRELHA NR.69 RED.CROMADO CX.SIF.150;CAIXAS E RALOS;ESGOTO;PC;Sacos;150.0;10.0;150.0;12.0;3917.40.90;7897801306607;17897801306604;27897801306601;PORTA GRELHA NR.69 RED.CROMADO CX.SIF.150;;False;;;0.15;0.15;
956;PORTA GRELHA RED.NR.70 CX 250;CAIXAS E RALOS;;;;;;PORTA GRELHA RED.NR.70 CX 250;CAIXAS E RALOS;ESGOTO;PC;Sacos;250.0;20.0;250.0;4.0;3917.40.90;7897801308465;17897801308462;27897801308469;PORTA GRELHA RED.NR.70 CX 250;;False;;;0.25;0.25;
957;PORTA GRELHA QUAD.NR.71 CX 250;CAIXAS E RALOS;;;;;;PORTA GRELHA QUAD.NR.71 CX 250;CAIXAS E RALOS;ESGOTO;PC;Sacos;250.0;20.0;250.0;4.0;3917.40.90;7897801308472;17897801308479;27897801308476;PORTA GRELHA QUAD.NR.71 CX 250;;False;;;0.25;0.25;
958;TAMPA REDONDA NR.72 P/ CX SIF.250;CAIXAS E RALOS;;;;;;TAMPA REDONDA NR.72 P/ CX SIF.250;CAIXAS E RALOS;ESGOTO;PC;Sacos;250.0;20.0;250.0;4.0;3917.40.90;7897801308458;17897801308455;27897801308452;TAMPA REDONDA NR.72 P CX SIF.250;TAMPA;False;;;0.25;0.25;
960;VALVULA P/POCO C/FILTRO - 3/4;VALVULAS P/ POCO COM FILTRO;Permitir a passagem de água em apenas uma direção e assim proporcionar um tubo de sucção repleto de água. Sobre a bomba, ela tem a função de evitar a cavitação (ar na bomba) além de restringir a presença de resíduos sólidos no seu rotor.;Utilizada em instalação hidráulica residencial, comercial e industrial de forma submersa. Por exemplo: Cisternas, reservatórios, poços ou qualquer outra tubulação vertical de sucção de água fria potável.;"*Matéria Prima: PVC (Policloreto de Vinila)
*Processo: Injeção
*Bloqueio por obturador
*Temperatura Nominal: 25 ͦC
*Pressão Nominal: 7,5 kgf/cm²";"*ABNT NBR ISO7
*ABNT NBR 5626";"*Não utiliza anel de vedação, obturador.
* Fechamento hermético e unidirecional.
*Fácil manutenção, crivo roscável.";VALVULA P/POCO C/FILTRO - 3/4;VALVULAS P/ POCO COM FILTRO;ESGOTO;PC;Sacos;87.0;40.0;40.0;6.0;8481.30.00;7897801307918;17897801307915;27897801307912;VALVULA P POCO C FILTRO - 3 4;VALVULA;False;;;0.087;0.087;
961;VALVULA P/POCO C/FILTRO - 1;VALVULAS P/ POCO COM FILTRO;Permitir a passagem de água em apenas uma direção e assim proporcionar um tubo de sucção repleto de água. Sobre a bomba, ela tem a função de evitar a cavitação (ar na bomba) além de restringir a presença de resíduos sólidos no seu rotor.;Utilizada em instalação hidráulica residencial, comercial e industrial de forma submersa. Por exemplo: Cisternas, reservatórios, poços ou qualquer outra tubulação vertical de sucção de água fria potável.;"*Matéria Prima: PVC (Policloreto de Vinila)
*Processo: Injeção
*Bloqueio por obturador
*Temperatura Nominal: 25 ͦC
*Pressão Nominal: 7,5 kgf/cm²";"*ABNT NBR ISO7
*ABNT NBR 5626";"*Não utiliza anel de vedação, obturador.
* Fechamento hermético e unidirecional.
*Fácil manutenção, crivo roscável.";VALVULA P/POCO C/FILTRO - 1;VALVULAS P/ POCO COM FILTRO;ESGOTO;PC;Sacos;110.0;47.0;47.0;6.0;8481.30.00;7897801307925;17897801307922;27897801307929;VALVULA P POCO C FILTRO - 1;VALVULA;False;;;0.11;0.11;
962;VALVULA P/POCO C/FILTRO - 1.1/2;VALVULAS P/ POCO COM FILTRO;Permitir a passagem de água em apenas uma direção e assim proporcionar um tubo de sucção repleto de água. Sobre a bomba, ela tem a função de evitar a cavitação (ar na bomba) além de restringir a presença de resíduos sólidos no seu rotor.;Utilizada em instalação hidráulica residencial, comercial e industrial de forma submersa. Por exemplo: Cisternas, reservatórios, poços ou qualquer outra tubulação vertical de sucção de água fria potável.;"*Matéria Prima: PVC (Policloreto de Vinila)
*Processo: Injeção
*Bloqueio por obturador
*Temperatura Nominal: 25 ͦC
*Pressão Nominal: 7,5 kgf/cm²";"*ABNT NBR ISO7
*ABNT NBR 5626";"*Não utiliza anel de vedação, obturador.
* Fechamento hermético e unidirecional.
*Fácil manutenção, crivo roscável.";VALVULA P/POCO C/FILTRO - 1.1/2;VALVULAS P/ POCO COM FILTRO;ESGOTO;PC;Sacos;123.0;61.0;61.0;3.0;8481.30.00;7897801307932;17897801307939;27897801307936;VALVULA P POCO C FILTRO - 1.1 2;VALVULA;False;;;0.123;0.123;
963;VALVULA P/POCO C/FILTRO - 2;VALVULAS P/ POCO COM FILTRO;Permitir a passagem de água em apenas uma direção e assim proporcionar um tubo de sucção repleto de água. Sobre a bomba, ela tem a função de evitar a cavitação (ar na bomba) além de restringir a presença de resíduos sólidos no seu rotor.;Utilizada em instalação hidráulica residencial, comercial e industrial de forma submersa. Por exemplo: Cisternas, reservatórios, poços ou qualquer outra tubulação vertical de sucção de água fria potável.;"*Matéria Prima: PVC (Policloreto de Vinila)
*Processo: Injeção
*Bloqueio por obturador
*Temperatura Nominal: 25 ͦC
*Pressão Nominal: 7,5 kgf/cm²";"*ABNT NBR ISO7
*ABNT NBR 5626";"*Não utiliza anel de vedação, obturador.
* Fechamento hermético e unidirecional.
*Fácil manutenção, crivo roscável.";VALVULA P/POCO C/FILTRO - 2;VALVULAS P/ POCO COM FILTRO;ESGOTO;PC;Sacos;138.0;74.0;74.0;2.0;8481.30.00;7897801307949;17897801307946;27897801307943;VALVULA P POCO C FILTRO - 2;VALVULA;False;;;0.138;0.138;
964;PROLONGAMENTO DN 250 X 200MM;PROLONGAMENTOS P/ CAIXA SIFONADA;;;;;;PROLONGAMENTO DN 250 X 200MM;PROLONGAMENTOS P/ CAIXA SIFONADA;ESGOTO;PC;Sacos;246.0;201.0;246.0;1.0;3917.23.00;7897801311014;17897801311011;27897801311018;PROLONGAMENTO DN 250 X 200MM;;False;250.0;;0.246;0.246;250.0
965;PROLONGAMENTO CAIXA SIFONADA DN 150 X 150MM;PROLONGAMENTOS P/ CAIXA SIFONADA;;;;;;PROLONGAMENTO CAIXA SIFONADA DN 150 X 150MM;PROLONGAMENTOS P/ CAIXA SIFONADA;ESGOTO;PC;Sacos;150.0;150.0;150.0;10.0;3917.23.00;7897801308076;17897801308073;27897801308070;PROLONGAMENTO CAIXA SIFONADA DN 150 X 150MM;;False;150.0;;0.15;0.15;150.0
966;PROLONGAMENTO CAIXA SIFONADA DN 150 X 200MM;PROLONGAMENTOS P/ CAIXA SIFONADA;;;;;;PROLONGAMENTO CAIXA SIFONADA DN 150 X 200MM;PROLONGAMENTOS P/ CAIXA SIFONADA;ESGOTO;PC;Sacos;150.0;200.0;150.0;10.0;3917.23.00;7897801308083;17897801308080;27897801308087;PROLONGAMENTO CAIXA SIFONADA DN 150 X 200MM;;False;150.0;;0.15;0.15;150.0
967;CORPO CAIXA SIFONADA NR.33 150 X 185 X 75;CAIXAS E RALOS;;;;;;CORPO CAIXA SIFONADA NR.33 150 X 185 X 75;CAIXAS E RALOS;ESGOTO;PC;Caixas;213.5;185.0;213.5;6.0;3917.40.90;7897801308540;17897801308547;27897801308544;CORPO CAIXA SIFONADA NR.33 150 X 185 X 75;;False;;;0.2135;0.2135;
968;CORPO CAIXA SIFONADA NR.34 250 X 172 X 50;CAIXAS E RALOS;;;;;;CORPO CAIXA SIFONADA NR.34 250 X 172 X 50;CAIXAS E RALOS;ESGOTO;PC;Caixas;305.7;172.0;305.7;4.0;3917.40.90;7897801308533;17897801308530;27897801308537;CORPO CAIXA SIFONADA NR.34 250 X 172 X 50;;False;;;0.30569999999999997;0.30569999999999997;
969;CORPO CAIXA SIFONADA NR.35 250 X 230 X 75;CAIXAS E RALOS;;;;;;CORPO CAIXA SIFONADA NR.35 250 X 230 X 75;CAIXAS E RALOS;ESGOTO;PC;Caixas;305.7;230.0;305.7;4.0;3917.40.90;7897801308526;17897801308523;27897801308520;CORPO CAIXA SIFONADA NR.35 250 X 230 X 75;;False;;;0.30569999999999997;0.30569999999999997;
983;CAIXA SIF QUADRADA CROM 7 ENTRADAS 150X150X50;CAIXAS E RALOS;;;;;;CAIXA SIF QUADRADA CROM 7 ENTRADAS 150X150X50;CAIXAS E RALOS;ESGOTO;PC;caixas;230.0;170.0;200.0;6.0;3917.40.90;7897801314046;17897801314043;27897801314040;CAIXA SIF QUADRADA CROM 7 ENTRADAS 150X150X50;;False;;;0.23;0.23;
984;CAIXA SIF REDONDA CROM 7 ENTRADAS 150X150X50;CAIXAS E RALOS;;;;;;CAIXA SIF REDONDA CROM 7 ENTRADAS 150X150X50;CAIXAS E RALOS;ESGOTO;PC;Caixas;230.0;170.0;200.0;6.0;3917.40.90;7897801314053;17897801314050;27897801314057;CAIXA SIF REDONDA CROM 7 ENTRADAS 150X150X50;;False;;;0.23;0.23;
985;CAIXA SIF QUADRADA CROM 3 ENTRADAS 100X100X50;CAIXAS E RALOS;;;;;;CAIXA SIF QUADRADA CROM 3 ENTRADAS 100X100X50;CAIXAS E RALOS;ESGOTO;PC;caixas;180.0;110.0;150.0;985.0;3917.40.90;7897801314060;17897801314067;27897801314064;CAIXA SIF QUADRADA CROM 3 ENTRADAS 100X100X50;;False;;;0.18;0.18;
986;CAIXA SIF REDONDA CROM 3 ENTRADAS 100X100X50;CAIXAS E RALOS;;;;;;CAIXA SIF REDONDA CROM 3 ENTRADAS 100X100X50;CAIXAS E RALOS;ESGOTO;PC;Caixas;150.0;110.0;170.0;12.0;3917.40.90;7897801314077;17897801314074;27897801314071;CAIXA SIF REDONDA CROM 3 ENTRADAS 100X100X50;;False;;;0.15;0.15;
